code,name,market,industry,close,cap_e8,tv60_e8,rev_g4,rev_g1,rev_cons36,rev_ttm_dd,pe,pb,yield,roe,peg,px_cagr5,px_mdd5,px_since,full5y,rev_end,s_g4,s_cons,s_roe,s_val,s_res,s_dd,s_yld,score,rank
3293,鈊象,TPEX,文化創意業,780.0,2198.0,18.44,20.9,16.4,1.0,-0.6,18.02,14.54,4.62,80.7,0.86,43.9,-38.0,2021-10-06,True,2026-08,0.796,0.984,1.0,0.888,0.955,0.85,0.888,0.908,1
2345,智邦,TWSE,通信網路業,2050.0,11503.0,70.45,48.7,70.3,0.92,-2.3,32.21,16.6,0.73,51.5,0.66,57.5,-44.0,2021-10-06,True,2026-08,0.981,0.896,0.959,0.925,0.912,0.728,0.291,0.888,2
3017,奇鋐,TWSE,電腦及週邊設備業,3685.0,14470.0,115.59,39.5,89.7,1.0,-2.8,49.12,26.21,0.57,53.4,1.24,122.0,-57.5,2021-10-06,True,2026-08,0.942,0.984,0.966,0.844,0.899,0.321,0.228,0.839,3
6446,藥華藥,TWSE,生技醫療業,1175.0,4964.0,47.19,80.6,73.0,1.0,-0.5,57.54,11.92,0.22,20.7,0.71,82.5,-53.7,2021-10-06,True,2026-08,0.996,0.984,0.711,0.913,0.962,0.429,0.105,0.823,4
6669,緯穎,TWSE,電腦及週邊設備業,2290.0,12829.0,102.14,48.2,65.6,0.86,-25.0,7.34,3.12,7.17,42.5,0.15,57.9,-47.0,2021-10-06,True,2026-08,0.977,0.772,0.939,0.986,0.415,0.65,0.986,0.823,5
5289,宜鼎,TPEX,電腦及週邊設備業,1265.0,1243.0,29.03,53.9,435.0,0.86,-25.1,7.03,5.23,1.35,74.4,0.13,56.1,-41.7,2021-10-06,True,2026-08,0.988,0.772,0.997,0.995,0.408,0.755,0.446,0.821,6
2330,台積電,TWSE,半導體業,2585.0,670352.0,672.08,23.9,34.1,0.92,-6.3,29.96,10.42,0.85,34.8,1.25,37.5,-44.8,2021-10-06,True,2026-08,0.815,0.896,0.912,0.84,0.818,0.701,0.34,0.814,7
3260,威剛,TPEX,半導體業,370.0,1245.0,36.74,34.5,172.8,0.83,-25.0,4.78,3.04,4.59,63.6,0.14,45.1,-44.3,2021-10-06,True,2026-08,0.919,0.712,0.98,0.99,0.415,0.719,0.884,0.81,8
3036,文曄,TWSE,電子通路業,215.0,2732.0,19.33,38.9,85.6,0.89,-3.7,11.04,2.19,3.63,19.8,0.28,36.0,-53.3,2021-10-06,True,2026-08,0.938,0.838,0.684,0.973,0.876,0.439,0.779,0.809,9
6197,佳必琪,TWSE,電子零組件業,365.0,451.0,6.14,20.2,20.7,0.94,-2.0,30.85,7.93,1.9,25.7,1.53,68.8,-46.6,2021-10-06,True,2026-08,0.788,0.928,0.806,0.801,0.924,0.656,0.534,0.808,10
8210,勤誠,TWSE,電腦及週邊設備業,885.0,1112.0,14.68,28.7,56.2,0.89,-13.1,23.2,8.89,1.58,38.3,0.81,68.0,-45.7,2021-10-06,True,2026-08,0.869,0.838,0.922,0.901,0.644,0.673,0.474,0.805,11
2382,廣達,TWSE,電腦及週邊設備業,333.5,13699.0,63.39,28.9,84.8,0.86,-17.9,14.53,5.28,4.68,36.3,0.5,41.1,-47.7,2021-10-06,True,2026-08,0.873,0.772,0.915,0.934,0.554,0.629,0.891,0.801,12
2890,永豐金,TWSE,金融保險業,45.4,6711.0,12.25,20.8,46.8,0.94,-1.7,17.13,2.48,2.86,14.5,0.82,34.1,-26.0,2021-10-06,True,2026-08,0.792,0.928,0.519,0.895,0.928,0.952,0.653,0.798,13
2376,技嘉,TWSE,電腦及週邊設備業,380.0,2546.0,25.18,41.7,46.9,0.94,-20.7,14.22,3.83,3.16,26.9,0.34,42.3,-51.3,2021-10-06,True,2026-08,0.954,0.928,0.823,0.963,0.48,0.509,0.709,0.797,14
6223,旺矽,TPEX,半導體業,5670.0,5556.0,55.2,25.1,44.8,1.0,-0.4,121.41,34.93,0.39,28.8,4.84,125.9,-50.2,2021-10-06,True,2026-08,0.842,0.984,0.857,0.565,0.969,0.565,0.167,0.796,15
2368,金像電,TWSE,電子零組件業,1260.0,6589.0,92.94,29.1,70.8,0.92,-8.7,45.23,15.46,0.78,34.2,1.55,82.8,-51.4,2021-10-06,True,2026-08,0.877,0.896,0.908,0.793,0.752,0.502,0.31,0.793,16
2618,長榮航,TWSE,航運業,41.55,2244.0,12.8,17.4,11.7,0.86,-2.5,8.75,1.61,4.81,18.4,0.5,22.7,-37.5,2021-10-06,True,2026-08,0.754,0.772,0.634,0.934,0.905,0.857,0.901,0.791,17
2059,川湖,TWSE,電子零組件業,13100.0,12484.0,62.98,47.8,138.0,0.92,-26.6,72.22,36.98,0.39,51.2,1.51,105.4,-41.2,2021-10-06,True,2026-08,0.973,0.896,0.952,0.81,0.374,0.769,0.167,0.79,18
2383,台光電,TWSE,電子零組件業,5995.0,21481.0,117.95,39.6,77.8,1.0,-13.6,93.75,36.82,0.42,39.3,2.37,100.8,-52.1,2021-10-06,True,2026-08,0.946,0.984,0.932,0.69,0.635,0.464,0.182,0.79,19
2912,統一超,TWSE,貿易百貨業,210.5,2188.0,5.82,6.7,4.8,0.97,-0.1,18.96,5.34,4.28,28.2,2.84,-2.4,-29.4,2021-10-06,True,2026-08,0.485,0.955,0.849,0.653,0.982,0.935,0.859,0.783,20
8932,智通*,TPEX,其他業,90.1,384.0,3.53,28.1,16.4,0.97,-28.8,42.7,13.0,1.46,30.4,1.52,91.1,-33.7,2021-10-06,True,2026-08,0.862,0.955,0.879,0.806,0.317,0.896,0.456,0.775,21
3231,緯創,TWSE,電腦及週邊設備業,189.5,6026.0,117.55,37.1,107.4,0.86,-12.0,15.05,3.11,2.9,20.7,0.41,53.0,-51.6,2021-10-06,True,2026-08,0.935,0.772,0.711,0.956,0.68,0.488,0.663,0.771,22
6005,群益證,TWSE,金融保險業,32.75,804.0,2.53,34.7,77.9,0.89,-38.1,6.09,1.37,5.22,22.5,0.18,27.3,-34.3,2021-10-06,True,2026-08,0.925,0.838,0.759,0.983,0.189,0.878,0.929,0.77,23
2451,創見,TWSE,半導體業,279.0,1203.0,15.48,40.5,320.1,0.69,-31.0,4.85,3.13,4.22,64.5,0.12,41.5,-38.4,2021-10-06,True,2026-08,0.95,0.45,0.986,1.0,0.273,0.844,0.854,0.77,24
6691,洋基工程,TWSE,其他電子業,787.0,1051.0,5.18,30.5,86.1,0.69,-19.6,23.54,12.8,2.8,54.4,0.77,52.8,-39.6,2021-10-06,True,2026-08,0.888,0.45,0.973,0.908,0.52,0.799,0.645,0.765,25
2884,玉山金,TWSE,金融保險業,45.45,8055.0,17.58,17.0,24.2,0.92,-6.1,18.86,2.61,3.08,13.8,1.11,18.3,-30.4,2021-10-06,True,2026-08,0.748,0.896,0.497,0.857,0.826,0.929,0.687,0.758,26
2308,台達電,TWSE,電子零組件業,2050.0,53250.0,218.3,18.4,42.1,0.83,-2.1,65.25,18.13,0.57,27.8,3.55,55.3,-40.4,2021-10-06,True,2026-08,0.769,0.712,0.844,0.605,0.919,0.793,0.228,0.757,27
1519,華城,TWSE,電機機械,696.0,2418.0,11.18,31.8,3.4,0.89,-17.8,45.55,23.88,1.72,52.4,1.43,92.9,-64.9,2021-10-06,True,2026-08,0.9,0.838,0.963,0.816,0.558,0.165,0.5,0.75,28
4979,華星光,TPEX,通信網路業,568.0,811.0,47.79,50.0,15.5,0.89,-5.4,92.96,18.22,0.38,19.6,1.86,105.1,-58.5,2021-10-06,True,2026-08,0.985,0.838,0.67,0.76,0.849,0.284,0.156,0.746,29
3702,大聯大,TWSE,電子通路業,119.0,2084.0,12.34,15.1,41.9,0.94,-18.0,10.19,2.14,3.06,21.0,0.67,26.4,-46.0,2021-10-06,True,2026-08,0.723,0.928,0.719,0.92,0.55,0.663,0.682,0.739,30
6805,富世達,TWSE,電子零組件業,2415.0,1656.0,32.78,33.6,48.8,1.0,-20.7,51.66,19.82,0.52,38.4,1.54,68.3,-65.7,2021-10-06,True,2026-08,0.904,0.984,0.925,0.796,0.48,0.153,0.221,0.737,31
2357,華碩,TWSE,電腦及週邊設備業,1000.0,7428.0,33.6,13.6,39.3,0.92,-13.9,14.62,2.46,4.2,16.8,1.07,33.9,-37.8,2021-10-06,True,2026-08,0.692,0.896,0.597,0.864,0.624,0.854,0.85,0.735,32
4904,遠傳,TWSE,通信網路業,104.5,3770.0,8.06,7.6,11.5,0.94,-0.3,25.43,4.38,3.65,17.2,3.35,15.7,-22.5,2021-10-06,True,2026-08,0.515,0.928,0.607,0.619,0.975,0.966,0.787,0.733,33
2855,統一證,TWSE,金融保險業,58.5,937.0,2.32,45.9,173.6,0.69,-49.1,6.07,1.95,3.61,32.1,0.13,31.1,-32.8,2021-10-06,True,2026-08,0.969,0.45,0.893,0.995,0.092,0.912,0.776,0.732,34
2812,台中銀,TWSE,金融保險業,18.7,1201.0,3.48,11.5,16.0,0.89,-1.4,11.13,1.17,5.67,10.5,0.97,18.8,-20.4,2021-10-06,True,2026-08,0.652,0.838,0.344,0.876,0.937,0.976,0.942,0.73,35
2360,致茂,TWSE,其他電子業,2350.0,9993.0,56.88,24.4,86.9,0.86,-18.3,59.95,30.17,0.83,50.3,2.46,69.2,-51.2,2021-10-06,True,2026-08,0.825,0.772,0.949,0.673,0.543,0.514,0.337,0.729,36
1216,統一,TWSE,食品工業,73.7,4188.0,11.13,8.0,2.8,0.86,-0.5,17.8,3.07,4.07,17.2,2.22,5.8,-21.0,2021-10-06,True,2026-08,0.542,0.772,0.607,0.702,0.962,0.973,0.837,0.726,37
6442,光聖,TWSE,通信網路業,1650.0,1350.0,39.2,45.0,39.2,0.86,-14.1,48.82,9.91,0.68,20.3,1.08,121.0,-55.3,2021-10-07,True,2026-08,0.965,0.772,0.697,0.861,0.613,0.378,0.279,0.726,38
6214,精誠,TWSE,資訊服務業,188.5,513.0,4.22,15.2,32.7,0.78,-3.2,17.6,2.79,3.18,15.9,1.16,22.7,-39.2,2021-10-06,True,2026-08,0.727,0.594,0.57,0.854,0.888,0.821,0.721,0.722,39
3653,健策,TWSE,電子零組件業,7080.0,10422.0,71.5,25.0,37.3,0.83,-4.3,159.78,44.06,0.31,27.6,6.38,91.3,-52.0,2021-10-06,True,2026-08,0.837,0.712,0.838,0.531,0.871,0.471,0.136,0.721,40
2880,華南金,TWSE,金融保險業,45.45,6389.0,9.57,10.4,17.4,0.89,-2.1,19.68,2.62,3.19,13.3,1.89,23.3,-22.3,2021-10-06,True,2026-08,0.619,0.838,0.464,0.755,0.919,0.969,0.724,0.72,41
2887,台新新光金,TWSE,金融保險業,41.45,10410.0,23.63,34.7,115.4,0.81,-8.8,15.35,1.53,2.65,10.0,0.44,26.0,-33.7,2021-10-06,True,2026-08,0.925,0.651,0.315,0.947,0.748,0.896,0.622,0.72,42
5434,崇越,TWSE,電子通路業,619.0,1201.0,5.71,11.7,20.3,0.78,-8.2,23.17,5.46,2.17,23.6,1.98,42.1,-34.0,2021-10-06,True,2026-08,0.662,0.594,0.779,0.733,0.775,0.888,0.565,0.717,43
8299,群聯,TPEX,半導體業,2090.0,4622.0,94.62,31.0,220.8,0.81,-34.1,9.58,4.53,1.11,47.3,0.31,46.9,-51.1,2021-10-06,True,2026-08,0.894,0.651,0.942,0.969,0.241,0.519,0.396,0.714,44
3324,雙鴻,TPEX,其他電子業,1530.0,1424.0,42.68,23.1,80.4,0.86,-16.7,35.29,10.74,0.78,30.4,1.53,60.7,-58.0,2021-10-06,True,2026-08,0.808,0.772,0.879,0.801,0.581,0.294,0.31,0.706,45
6139,亞翔,TWSE,其他電子業,795.0,1873.0,25.28,34.2,78.0,0.67,-31.9,16.02,9.05,2.89,56.5,0.47,104.0,-50.1,2021-10-06,True,2026-08,0.915,0.39,0.976,0.942,0.263,0.571,0.656,0.706,46
1513,中興電,TWSE,電機機械,167.0,840.0,4.69,10.9,3.6,0.89,-7.3,18.79,3.96,3.59,21.1,1.73,33.2,-54.8,2021-10-06,True,2026-08,0.633,0.838,0.726,0.77,0.797,0.393,0.769,0.703,47
5536,聖暉*,TPEX,其他電子業,994.0,1233.0,10.37,17.5,24.3,0.83,-13.7,24.84,7.42,2.01,29.9,1.42,47.5,-58.5,2021-10-06,True,2026-08,0.76,0.712,0.871,0.82,0.629,0.284,0.551,0.703,48
2404,漢唐,TWSE,其他電子業,1335.0,2544.0,21.22,28.6,71.5,0.56,-33.3,20.13,14.08,3.0,69.9,0.71,59.0,-39.3,2021-10-06,True,2026-08,0.865,0.254,0.99,0.913,0.252,0.816,0.672,0.697,49
3583,辛耘,TWSE,半導體業,762.0,639.0,7.24,21.7,9.1,0.94,-0.2,46.75,6.27,0.75,13.4,2.15,66.9,-59.6,2021-10-06,True,2026-08,0.804,0.928,0.473,0.711,0.978,0.276,0.299,0.695,50
3131,弘塑,TPEX,其他電子業,2530.0,755.0,12.33,17.7,35.8,0.81,-12.0,44.79,23.01,1.82,51.4,2.54,56.2,-64.3,2021-10-06,True,2026-08,0.765,0.651,0.956,0.667,0.68,0.184,0.514,0.693,51
2421,建準,TWSE,電子零組件業,173.0,496.0,5.45,11.4,23.8,0.83,-9.6,18.6,4.7,3.03,25.3,1.63,41.3,-54.5,2021-10-06,True,2026-08,0.644,0.712,0.801,0.779,0.739,0.406,0.677,0.691,52
1785,光洋科,TPEX,其他電子業,110.5,659.0,7.87,17.0,54.1,0.94,-32.7,16.52,4.06,1.81,24.6,0.97,20.1,-50.3,2021-10-06,True,2026-08,0.748,0.928,0.789,0.876,0.255,0.554,0.51,0.691,53
8112,至上,TWSE,電子通路業,84.0,475.0,10.99,24.2,121.4,0.78,-37.0,6.35,2.07,4.52,32.6,0.26,23.3,-54.6,2021-10-06,True,2026-08,0.819,0.594,0.901,0.976,0.212,0.401,0.881,0.688,54
3533,嘉澤,TWSE,電子零組件業,1865.0,2099.0,23.71,10.2,15.1,0.83,-9.8,22.74,5.12,1.87,22.5,2.22,31.3,-47.9,2021-10-06,True,2026-08,0.612,0.712,0.759,0.702,0.73,0.619,0.531,0.68,55
3044,健鼎,TWSE,電子零組件業,579.0,3043.0,15.72,8.0,30.4,0.89,-13.6,24.81,5.46,2.19,22.0,3.1,45.4,-39.1,2021-10-06,True,2026-08,0.542,0.838,0.747,0.633,0.635,0.827,0.568,0.68,56
8926,台汽電,TWSE,油電燃氣業,58.9,489.0,2.26,80.5,494.5,0.67,-35.3,16.18,2.46,3.6,15.2,0.2,15.4,-31.1,2021-10-06,True,2026-08,0.992,0.39,0.539,0.98,0.237,0.925,0.772,0.679,57
6414,樺漢,TWSE,電腦及週邊設備業,400.5,606.0,10.27,13.2,18.1,0.75,-4.7,16.63,2.11,3.44,12.7,1.26,22.6,-38.3,2021-10-06,True,2026-08,0.681,0.543,0.437,0.837,0.862,0.847,0.748,0.674,58
8996,高力,TWSE,電機機械,1600.0,1496.0,43.15,44.9,114.3,0.75,-13.0,107.74,29.05,0.29,27.0,2.4,109.1,-66.5,2021-10-06,True,2026-08,0.962,0.543,0.827,0.684,0.647,0.145,0.133,0.674,59
3529,力旺,TPEX,半導體業,3115.0,2326.0,34.25,10.7,17.8,0.86,-6.9,104.5,66.7,0.66,63.8,9.73,11.0,-63.2,2021-10-06,True,2026-08,0.623,0.772,0.983,0.497,0.806,0.204,0.269,0.673,60
5274,信驊,TPEX,半導體業,18985.0,7895.0,49.55,29.7,55.4,0.89,-39.9,126.64,92.11,0.43,72.7,4.26,59.2,-56.3,2021-10-06,True,2026-08,0.881,0.838,0.993,0.575,0.174,0.352,0.189,0.673,61
3045,台灣大,TWSE,通信網路業,123.0,4580.0,12.44,5.5,3.3,0.78,-0.9,23.25,4.45,3.85,19.1,4.22,8.7,-14.2,2021-10-06,True,2026-08,0.446,0.594,0.655,0.578,0.948,1.0,0.816,0.672,62
2633,台灣高鐵,TWSE,航運業,25.65,1444.0,1.23,13.4,3.9,0.81,-7.3,21.02,2.06,4.48,9.8,1.57,0.9,-19.2,2021-10-06,True,2026-08,0.688,0.651,0.306,0.787,0.797,0.983,0.876,0.671,63
2801,彰銀,TWSE,金融保險業,27.4,3304.0,7.24,11.6,12.9,0.78,-1.1,16.12,1.4,3.83,8.7,1.39,17.4,-14.3,2021-10-06,True,2026-08,0.658,0.594,0.257,0.827,0.942,0.997,0.811,0.669,64
3005,神基,TWSE,電腦及週邊設備業,118.5,740.0,3.65,7.9,10.5,0.72,-5.8,14.07,2.9,5.73,20.6,1.78,25.3,-45.0,2021-10-06,True,2026-08,0.533,0.493,0.704,0.765,0.836,0.694,0.949,0.667,65
2610,華航,TWSE,航運業,20.1,1235.0,6.29,10.1,13.0,0.81,-5.8,9.31,1.23,4.03,13.2,0.92,7.2,-45.9,2021-10-06,True,2026-08,0.608,0.651,0.457,0.884,0.836,0.667,0.83,0.663,66
4749,新應材,TPEX,半導體業,801.0,759.0,5.95,25.6,21.2,0.86,-6.1,62.14,7.18,1.0,11.6,2.43,38.0,-53.5,2022-02-16,False,2026-08,0.85,0.772,0.406,0.68,0.826,0.432,0.371,0.663,67
2885,元大金,TWSE,金融保險業,69.3,9608.0,17.31,17.5,61.0,0.81,-28.5,16.23,2.41,3.17,14.8,0.93,31.8,-26.6,2021-10-06,True,2026-08,0.76,0.651,0.527,0.881,0.327,0.947,0.716,0.661,68
6274,台燿,TPEX,電子零組件業,1755.0,5256.0,98.25,24.6,78.7,0.97,-26.7,89.13,21.75,0.43,24.4,3.62,86.2,-60.2,2021-10-06,True,2026-08,0.831,0.955,0.786,0.599,0.371,0.252,0.189,0.658,69
6831,邁科,TWSE,電腦及週邊設備業,497.5,336.0,5.37,25.0,35.3,0.92,-16.3,89.8,12.23,0.6,13.6,3.59,68.9,-50.7,2021-10-06,True,2026-08,0.837,0.896,0.488,0.602,0.586,0.544,0.241,0.656,70
3413,京鼎,TWSE,半導體業,293.0,325.0,5.63,14.5,18.0,0.81,-14.4,14.59,1.96,3.75,13.4,1.01,14.2,-46.8,2021-10-06,True,2026-08,0.719,0.651,0.473,0.871,0.604,0.653,0.803,0.655,71
2207,和泰車,TWSE,汽車工業,515.0,2869.0,1.88,7.5,9.9,0.58,-6.3,12.67,3.35,3.88,26.4,1.7,1.0,-42.4,2021-10-06,True,2026-08,0.51,0.29,0.82,0.776,0.818,0.747,0.82,0.651,72
3706,神達,TWSE,電腦及週邊設備業,80.3,1066.0,9.39,34.1,49.1,0.83,-25.7,14.34,1.4,4.98,9.8,0.42,33.3,-51.4,2021-10-06,True,2026-08,0.912,0.712,0.306,0.952,0.39,0.502,0.918,0.646,73
6683,雍智科技,TPEX,半導體業,1505.0,415.0,13.4,13.8,24.9,0.89,-8.4,67.19,14.67,0.6,21.8,4.86,45.1,-67.0,2021-10-06,True,2026-08,0.698,0.838,0.738,0.561,0.77,0.133,0.241,0.645,74
6290,良維,TPEX,電子零組件業,290.0,492.0,8.91,7.4,12.6,0.89,-11.8,30.88,6.24,2.14,20.2,4.16,45.3,-47.1,2021-10-06,True,2026-08,0.504,0.838,0.69,0.582,0.696,0.646,0.561,0.645,75
1795,美時,TWSE,生技醫療業,176.0,475.0,2.24,25.5,58.5,0.67,-12.3,12.44,1.93,1.53,15.5,0.49,16.0,-52.3,2021-10-06,True,2026-08,0.846,0.39,0.553,0.939,0.669,0.454,0.466,0.644,76
2851,中再保,TWSE,金融保險業,46.2,370.0,1.31,3.6,15.4,0.64,-11.4,4.38,1.41,4.76,32.2,1.22,18.0,-41.6,2021-10-06,True,2026-08,0.398,0.336,0.898,0.849,0.705,0.76,0.896,0.641,77
5269,祥碩,TWSE,半導體業,1470.0,1090.0,8.82,23.4,17.7,0.81,-20.4,15.68,3.04,3.09,19.4,0.67,0.7,-72.1,2021-10-06,True,2026-08,0.812,0.651,0.665,0.92,0.487,0.071,0.69,0.64,78
3443,創意,TWSE,半導體業,8375.0,11223.0,107.66,27.5,104.4,0.58,-12.3,214.69,83.35,0.24,38.8,7.82,79.1,-54.8,2021-10-06,True,2026-08,0.856,0.29,0.929,0.517,0.669,0.393,0.109,0.64,79
3596,智易,TWSE,通信網路業,156.0,344.0,1.76,6.2,4.8,0.72,-8.5,12.0,2.09,5.77,17.4,1.94,17.1,-35.8,2021-10-06,True,2026-08,0.471,0.493,0.616,0.748,0.763,0.869,0.956,0.639,80
2356,英業達,TWSE,電腦及週邊設備業,58.6,2102.0,15.84,12.1,22.7,0.78,-8.5,18.9,2.71,3.41,14.3,1.57,21.9,-51.6,2021-10-06,True,2026-08,0.671,0.594,0.514,0.787,0.763,0.488,0.745,0.639,81
3167,大量,TWSE,電機機械,1020.0,913.0,32.48,30.0,113.2,0.97,-72.4,71.53,21.26,0.38,29.7,2.38,75.3,-64.6,2021-10-06,True,2026-08,0.885,0.955,0.867,0.687,0.018,0.173,0.156,0.634,82
2347,聯強,TWSE,電子通路業,95.8,1598.0,3.95,10.0,57.7,0.67,-11.3,13.11,1.85,4.38,14.1,1.31,19.7,-31.4,2021-10-06,True,2026-08,0.598,0.39,0.505,0.833,0.709,0.918,0.864,0.634,83
5880,合庫金,TWSE,金融保險業,25.95,4171.0,5.78,9.1,6.8,0.81,-5.7,16.96,1.4,4.05,8.3,1.86,9.9,-18.0,2021-10-06,True,2026-08,0.577,0.651,0.248,0.76,0.842,0.986,0.833,0.634,84
9939,宏全,TWSE,其他業,126.5,374.0,1.67,5.9,0.7,0.67,-3.4,11.5,1.89,4.9,16.4,1.96,18.1,-33.0,2021-10-06,True,2026-08,0.456,0.39,0.585,0.741,0.885,0.905,0.91,0.632,85
3030,德律,TWSE,其他電子業,308.0,728.0,4.02,11.5,27.8,0.89,-40.2,23.33,7.48,2.27,32.1,2.03,47.1,-54.9,2021-10-06,True,2026-08,0.652,0.838,0.893,0.721,0.169,0.388,0.578,0.632,86
3090,日電貿,TWSE,電子零組件業,173.0,497.0,13.54,14.2,28.3,0.97,-12.0,22.91,2.68,2.77,11.7,1.61,36.3,-66.5,2021-10-06,True,2026-08,0.706,0.955,0.412,0.782,0.68,0.145,0.639,0.629,87
8028,昇陽半導體,TWSE,半導體業,280.0,514.0,13.74,15.6,25.4,0.72,-11.0,50.18,8.39,0.96,16.7,3.21,48.6,-47.8,2021-10-06,True,2026-08,0.733,0.493,0.592,0.629,0.719,0.622,0.361,0.627,88
2317,鴻海,TWSE,其他電子業,256.0,36034.0,108.13,12.0,32.2,0.86,-12.6,16.88,1.88,2.8,11.1,1.4,24.4,-50.3,2021-10-06,True,2026-08,0.665,0.772,0.376,0.823,0.658,0.554,0.645,0.626,89
2886,兆豐金,TWSE,金融保險業,49.3,7313.0,15.03,11.1,12.8,0.75,-8.1,19.18,1.82,3.55,9.5,1.73,14.3,-31.2,2021-10-06,True,2026-08,0.638,0.543,0.287,0.77,0.781,0.922,0.76,0.623,90
2834,臺企銀,TWSE,金融保險業,17.35,1804.0,9.15,8.5,5.1,0.69,-1.4,12.76,1.09,5.76,8.5,1.5,21.1,-23.8,2021-10-06,True,2026-08,0.56,0.45,0.252,0.813,0.937,0.959,0.952,0.623,91
6515,穎崴,TWSE,半導體業,6130.0,2234.0,32.28,33.7,76.3,0.69,-33.9,100.36,25.92,0.81,25.8,2.98,94.6,-52.1,2021-10-06,True,2026-08,0.908,0.45,0.81,0.646,0.245,0.464,0.327,0.621,92
5904,寶雅,TPEX,居家生活,68.7,731.0,6.79,10.0,11.9,0.89,-0.6,20.21,1.01,3.71,5.0,2.02,12.3,-48.9,2021-10-06,True,2026-08,0.598,0.838,0.146,0.724,0.955,0.6,0.796,0.62,93
3680,家登,TPEX,半導體業,563.0,542.0,8.69,19.8,33.2,0.72,-5.6,37.86,4.17,1.23,11.0,1.91,23.9,-52.0,2021-10-06,True,2026-08,0.785,0.493,0.369,0.752,0.845,0.471,0.425,0.614,94
2412,中華電,TWSE,通信網路業,145.5,11287.0,18.24,3.8,6.5,0.83,-0.9,28.59,3.08,3.57,10.8,7.46,9.5,-16.4,2021-10-06,True,2026-08,0.413,0.712,0.357,0.524,0.948,0.993,0.765,0.614,95
2395,研華,TWSE,電腦及週邊設備業,738.0,6414.0,23.78,8.6,35.8,0.67,-17.4,46.74,11.59,1.51,24.8,5.45,21.8,-32.9,2021-10-06,True,2026-08,0.567,0.39,0.796,0.544,0.565,0.908,0.463,0.613,96
6285,啟碁,TWSE,通信網路業,256.0,1238.0,14.16,14.2,25.8,0.56,-4.7,28.04,3.46,1.68,12.3,1.98,34.4,-38.8,2021-10-06,True,2026-08,0.706,0.254,0.423,0.733,0.862,0.838,0.493,0.61,97
2542,興富發,TWSE,建材營造業,38.2,822.0,4.5,27.5,130.7,0.5,-54.7,8.84,1.63,10.47,18.4,0.32,9.4,-39.0,2021-10-06,True,2026-08,0.856,0.182,0.634,0.966,0.068,0.83,1.0,0.608,98
1560,中砂,TWSE,電機機械,1030.0,1548.0,13.06,8.6,21.8,0.86,-7.8,87.59,17.0,0.48,19.4,10.17,75.5,-55.9,2021-10-06,True,2026-08,0.567,0.772,0.665,0.491,0.784,0.371,0.204,0.605,99
6196,帆宣,TWSE,其他電子業,663.0,1461.0,8.71,10.9,28.5,0.56,-15.5,30.03,8.18,0.97,27.2,2.76,48.2,-45.1,2021-10-06,True,2026-08,0.633,0.254,0.83,0.66,0.597,0.687,0.367,0.605,100
3019,亞光,TWSE,光電業,141.0,394.0,5.87,9.6,14.3,0.89,-16.2,23.78,2.65,3.26,11.1,2.49,18.4,-47.7,2021-10-06,True,2026-08,0.585,0.838,0.376,0.67,0.59,0.629,0.728,0.602,101
6257,矽格,TWSE,半導體業,286.0,1384.0,21.05,4.2,15.7,0.92,-18.1,33.45,5.42,1.49,16.2,7.96,45.0,-35.4,2021-10-06,True,2026-08,0.427,0.896,0.582,0.51,0.547,0.874,0.459,0.601,102
6491,晶碩,TWSE,生技醫療業,396.5,309.0,1.71,7.5,17.3,0.72,-6.8,16.53,2.63,2.52,15.9,2.2,-2.0,-49.6,2021-10-06,True,2026-08,0.51,0.493,0.57,0.707,0.813,0.582,0.616,0.597,103
2892,第一金,TWSE,金融保險業,38.55,5543.0,13.09,5.4,12.6,0.78,-5.2,18.01,1.84,3.37,10.2,3.32,17.5,-17.6,2021-10-06,True,2026-08,0.442,0.594,0.327,0.622,0.853,0.99,0.738,0.591,104
6187,萬潤,TPEX,半導體業,1535.0,1508.0,36.25,31.0,18.8,0.83,-57.7,79.57,17.54,0.76,22.0,2.57,77.9,-63.0,2021-10-06,True,2026-08,0.894,0.712,0.747,0.663,0.061,0.211,0.303,0.591,105
5876,上海商銀,TWSE,金融保險業,48.8,2396.0,4.6,7.1,2.2,0.69,-2.5,13.79,1.11,3.69,8.0,1.95,7.0,-22.9,2021-10-06,True,2026-08,0.498,0.45,0.238,0.745,0.905,0.963,0.793,0.586,106
7856,漢測,TPEX,,4190.0,1383.0,27.88,,,1.0,0.0,155.3,62.5,0.02,40.2,,-2.3,-19.7,2026-09-08,False,2026-08,0.0,0.984,0.935,0.0,0.993,0.98,0.065,0.585,107
3006,晶豪科,TWSE,半導體業,273.5,815.0,34.03,19.4,227.0,0.75,-52.6,8.63,4.1,0.37,47.5,0.44,22.0,-72.2,2021-10-06,True,2026-08,0.773,0.543,0.946,0.947,0.072,0.068,0.15,0.584,108
2408,南亞科,TWSE,半導體業,525.0,18114.0,355.74,36.1,559.0,0.69,-66.9,20.37,5.62,0.26,27.6,0.56,56.7,-68.1,2021-10-06,True,2026-08,0.931,0.45,0.838,0.929,0.031,0.112,0.117,0.582,109
2344,華邦電,TWSE,半導體業,177.5,7988.0,215.94,16.0,131.1,0.72,-29.4,19.57,4.84,0.28,24.7,1.22,50.8,-59.7,2021-10-06,True,2026-08,0.742,0.493,0.793,0.849,0.302,0.272,0.129,0.582,110
2428,興勤,TWSE,電子零組件業,262.5,336.0,3.44,6.2,19.6,0.72,-8.6,18.66,2.85,2.25,15.3,3.01,15.2,-43.9,2021-10-06,True,2026-08,0.471,0.493,0.544,0.641,0.755,0.731,0.575,0.58,111
2889,國票金,TWSE,金融保險業,16.2,594.0,1.8,15.6,74.8,0.81,-43.3,13.28,1.24,3.64,9.3,0.85,6.3,-30.0,2021-10-06,True,2026-08,0.733,0.651,0.279,0.891,0.126,0.932,0.782,0.577,112
3406,玉晶光,TWSE,光電業,1045.0,1178.0,37.52,9.4,15.3,0.78,-11.9,28.27,4.35,1.63,15.4,3.01,24.4,-54.4,2021-10-06,True,2026-08,0.581,0.594,0.548,0.641,0.689,0.413,0.485,0.577,113
8454,富邦媒,TWSE,數位雲端,240.0,636.0,1.52,3.3,0.2,0.69,-3.5,23.1,7.66,4.17,33.2,7.01,-22.8,-84.4,2021-10-06,True,2026-08,0.392,0.45,0.905,0.527,0.881,0.014,0.844,0.575,114
2327,國巨*,TWSE,電子零組件業,625.0,12867.0,295.0,8.5,29.5,0.81,-11.1,42.09,7.27,0.96,17.3,4.97,46.0,-60.0,2021-10-06,True,2026-08,0.56,0.651,0.612,0.558,0.716,0.26,0.361,0.567,115
3491,昇達科,TPEX,通信網路業,1715.0,1180.0,25.01,15.9,55.2,0.75,-19.8,136.33,25.98,0.4,19.1,8.56,88.8,-57.8,2021-10-06,True,2026-08,0.738,0.543,0.655,0.507,0.509,0.308,0.175,0.564,116
3008,大立光,TWSE,光電業,6855.0,8966.0,133.33,8.4,0.1,0.67,-6.9,36.46,4.68,1.17,12.8,4.36,31.2,-42.4,2021-10-06,True,2026-08,0.554,0.39,0.444,0.571,0.806,0.747,0.412,0.559,117
2379,瑞昱,TWSE,半導體業,755.0,3892.0,24.41,3.6,10.7,0.78,-19.9,27.37,7.72,3.31,28.2,7.52,15.5,-56.3,2021-10-06,True,2026-08,0.398,0.594,0.849,0.52,0.504,0.352,0.735,0.558,118
6584,南俊國際,TPEX,電子零組件業,551.0,393.0,4.39,10.0,45.3,0.89,-43.0,52.33,10.55,0.44,20.2,5.25,66.6,-50.8,2021-10-06,True,2026-08,0.598,0.838,0.69,0.551,0.133,0.539,0.194,0.552,119
9945,潤泰新,TWSE,其他業,28.8,819.0,1.9,13.2,38.5,0.67,-16.9,5.03,0.51,3.82,10.1,0.38,-3.5,-56.2,2021-10-06,True,2026-08,0.681,0.39,0.32,0.959,0.576,0.361,0.806,0.551,120
1477,聚陽,TWSE,紡織纖維,203.5,502.0,3.46,1.1,-6.3,0.67,-9.7,13.89,3.64,7.37,26.2,12.89,4.6,-52.5,2021-10-06,True,2026-08,0.31,0.39,0.816,0.463,0.734,0.447,0.993,0.55,121
8021,尖點,TWSE,其他電子業,561.0,814.0,24.23,14.4,63.7,0.89,-29.8,113.1,13.09,0.35,11.6,7.85,80.0,-49.2,2021-10-06,True,2026-08,0.713,0.838,0.406,0.514,0.29,0.592,0.143,0.546,122
2606,裕民,TWSE,航運業,75.3,636.0,4.32,3.9,18.6,0.72,-12.9,11.11,1.58,3.72,14.2,2.88,8.6,-48.9,2021-10-06,True,2026-08,0.419,0.493,0.51,0.65,0.653,0.6,0.799,0.544,123
6944,兆聯實業,TWSE,綠能環保,826.0,823.0,3.74,,52.8,0.83,-2.9,20.52,7.48,2.42,36.5,,65.7,-34.2,2023-04-27,False,2026-08,0.0,0.712,0.918,0.0,0.894,0.881,0.609,0.543,124
7750,新代,TWSE,電機機械,1980.0,1422.0,6.78,,83.4,0.94,-3.7,34.03,10.56,0.81,31.0,,30.4,-40.9,2024-06-18,False,2026-08,0.0,0.928,0.888,0.0,0.876,0.772,0.327,0.542,125
5351,鈺創,TPEX,半導體業,113.0,371.0,19.52,21.6,373.9,0.69,-61.8,17.49,5.15,0.0,29.4,0.81,25.2,-77.6,2021-10-06,True,2026-08,0.8,0.45,0.862,0.901,0.043,0.041,0.032,0.542,126
6472,保瑞,TWSE,生技醫療業,416.5,533.0,3.74,42.6,-1.8,0.53,-28.2,34.34,3.51,2.4,10.2,0.81,30.6,-57.6,2021-10-06,True,2026-08,0.958,0.219,0.327,0.901,0.342,0.316,0.605,0.541,127
7711,永擎,TWSE,電腦及週邊設備業,620.0,445.0,5.77,,76.8,0.91,-4.5,27.29,8.19,1.45,30.0,,18.4,-39.4,2025-11-20,False,2026-08,0.0,0.878,0.874,0.0,0.867,0.81,0.451,0.54,128
2472,立隆電,TWSE,電子零組件業,228.0,376.0,8.57,5.2,17.7,0.83,-17.3,23.22,3.94,1.54,17.0,4.46,36.7,-55.2,2021-10-06,True,2026-08,0.435,0.712,0.602,0.568,0.57,0.381,0.469,0.54,129
2363,矽統,TWSE,半導體業,59.1,304.0,4.02,107.4,92.9,0.92,-44.5,109.44,0.62,1.03,0.6,1.02,16.2,-62.4,2021-10-06,True,2026-08,1.0,0.896,0.054,0.867,0.115,0.218,0.378,0.54,130
8464,億豐,TWSE,居家生活,364.0,1067.0,1.7,1.0,2.1,0.61,-12.9,15.9,3.7,4.4,23.3,16.18,3.7,-41.6,2021-10-06,True,2026-08,0.304,0.315,0.776,0.439,0.653,0.76,0.867,0.54,131
1773,勝一,TWSE,化學工業,182.0,546.0,1.15,2.5,16.6,0.75,-19.7,22.69,4.77,2.2,21.0,9.01,17.6,-45.1,2021-10-06,True,2026-08,0.356,0.543,0.719,0.503,0.514,0.687,0.571,0.539,132
3711,日月光投控,TWSE,半導體業,744.0,33261.0,119.66,3.8,21.5,0.78,-14.1,53.84,8.41,0.88,15.6,14.09,56.0,-40.6,2021-10-06,True,2026-08,0.413,0.594,0.558,0.459,0.613,0.789,0.347,0.538,133
3081,聯亞,TPEX,通信網路業,2920.0,2975.0,89.03,19.7,124.2,0.81,-55.8,251.29,57.24,0.14,22.8,12.73,78.6,-60.0,2021-10-06,True,2026-08,0.779,0.651,0.769,0.466,0.065,0.26,0.085,0.533,134
3023,信邦,TWSE,電子零組件業,317.0,761.0,3.59,4.6,6.6,0.44,-7.5,23.71,4.68,3.15,19.7,5.19,9.5,-47.5,2021-10-06,True,2026-08,0.431,0.112,0.677,0.554,0.788,0.638,0.704,0.533,135
2645,長榮航太,TWSE,航運業,172.5,646.0,6.66,,12.8,0.86,-1.6,22.0,4.82,2.9,21.9,,15.7,-33.9,2022-02-18,False,2026-08,0.0,0.772,0.741,0.0,0.932,0.891,0.663,0.526,136
2845,遠東銀,TWSE,金融保險業,12.85,625.0,1.59,6.5,13.3,0.5,-6.0,12.72,0.87,4.9,6.8,1.97,11.2,-26.6,2021-10-06,True,2026-08,0.481,0.182,0.192,0.738,0.831,0.947,0.91,0.525,137
3264,欣銓,TPEX,半導體業,246.0,1206.0,22.54,5.9,29.0,0.47,-11.5,32.11,5.94,1.71,18.5,5.4,39.9,-41.3,2021-10-06,True,2026-08,0.456,0.142,0.639,0.548,0.701,0.765,0.497,0.524,138
7769,鴻勁,TWSE,半導體業,5905.0,10625.0,49.56,,93.7,1.0,0.0,60.96,18.71,1.1,30.7,,49.1,-57.8,2024-11-01,False,2026-08,0.0,0.984,0.884,0.0,0.993,0.308,0.391,0.524,139
1609,大亞,TWSE,電器電纜,38.35,301.0,1.38,6.0,15.2,0.72,-9.6,14.15,1.61,1.83,11.4,2.36,14.6,-51.7,2021-10-06,True,2026-08,0.462,0.493,0.398,0.696,0.739,0.48,0.519,0.523,140
2891,中信金,TWSE,金融保險業,68.4,13458.0,24.89,7.7,24.6,0.78,-50.5,16.36,1.95,3.65,11.9,2.12,30.3,-32.4,2021-10-06,True,2026-08,0.519,0.594,0.415,0.718,0.083,0.915,0.787,0.517,141
1815,富喬,TPEX,電子零組件業,127.0,744.0,52.22,12.1,44.0,0.81,-42.6,36.81,5.42,0.79,14.7,3.04,57.7,-52.5,2021-10-06,True,2026-08,0.671,0.651,0.524,0.636,0.138,0.447,0.318,0.515,142
1319,東陽,TWSE,汽車工業,78.1,462.0,1.67,3.7,-7.9,0.61,-14.3,12.68,1.71,6.4,13.5,3.43,23.5,-45.1,2021-10-06,True,2026-08,0.406,0.315,0.481,0.616,0.608,0.687,0.969,0.515,143
5234,達興材料,TWSE,光電業,326.5,335.0,1.02,3.7,11.4,0.75,-22.5,38.96,10.11,1.99,25.9,10.61,33.9,-61.5,2021-10-06,True,2026-08,0.406,0.543,0.813,0.486,0.45,0.231,0.546,0.512,144
2454,聯發科,TWSE,半導體業,4920.0,78964.0,370.07,2.5,7.7,0.81,-27.6,81.26,18.51,1.09,22.8,32.65,50.4,-49.8,2021-10-06,True,2026-08,0.356,0.651,0.769,0.405,0.351,0.575,0.386,0.51,145
2449,京元電子,TWSE,半導體業,298.0,3826.0,65.02,3.2,36.1,0.89,-25.2,39.06,5.81,0.5,14.9,12.04,57.4,-48.5,2021-10-06,True,2026-08,0.388,0.838,0.532,0.473,0.401,0.612,0.209,0.508,146
8069,元太,TPEX,光電業,149.0,1720.0,13.08,6.8,-8.6,0.58,-19.5,14.49,2.27,3.95,15.7,2.14,18.9,-56.2,2021-10-06,True,2026-08,0.488,0.29,0.561,0.714,0.525,0.361,0.827,0.505,147
8016,矽創,TWSE,半導體業,296.0,356.0,2.83,1.6,23.3,0.83,-33.8,14.79,2.63,3.89,17.8,9.04,15.4,-48.8,2021-10-06,True,2026-08,0.331,0.712,0.622,0.5,0.248,0.605,0.823,0.503,148
6548,長科*,TPEX,半導體業,76.6,728.0,2.81,1.9,22.8,0.78,-22.9,34.5,5.46,1.76,15.8,17.85,20.5,-39.5,2021-10-06,True,2026-08,0.335,0.594,0.565,0.429,0.435,0.803,0.503,0.499,149
2634,漢翔,TWSE,航運業,64.1,604.0,25.09,7.8,7.2,0.5,-12.5,30.97,3.29,1.22,10.6,3.97,20.4,-33.3,2021-10-06,True,2026-08,0.525,0.182,0.347,0.594,0.662,0.901,0.422,0.498,150
6191,精成科,TWSE,電子零組件業,86.8,433.0,2.11,11.4,40.2,0.56,-22.4,15.12,1.18,3.0,7.8,1.33,26.6,-45.8,2021-10-06,True,2026-08,0.644,0.254,0.235,0.83,0.457,0.67,0.672,0.498,151
6531,愛普*,TWSE,半導體業,1045.0,1705.0,30.13,10.0,89.5,0.83,-44.8,60.27,13.56,0.67,22.5,6.0,24.8,-76.1,2021-10-06,True,2026-08,0.598,0.712,0.759,0.534,0.112,0.051,0.274,0.497,152
2467,志聖,TWSE,電子零組件業,576.0,903.0,7.56,14.4,68.6,0.83,-37.1,57.49,5.74,0.95,10.0,3.99,76.7,-56.2,2021-10-06,True,2026-08,0.713,0.712,0.315,0.588,0.209,0.361,0.354,0.492,153
2441,超豐,TWSE,半導體業,126.5,720.0,6.71,1.3,21.8,1.0,-35.5,23.43,2.62,2.38,11.2,18.36,16.1,-40.8,2021-10-06,True,2026-08,0.325,0.984,0.383,0.425,0.232,0.779,0.597,0.49,154
1503,士電,TWSE,電機機械,197.0,1026.0,3.08,7.8,8.5,0.64,-2.3,27.13,2.65,2.54,9.8,3.49,34.2,-66.7,2021-10-06,True,2026-08,0.525,0.336,0.306,0.611,0.912,0.139,0.619,0.486,155
7751,竑騰,TPEX,半導體業,1590.0,428.0,5.44,,67.0,0.89,0.0,61.63,18.11,1.13,29.4,,38.6,-64.5,2024-06-13,False,2026-08,0.0,0.838,0.862,0.0,0.993,0.179,0.405,0.485,156
2027,大成鋼,TWSE,鋼鐵工業,47.7,1233.0,7.87,2.4,29.4,0.58,-21.8,9.41,1.4,3.14,14.9,3.97,10.0,-39.8,2021-10-06,True,2026-08,0.35,0.29,0.532,0.594,0.464,0.796,0.701,0.481,157
2301,光寶科,TWSE,電腦及週邊設備業,299.0,6925.0,71.37,2.9,24.3,0.67,-22.5,34.97,7.08,1.67,20.2,12.15,42.3,-51.5,2021-10-06,True,2026-08,0.385,0.39,0.69,0.469,0.45,0.495,0.49,0.481,158
4772,台特化,TPEX,化學工業,276.0,408.0,2.01,,203.5,0.97,-13.9,49.82,11.01,1.09,22.1,,19.1,-44.4,2022-09-23,False,2026-08,0.0,0.955,0.752,0.0,0.624,0.713,0.386,0.478,159
8422,可寧衛*,TWSE,綠能環保,25.2,342.0,1.39,8.1,18.9,0.5,-25.1,26.25,3.33,4.76,12.7,3.23,10.7,-51.0,2021-10-06,True,2026-08,0.55,0.182,0.437,0.626,0.408,0.524,0.896,0.473,160
3563,牧德,TWSE,光電業,757.0,484.0,4.74,10.8,16.0,0.67,-58.6,44.42,8.73,1.85,19.7,4.1,31.6,-57.9,2021-10-06,True,2026-08,0.627,0.39,0.677,0.585,0.05,0.301,0.524,0.473,161
2377,微星,TWSE,電腦及週邊設備業,155.0,1310.0,19.7,2.3,-1.8,0.72,-21.2,13.44,2.26,2.71,16.8,5.81,8.9,-56.1,2021-10-06,True,2026-08,0.344,0.493,0.597,0.537,0.471,0.367,0.633,0.472,162
3037,欣興,TWSE,電子零組件業,1310.0,21501.0,226.42,5.3,27.8,0.86,-26.4,87.22,16.82,0.15,19.3,16.36,63.5,-69.8,2021-10-06,True,2026-08,0.438,0.772,0.66,0.435,0.378,0.095,0.092,0.472,163
6640,均華,TPEX,半導體業,1135.0,328.0,4.3,24.4,37.0,0.75,-39.5,67.76,6.33,1.32,9.3,2.78,72.8,-70.4,2021-10-06,True,2026-08,0.825,0.543,0.279,0.656,0.183,0.088,0.439,0.467,164
3693,營邦,TPEX,電腦及週邊設備業,716.0,308.0,8.43,19.7,6.8,0.5,-30.7,46.43,5.86,1.12,12.6,2.36,79.2,-62.1,2021-10-06,True,2026-08,0.779,0.182,0.432,0.696,0.279,0.224,0.401,0.462,165
2313,華通,TWSE,電子零組件業,252.0,3109.0,71.83,2.6,11.2,0.64,-13.4,40.58,6.18,1.11,15.2,15.74,52.1,-51.1,2021-10-06,True,2026-08,0.363,0.336,0.539,0.442,0.64,0.519,0.396,0.461,166
3450,聯鈞,TWSE,半導體業,531.0,774.0,48.61,9.7,13.3,0.64,-25.7,107.71,13.85,0.19,12.9,11.1,61.5,-49.5,2021-10-06,True,2026-08,0.588,0.336,0.449,0.48,0.39,0.587,0.095,0.457,167
6282,康舒,TWSE,電子零組件業,43.8,375.0,4.25,10.3,21.0,0.67,-12.3,35.9,1.65,1.83,4.6,3.49,12.8,-59.9,2021-10-06,True,2026-08,0.615,0.39,0.134,0.611,0.669,0.267,0.519,0.453,168
3374,精材,TPEX,半導體業,487.5,1323.0,53.96,2.6,26.0,0.75,-19.8,76.53,13.42,0.51,17.5,29.64,34.6,-59.9,2021-10-06,True,2026-08,0.363,0.543,0.619,0.408,0.509,0.267,0.216,0.451,169
8358,金居,TPEX,電子零組件業,551.0,1392.0,79.48,5.7,39.7,0.81,-35.5,82.12,14.96,0.36,18.2,14.31,57.8,-61.1,2021-10-06,True,2026-08,0.45,0.651,0.629,0.452,0.232,0.24,0.146,0.447,170
6510,精測,TPEX,半導體業,3055.0,1006.0,22.52,7.1,22.2,0.75,-36.7,72.05,9.93,0.5,13.8,10.17,40.0,-52.3,2021-10-06,True,2026-08,0.498,0.543,0.497,0.491,0.216,0.454,0.209,0.443,171
2006,東和鋼鐵,TWSE,鋼鐵工業,86.6,632.0,2.16,-1.3,0.0,0.5,-10.4,11.5,1.85,4.97,16.1,,15.1,-35.8,2021-10-06,True,2026-08,0.223,0.182,0.578,0.0,0.727,0.869,0.915,0.44,172
6213,聯茂,TWSE,電子零組件業,787.0,2862.0,88.61,8.0,32.4,0.83,-25.9,122.02,12.66,0.38,10.4,15.32,47.5,-63.9,2021-10-06,True,2026-08,0.542,0.712,0.34,0.449,0.385,0.19,0.156,0.44,173
2455,全新,TWSE,通信網路業,567.0,1060.0,45.22,6.9,34.5,0.75,-44.4,138.97,28.71,0.46,20.7,20.11,40.7,-63.4,2021-10-06,True,2026-08,0.492,0.543,0.711,0.418,0.119,0.199,0.197,0.436,174
3042,晶技,TWSE,電子零組件業,204.5,701.0,31.61,0.8,7.2,0.78,-29.0,35.32,4.41,2.35,12.5,46.37,22.5,-45.2,2021-10-06,True,2026-08,0.3,0.594,0.429,0.391,0.313,0.679,0.592,0.433,175
7822,倍利科,TWSE,,976.0,445.0,1.72,,,1.0,0.0,55.08,7.38,0.65,13.4,,22.9,-60.1,2025-03-27,False,2026-08,0.0,0.984,0.473,0.0,0.993,0.255,0.264,0.43,176
2303,聯電,TWSE,半導體業,147.5,18541.0,236.26,-0.3,10.7,0.69,-20.4,22.18,4.17,1.77,18.8,,26.1,-44.9,2021-10-06,True,2026-08,0.26,0.45,0.643,0.0,0.487,0.697,0.507,0.429,177
1476,儒鴻,TWSE,紡織纖維,290.0,796.0,4.72,-1.1,2.7,0.69,-28.7,12.01,2.74,5.17,22.8,,-10.0,-50.9,2021-10-06,True,2026-08,0.231,0.45,0.769,0.0,0.322,0.531,0.925,0.427,178
5469,瀚宇博,TWSE,電子零組件業,80.5,391.0,1.22,6.1,30.9,0.67,-27.6,14.91,0.63,3.13,4.2,2.44,19.1,-44.4,2021-10-06,True,2026-08,0.465,0.39,0.119,0.677,0.351,0.713,0.696,0.425,179
1210,大成,TWSE,食品工業,51.3,459.0,1.0,-0.0,6.2,0.36,-11.2,12.6,1.68,5.85,13.3,,4.4,-24.6,2021-10-06,True,2026-08,0.271,0.058,0.464,0.0,0.712,0.956,0.961,0.42,180
3605,宏致,TWSE,電子零組件業,172.0,301.0,18.9,2.7,12.0,0.81,-24.4,45.26,3.38,0.91,7.5,16.71,34.0,-49.1,2021-10-06,True,2026-08,0.371,0.651,0.223,0.432,0.424,0.595,0.35,0.419,181
1402,遠東新,TWSE,紡織纖維,27.9,1493.0,4.35,0.4,4.1,0.53,-7.4,14.46,0.64,4.48,4.4,33.61,3.6,-36.7,2021-10-06,True,2026-08,0.292,0.219,0.122,0.398,0.791,0.864,0.876,0.419,182
1504,東元,TWSE,電機機械,71.1,1690.0,5.59,2.3,9.8,0.58,-8.5,25.76,1.73,2.81,6.7,11.18,21.9,-50.9,2021-10-06,True,2026-08,0.344,0.29,0.182,0.476,0.763,0.531,0.65,0.414,183
7734,印能科技,TPEX,半導體業,2755.0,771.0,8.22,,40.3,0.79,-2.9,58.07,11.42,0.72,19.7,,20.2,-56.8,2024-03-14,False,2026-08,0.0,0.619,0.677,0.0,0.894,0.337,0.282,0.41,184
6239,力成,TWSE,半導體業,310.5,2357.0,46.57,0.2,28.3,0.67,-22.5,30.74,4.02,1.45,13.1,133.62,31.8,-48.5,2021-10-06,True,2026-08,0.285,0.39,0.452,0.378,0.45,0.612,0.451,0.409,185
2881,富邦金,TWSE,金融保險業,154.5,21641.0,26.8,0.0,22.9,0.75,-75.0,14.44,1.9,2.75,13.2,364.89,24.3,-34.1,2021-10-06,True,2026-08,0.271,0.543,0.457,0.367,0.014,0.884,0.636,0.4,186
1709,和益,TWSE,化學工業,63.3,302.0,7.28,0.2,14.2,0.53,-17.3,31.49,3.36,1.58,10.7,193.69,32.1,-40.8,2021-10-06,True,2026-08,0.285,0.219,0.35,0.374,0.57,0.779,0.474,0.399,187
2354,鴻準,TWSE,其他電子業,62.7,887.0,7.28,13.2,10.8,0.56,-49.1,26.57,0.78,2.39,2.9,2.01,1.1,-50.9,2021-10-06,True,2026-08,0.681,0.254,0.105,0.728,0.092,0.531,0.602,0.399,188
2353,宏碁,TWSE,電腦及週邊設備業,31.05,946.0,6.14,1.3,20.6,0.81,-27.7,18.48,1.21,4.19,6.5,14.27,10.9,-53.4,2021-10-06,True,2026-08,0.325,0.651,0.175,0.456,0.345,0.435,0.847,0.397,189
2486,一詮,TWSE,光電業,241.0,580.0,18.71,6.3,20.4,0.89,-21.2,207.76,9.38,0.21,4.5,33.07,36.9,-73.7,2021-10-06,True,2026-08,0.477,0.838,0.128,0.401,0.471,0.061,0.1,0.392,190
7610,聯友金屬-創,TWSE,綠能環保,1790.0,1044.0,12.97,,452.0,0.72,-16.7,51.38,27.91,0.14,54.3,,103.4,-57.9,2023-03-16,False,2026-08,0.0,0.493,0.969,0.0,0.581,0.301,0.085,0.389,191
6121,新普,TPEX,電腦及週邊設備業,372.5,689.0,3.04,-2.9,5.5,0.47,-18.4,11.25,1.74,5.85,15.5,,13.7,-39.4,2021-10-06,True,2026-08,0.179,0.142,0.553,0.0,0.54,0.81,0.961,0.387,192
2492,華新科,TWSE,電子零組件業,389.5,1890.0,82.48,2.8,16.2,0.89,-25.2,43.76,2.84,0.64,6.5,15.59,24.6,-67.7,2021-10-06,True,2026-08,0.379,0.838,0.175,0.446,0.401,0.119,0.257,0.385,193
6526,達發,TWSE,半導體業,842.0,1410.0,6.05,,7.1,0.86,-23.3,46.7,7.48,1.6,16.0,,5.4,-47.4,2022-06-23,False,2026-08,0.0,0.772,0.575,0.0,0.432,0.643,0.48,0.384,194
8039,台虹,TWSE,電子零組件業,295.5,780.0,78.91,4.0,6.2,0.67,-18.6,93.81,6.96,0.67,7.4,23.17,53.6,-54.5,2021-10-06,True,2026-08,0.423,0.39,0.214,0.412,0.532,0.406,0.274,0.382,195
5483,中美晶,TPEX,半導體業,215.0,1379.0,54.03,1.1,4.9,0.44,-8.2,23.97,2.58,1.63,10.8,21.74,9.1,-61.2,2021-10-06,True,2026-08,0.31,0.112,0.357,0.415,0.775,0.235,0.485,0.371,196
6409,旭隼,TWSE,其他電子業,890.0,785.0,4.88,-1.7,-5.6,0.44,-18.5,34.48,9.88,4.13,28.7,,-8.0,-71.1,2021-10-06,True,2026-08,0.21,0.112,0.854,0.0,0.536,0.078,0.84,0.37,197
9904,寶成,TWSE,運動休閒,24.6,725.0,3.91,-0.7,-4.1,0.5,-9.5,5.21,0.39,5.28,7.5,,-1.1,-40.8,2021-10-06,True,2026-08,0.244,0.182,0.223,0.0,0.745,0.779,0.932,0.369,198
1101,台泥,TWSE,水泥工業,25.2,1896.0,10.0,9.0,-3.5,0.47,-10.9,,0.82,3.17,,,-8.5,-50.4,2021-10-06,True,2026-08,0.573,0.142,0.027,0.0,0.723,0.548,0.716,0.369,199
2371,大同,TWSE,電機機械,30.6,658.0,2.99,13.8,3.3,0.61,-6.9,,1.3,0.0,,,-1.4,-64.5,2021-10-06,True,2026-08,0.698,0.315,0.027,0.0,0.806,0.179,0.032,0.368,200
8150,南茂,TWSE,半導體業,127.5,898.0,49.45,2.0,26.2,0.75,-28.4,39.72,3.59,0.96,9.0,19.98,29.5,-56.5,2021-10-06,True,2026-08,0.338,0.543,0.269,0.422,0.333,0.345,0.361,0.364,201
2481,強茂,TWSE,半導體業,176.0,673.0,46.28,1.2,14.9,0.67,-14.7,46.68,4.47,1.02,9.6,39.91,18.9,-64.9,2021-10-06,True,2026-08,0.317,0.39,0.293,0.395,0.601,0.165,0.374,0.361,202
8070,長華*,TWSE,電子通路業,51.0,370.0,1.54,0.1,23.1,0.75,-28.3,30.18,1.35,5.31,4.5,331.34,17.8,-54.4,2021-10-06,True,2026-08,0.277,0.543,0.128,0.371,0.338,0.413,0.935,0.352,203
2548,華固,TWSE,建材營造業,91.2,306.0,1.3,-1.6,507.3,0.58,-85.3,7.37,1.4,9.32,19.0,,11.6,-44.1,2021-10-06,True,2026-08,0.217,0.29,0.648,0.0,0.007,0.724,0.997,0.351,204
2337,旺宏,TWSE,半導體業,119.5,2368.0,67.52,2.7,109.2,0.67,-52.0,28.32,3.82,0.0,13.5,10.63,32.0,-56.7,2021-10-06,True,2026-08,0.371,0.39,0.481,0.483,0.076,0.34,0.032,0.343,205
2458,義隆,TWSE,半導體業,133.0,404.0,3.61,-6.8,-3.5,0.58,-45.1,12.36,3.4,5.32,27.5,,4.8,-51.5,2021-10-06,True,2026-08,0.081,0.29,0.833,0.0,0.106,0.495,0.939,0.343,206
2312,金寶,TWSE,其他電子業,30.7,462.0,4.04,0.5,1.0,0.47,-15.7,25.8,1.91,1.95,7.4,53.84,23.1,-51.3,2021-10-06,True,2026-08,0.296,0.142,0.214,0.384,0.594,0.509,0.537,0.343,207
7828,創新服務,TPEX,,1840.0,745.0,5.55,,,0.72,0.0,186.61,14.42,0.25,7.7,,48.3,-47.5,2025-05-08,False,2026-08,0.0,0.493,0.231,0.0,0.993,0.638,0.112,0.338,208
5347,世界,TPEX,半導體業,191.0,3588.0,33.79,-0.5,15.4,0.75,-32.1,41.34,5.7,2.34,13.8,,9.7,-61.1,2021-10-06,True,2026-08,0.252,0.543,0.497,0.0,0.259,0.24,0.587,0.336,209
9933,中鼎,TWSE,其他業,45.25,427.0,1.35,-1.7,-16.6,0.42,-30.7,8.35,1.78,2.1,21.3,,11.3,-53.0,2021-10-06,True,2026-08,0.21,0.097,0.731,0.0,0.279,0.442,0.558,0.327,210
3026,禾伸堂,TWSE,電子零組件業,796.0,1320.0,63.94,-0.2,15.6,0.53,-25.5,77.66,12.78,0.73,16.5,,58.3,-57.5,2021-10-06,True,2026-08,0.265,0.219,0.588,0.0,0.396,0.321,0.291,0.323,211
3034,聯詠,TWSE,半導體業,537.0,3268.0,20.89,-5.7,-0.2,0.39,-35.7,18.74,4.74,4.28,25.3,,16.1,-52.2,2021-10-06,True,2026-08,0.11,0.081,0.801,0.0,0.223,0.459,0.859,0.322,212
3715,定穎投控,TWSE,電子零組件業,133.0,377.0,7.68,,36.7,0.94,-0.4,,3.6,0.81,,,48.3,-67.1,2022-08-26,False,2026-08,0.0,0.928,0.027,0.0,0.969,0.128,0.327,0.319,213
2351,順德,TWSE,半導體業,218.5,423.0,10.9,1.2,19.7,0.47,-14.0,55.88,5.18,0.47,9.3,46.67,12.4,-63.4,2021-10-06,True,2026-08,0.317,0.142,0.279,0.388,0.619,0.199,0.201,0.318,214
2105,正新,TWSE,橡膠工業,30.05,974.0,2.14,-1.2,1.1,0.42,-11.8,16.51,1.12,5.99,6.8,,1.7,-50.3,2021-10-06,True,2026-08,0.227,0.097,0.192,0.0,0.696,0.554,0.966,0.318,215
1409,新纖,TWSE,紡織纖維,25.35,410.0,4.04,-3.1,-0.3,0.53,-20.1,11.52,0.85,3.55,7.4,,11.0,-38.9,2021-10-06,True,2026-08,0.169,0.219,0.214,0.0,0.5,0.833,0.76,0.314,216
3189,景碩,TWSE,半導體業,1070.0,5638.0,144.4,2.8,32.9,0.83,-38.0,198.52,12.68,0.14,6.4,70.91,44.0,-73.1,2021-10-06,True,2026-08,0.379,0.712,0.17,0.381,0.194,0.065,0.085,0.314,217
3163,波若威,TPEX,通信網路業,689.0,652.0,23.21,-5.0,20.3,0.61,-42.6,70.31,16.89,0.51,24.0,,92.7,-55.0,2021-10-06,True,2026-08,0.127,0.315,0.782,0.0,0.138,0.384,0.216,0.305,218
4915,致伸,TWSE,電子零組件業,63.5,300.0,2.01,-4.8,12.3,0.47,-29.6,12.83,1.47,7.2,11.5,,10.9,-44.7,2021-10-06,True,2026-08,0.137,0.142,0.401,0.0,0.295,0.704,0.99,0.3,219
2316,楠梓電,TWSE,電子零組件業,174.5,319.0,3.72,-5.0,37.1,0.58,-43.2,12.19,2.19,1.15,18.0,,48.3,-50.2,2021-10-06,True,2026-08,0.127,0.29,0.626,0.0,0.129,0.565,0.408,0.297,220
2385,群光,TWSE,電子零組件業,105.5,808.0,3.47,-6.4,-10.0,0.33,-23.5,11.84,1.72,6.82,14.5,,13.4,-54.1,2021-10-06,True,2026-08,0.092,0.038,0.519,0.0,0.428,0.422,0.983,0.288,221
1717,長興,TWSE,化學工業,74.9,887.0,9.7,-3.6,4.4,0.5,-21.2,39.42,2.82,1.34,7.2,,19.0,-36.8,2021-10-06,True,2026-08,0.162,0.182,0.206,0.0,0.471,0.861,0.442,0.288,222
6278,台表科,TWSE,光電業,234.0,684.0,11.64,-7.9,5.9,0.67,-37.6,23.71,2.92,2.38,12.3,,24.2,-46.4,2021-10-06,True,2026-08,0.06,0.39,0.423,0.0,0.203,0.66,0.597,0.284,223
6173,信昌電,TPEX,電子零組件業,284.0,457.0,35.42,-0.5,19.7,0.83,-41.2,53.48,4.79,0.63,9.0,,45.8,-61.9,2021-10-06,True,2026-08,0.252,0.712,0.269,0.0,0.155,0.228,0.252,0.282,224
2883,凱基金,TWSE,金融保險業,37.65,6391.0,16.21,-5.1,130.4,0.64,-82.2,13.16,1.49,2.66,11.3,,26.9,-39.4,2021-10-06,True,2026-08,0.117,0.336,0.391,0.0,0.011,0.81,0.626,0.272,225
4938,和碩,TWSE,電腦及週邊設備業,90.0,2408.0,10.06,-5.8,0.7,0.42,-24.9,15.18,1.16,4.46,7.6,,12.0,-40.7,2021-10-06,True,2026-08,0.104,0.097,0.228,0.0,0.421,0.786,0.871,0.271,226
2388,威盛,TWSE,半導體業,70.6,393.0,3.87,7.9,-14.1,0.5,-42.5,44.13,1.77,0.07,4.0,5.62,13.0,-75.3,2021-10-06,True,2026-08,0.533,0.182,0.116,0.541,0.144,0.054,0.071,0.268,227
2882,國泰金,TWSE,金融保險業,112.0,16430.0,22.36,-7.3,14.3,0.56,-58.0,13.21,1.61,3.13,12.2,,19.7,-41.9,2021-10-06,True,2026-08,0.069,0.254,0.418,0.0,0.054,0.752,0.696,0.257,228
1605,華新,TWSE,電器電纜,38.75,1717.0,8.78,-0.8,-1.1,0.44,-11.9,11.74,0.84,1.29,7.2,,13.8,-67.5,2021-10-06,True,2026-08,0.238,0.112,0.206,0.0,0.689,0.122,0.434,0.255,229
3211,順達,TPEX,電腦及週邊設備業,395.0,610.0,23.96,-5.7,22.6,0.36,-41.6,53.23,6.81,2.9,12.8,,44.0,-43.6,2021-10-06,True,2026-08,0.11,0.058,0.444,0.0,0.151,0.736,0.663,0.254,230
2049,上銀,TWSE,電機機械,339.5,1201.0,15.3,-2.2,15.1,0.56,-21.9,51.44,3.07,0.59,6.0,,5.3,-50.8,2021-10-06,True,2026-08,0.194,0.254,0.156,0.0,0.46,0.539,0.235,0.252,231
1102,亞泥,TWSE,水泥工業,35.45,1257.0,3.81,-8.0,-8.3,0.25,-28.4,9.79,0.68,6.49,6.9,,1.1,-28.2,2021-10-06,True,2026-08,0.054,0.018,0.201,0.0,0.333,0.939,0.973,0.249,232
7795,長廣,TWSE,電子零組件業,555.0,437.0,6.07,,,0.45,-5.0,245.58,15.4,0.39,6.3,,26.7,-50.2,2024-12-09,False,2026-08,0.0,0.122,0.167,0.0,0.856,0.565,0.167,0.245,233
6147,頎邦,TPEX,半導體業,216.5,1612.0,64.11,-1.0,16.6,0.67,-29.1,52.29,2.76,1.29,5.3,,35.3,-60.7,2021-10-06,True,2026-08,0.235,0.39,0.15,0.0,0.308,0.245,0.434,0.24,234
3481,群創,TWSE,光電業,51.1,4082.0,129.42,-2.3,9.7,0.64,-44.1,65.51,1.81,1.96,2.8,,28.0,-42.5,2021-10-06,True,2026-08,0.188,0.336,0.1,0.0,0.122,0.741,0.541,0.237,235
1590,亞德客-KY,TWSE,電機機械,1195.0,2390.0,11.91,,,,,22.96,4.36,2.44,19.0,,11.5,-43.6,2021-10-06,True,2026-08,0.0,0.0,0.648,0.0,0.0,0.736,0.612,0.234,236
1722,台肥,TWSE,化學工業,41.05,402.0,1.21,-6.8,3.9,0.5,-29.8,48.87,0.76,4.87,1.6,,-6.6,-39.2,2021-10-06,True,2026-08,0.081,0.182,0.078,0.0,0.29,0.821,0.905,0.234,237
6789,采鈺,TWSE,半導體業,484.0,1541.0,7.61,-0.3,1.7,0.64,-30.2,92.37,8.35,0.62,9.0,,3.3,-70.1,2021-10-06,True,2026-08,0.26,0.336,0.269,0.0,0.284,0.092,0.248,0.233,238
2352,佳世達,TWSE,電腦及週邊設備業,28.8,455.0,1.85,-3.7,1.3,0.53,-19.6,37.4,1.14,3.47,3.0,,2.0,-62.9,2021-10-06,True,2026-08,0.158,0.219,0.109,0.0,0.52,0.214,0.752,0.231,239
6176,瑞儀,TWSE,光電業,91.5,319.0,3.42,-5.1,-11.8,0.47,-26.9,11.31,1.16,3.83,10.3,,1.2,-64.7,2021-10-06,True,2026-08,0.117,0.142,0.335,0.0,0.365,0.17,0.811,0.23,240
3665,貿聯-KY,TWSE,其他電子業,2325.0,4640.0,76.56,,,,,42.69,9.15,0.65,21.4,,59.6,-48.5,2021-10-06,True,2026-08,0.0,0.0,0.735,0.0,0.0,0.612,0.264,0.221,241
2367,燿華,TWSE,電子零組件業,47.65,337.0,3.27,-0.7,-5.2,0.5,-17.7,,2.73,0.42,,,24.8,-57.3,2021-10-06,True,2026-08,0.244,0.182,0.027,0.0,0.561,0.327,0.182,0.22,242
3376,新日興,TWSE,電子零組件業,171.5,336.0,7.42,-6.3,-19.0,0.47,-27.3,118.28,2.03,2.33,1.7,,16.1,-44.6,2021-10-06,True,2026-08,0.096,0.142,0.082,0.0,0.356,0.707,0.582,0.215,243
6488,環球晶,TPEX,半導體業,1205.0,5761.0,117.1,-3.0,-3.8,0.33,-20.3,58.5,5.96,0.64,10.2,,13.4,-67.1,2021-10-06,True,2026-08,0.173,0.038,0.327,0.0,0.495,0.128,0.257,0.214,244
6271,同欣電,TWSE,半導體業,238.5,499.0,11.3,-4.3,3.0,0.5,-20.3,26.83,1.83,1.26,6.8,,7.8,-66.0,2021-10-06,True,2026-08,0.146,0.182,0.192,0.0,0.495,0.15,0.429,0.213,245
4763,材料*-KY,TWSE,化學工業,46.8,463.0,4.42,,,,,11.22,2.37,6.52,21.1,,50.7,-63.9,2021-10-06,True,2026-08,0.0,0.0,0.726,0.0,0.0,0.19,0.976,0.213,246
2474,可成,TWSE,其他電子業,206.0,1110.0,5.79,-16.4,-23.2,0.53,-68.0,13.71,0.8,4.99,5.8,,11.4,-28.1,2021-10-06,True,2026-08,0.015,0.219,0.153,0.0,0.025,0.942,0.922,0.211,247
6505,台塑化,TWSE,油電燃氣業,101.5,9669.0,29.77,-4.0,10.4,0.39,-28.7,17.62,1.99,1.18,11.3,,2.6,-67.9,2021-10-06,True,2026-08,0.15,0.081,0.391,0.0,0.322,0.116,0.415,0.209,248
2409,友達,TWSE,光電業,37.45,2826.0,99.1,-2.2,-1.2,0.67,-42.3,156.04,1.83,1.07,1.2,,18.6,-51.7,2021-10-06,True,2026-08,0.194,0.39,0.065,0.0,0.147,0.48,0.381,0.209,249
3035,智原,TWSE,半導體業,210.5,548.0,8.52,0.2,-30.5,0.39,-35.8,82.87,3.2,0.86,3.9,497.61,16.4,-68.5,2021-10-06,True,2026-08,0.285,0.081,0.112,0.364,0.219,0.105,0.344,0.203,250
1802,台玻,TWSE,玻璃陶瓷,59.8,1739.0,15.49,-1.8,10.4,0.47,-26.9,69.53,3.37,0.0,4.8,,19.5,-54.0,2021-10-06,True,2026-08,0.204,0.142,0.143,0.0,0.365,0.425,0.032,0.2,251
2324,仁寶,TWSE,電腦及週邊設備業,35.9,1582.0,26.38,-8.6,4.8,0.36,-39.7,18.04,1.11,3.06,6.2,,13.8,-38.8,2021-10-06,True,2026-08,0.05,0.058,0.163,0.0,0.18,0.838,0.682,0.199,252
2915,潤泰全,TWSE,貿易百貨業,57.6,636.0,1.63,-7.6,-23.7,0.36,-29.1,4.14,0.37,3.3,8.9,,-3.6,-57.2,2021-10-06,True,2026-08,0.065,0.058,0.262,0.0,0.308,0.33,0.731,0.193,253
2201,裕隆,TWSE,汽車工業,28.2,302.0,1.04,-2.1,-6.1,0.36,-19.4,31.69,0.46,1.99,1.5,,-4.9,-68.3,2021-10-06,True,2026-08,0.2,0.058,0.075,0.0,0.529,0.109,0.546,0.191,254
2615,萬海,TWSE,航運業,111.5,3129.0,24.4,-14.5,4.1,0.56,-66.7,7.66,1.08,2.69,14.1,,0.9,-71.9,2021-10-06,True,2026-08,0.019,0.254,0.505,0.0,0.036,0.075,0.629,0.188,255
2603,長榮,TWSE,航運業,236.5,5120.0,26.66,-11.9,-4.5,0.56,-58.8,9.38,0.91,6.77,9.7,,22.5,-60.6,2021-10-06,True,2026-08,0.031,0.254,0.298,0.0,0.047,0.248,0.98,0.186,256
6770,力積電,TWSE,半導體業,74.3,3501.0,120.4,-7.0,34.6,0.72,-47.0,24.77,2.72,0.0,11.0,,4.7,-84.1,2021-10-06,True,2026-08,0.073,0.493,0.369,0.0,0.101,0.017,0.032,0.184,257
2637,慧洋-KY,TWSE,航運業,100.0,746.0,4.3,,,,,11.12,1.51,3.5,13.6,,14.5,-54.3,2021-10-06,True,2026-08,0.0,0.0,0.488,0.0,0.0,0.418,0.755,0.177,258
3105,穩懋,TPEX,半導體業,592.0,2510.0,112.42,-3.3,31.6,0.67,-45.1,69.57,5.73,0.34,8.2,,16.5,-79.4,2021-10-06,True,2026-08,0.165,0.39,0.243,0.0,0.106,0.034,0.139,0.175,259
8046,南電,TWSE,電子零組件業,1505.0,9725.0,155.48,-4.5,38.4,0.58,-50.1,176.85,19.74,0.13,11.2,,33.5,-86.1,2021-10-06,True,2026-08,0.142,0.29,0.383,0.0,0.086,0.01,0.078,0.173,260
6781,AES-KY,TWSE,電子零組件業,1025.0,876.0,6.61,,,,,24.24,4.95,1.86,20.4,,5.1,-75.2,2021-10-06,True,2026-08,0.0,0.0,0.701,0.0,0.0,0.058,0.527,0.172,261
1303,南亞,TWSE,塑膠工業,293.0,23237.0,197.36,-6.7,14.1,0.56,-40.5,47.26,4.86,0.27,10.3,,31.3,-66.8,2021-10-06,True,2026-08,0.088,0.254,0.335,0.0,0.165,0.136,0.124,0.172,262
2609,陽明,TWSE,航運業,59.2,2067.0,25.84,-19.6,-6.1,0.53,-66.9,13.33,0.63,3.38,4.7,,6.3,-45.2,2021-10-06,True,2026-08,0.008,0.219,0.139,0.0,0.031,0.679,0.741,0.172,263
2426,鼎元,TWSE,光電業,105.5,317.0,29.88,-2.9,1.6,0.53,-31.3,1055.0,8.27,0.09,0.8,,40.3,-56.5,2021-10-06,True,2026-08,0.179,0.219,0.06,0.0,0.27,0.345,0.075,0.168,264
3363,上詮,TPEX,通信網路業,650.0,739.0,24.28,-2.5,-3.1,0.64,-41.0,,12.92,0.0,,,94.0,-58.0,2021-10-06,True,2026-08,0.185,0.336,0.027,0.0,0.158,0.294,0.032,0.157,265
1326,台化,TWSE,塑膠工業,73.0,4279.0,28.73,-4.8,3.6,0.47,-27.2,30.93,0.82,0.82,2.7,,-0.1,-70.8,2021-10-06,True,2026-08,0.137,0.142,0.095,0.0,0.36,0.085,0.333,0.154,266
3532,台勝科,TWSE,半導體業,467.0,1811.0,34.49,-1.6,14.1,0.39,-26.1,359.23,7.46,0.21,2.1,,29.8,-81.6,2021-10-06,True,2026-08,0.217,0.081,0.092,0.0,0.381,0.02,0.1,0.149,267
5871,中租-KY,TWSE,其他業,105.0,1833.0,8.64,,,,,9.7,1.05,5.71,10.8,,-8.2,-58.4,2021-10-06,True,2026-08,0.0,0.0,0.357,0.0,0.0,0.289,0.946,0.148,268
6182,合晶,TPEX,半導體業,128.0,800.0,83.26,-3.8,12.8,0.58,-31.8,556.52,4.71,0.0,0.8,,19.4,-80.2,2021-10-06,True,2026-08,0.154,0.29,0.06,0.0,0.266,0.031,0.032,0.139,269
2464,盟立,TWSE,其他電子業,182.5,395.0,24.84,-6.8,9.5,0.36,-38.1,480.26,6.93,0.26,1.4,,39.6,-49.5,2021-10-06,True,2026-08,0.081,0.058,0.07,0.0,0.189,0.587,0.117,0.136,270
6949,沛爾生醫-創,TWSE,生技醫療業,46.75,613.0,3.87,,8.4,0.67,-22.8,,23.85,0.0,,,-14.1,-97.0,2024-03-08,False,2026-08,0.0,0.39,0.027,0.0,0.439,0.003,0.032,0.132,271
6672,騰輝電子-KY,TWSE,電子零組件業,459.5,375.0,16.05,,,,,69.41,7.81,0.73,11.3,,36.6,-55.7,2021-10-06,True,2026-08,0.0,0.0,0.391,0.0,0.0,0.374,0.291,0.13,272
2002,中鋼,TWSE,鋼鐵工業,18.95,2982.0,6.74,-10.0,-1.6,0.28,-37.9,,0.96,0.79,,,-8.4,-47.7,2021-10-06,True,2026-08,0.046,0.023,0.027,0.0,0.198,0.629,0.318,0.129,273
3016,嘉晶,TWSE,半導體業,188.0,546.0,14.74,-5.0,24.6,0.36,-35.6,156.67,10.48,0.27,6.7,,20.1,-81.3,2021-10-06,True,2026-08,0.127,0.058,0.182,0.0,0.227,0.024,0.124,0.12,274
4958,臻鼎-KY,TWSE,電子零組件業,574.0,6506.0,182.74,,,,,67.93,4.13,0.6,6.1,,50.0,-44.3,2021-10-06,True,2026-08,0.0,0.0,0.16,0.0,0.0,0.719,0.241,0.116,275
4966,譜瑞-KY,TPEX,半導體業,563.0,445.0,4.46,,,,,17.91,1.95,3.16,10.9,,-16.1,-77.0,2021-10-06,True,2026-08,0.0,0.0,0.364,0.0,0.0,0.046,0.709,0.113,276
2498,宏達電,TWSE,通信網路業,41.8,349.0,2.22,-12.4,-10.5,0.28,-47.8,16.14,1.33,1.2,8.2,,4.1,-65.1,2021-10-06,True,2026-08,0.027,0.023,0.243,0.0,0.097,0.158,0.418,0.11,277
3661,世芯-KY,TWSE,半導體業,4180.0,3608.0,87.75,,,,,61.31,5.97,0.78,9.7,,37.7,-57.7,2021-10-06,True,2026-08,0.0,0.0,0.298,0.0,0.0,0.313,0.31,0.106,278
3673,TPK-KY,TWSE,光電業,76.8,312.0,4.73,,,,,16.77,0.77,2.34,4.6,,17.7,-51.7,2021-10-06,True,2026-08,0.0,0.0,0.134,0.0,0.0,0.48,0.587,0.104,279
7799,禾榮科,TWSE,生技醫療業,531.0,840.0,3.24,,,0.14,-22.7,,7.53,0.0,,,-6.5,-63.9,2025-09-15,False,2026-08,0.0,0.007,0.027,0.0,0.442,0.19,0.032,0.093,280
1301,台塑,TWSE,塑膠工業,68.6,4367.0,25.43,-11.1,-7.3,0.39,-40.6,41.83,0.76,0.73,1.8,,-7.3,-69.3,2021-10-06,True,2026-08,0.038,0.081,0.087,0.0,0.162,0.102,0.291,0.088,281
9921,巨大,TWSE,運動休閒,88.6,347.0,2.93,-10.4,-7.5,0.19,-39.9,57.16,1.01,2.05,1.8,,-18.9,-78.7,2021-10-06,True,2026-08,0.042,0.011,0.087,0.0,0.174,0.037,0.554,0.087,282
6715,嘉基,TWSE,電子零組件業,482.5,329.0,5.46,-13.2,-3.8,0.33,-50.8,317.43,8.91,0.4,2.8,,36.4,-58.7,2021-10-06,True,2026-08,0.023,0.038,0.1,0.0,0.079,0.279,0.175,0.08,283
4919,新唐,TWSE,半導體業,150.5,632.0,11.35,-7.9,-0.3,0.22,-29.5,,4.07,0.0,,,5.6,-71.0,2021-10-06,True,2026-08,0.06,0.014,0.027,0.0,0.299,0.082,0.032,0.077,284
3707,漢磊,TPEX,半導體業,86.0,344.0,7.15,-5.9,21.5,0.39,-37.6,,3.95,0.0,,,-5.3,-81.2,2021-10-06,True,2026-08,0.1,0.081,0.027,0.0,0.203,0.027,0.032,0.077,285
4991,環宇-KY,TPEX,半導體業,505.0,613.0,22.3,,,,,157.32,13.75,0.0,8.7,,62.1,-63.1,2021-10-06,True,2026-08,0.0,0.0,0.257,0.0,0.0,0.207,0.032,0.074,286
6415,矽力*-KY,TWSE,半導體業,449.5,1755.0,15.87,,,,,45.63,4.33,0.57,9.5,,-13.5,-86.2,2021-10-06,True,2026-08,0.0,0.0,0.287,0.0,0.0,0.007,0.228,0.07,287
9105,泰金寶-DR,TWSE,,8.5,888.0,1.62,,,,,,,,,,31.1,-49.7,2021-10-06,True,2026-08,0.0,0.0,0.027,0.0,0.0,0.578,0.032,0.065,288
1314,中石化,TWSE,塑膠工業,8.75,331.0,3.22,-17.2,-33.7,0.33,-57.9,,0.44,0.0,,,-5.4,-54.7,2021-10-06,True,2026-08,0.012,0.038,0.027,0.0,0.058,0.398,0.032,0.064,289
6116,彩晶,TWSE,光電業,15.45,442.0,6.31,-11.7,1.3,0.44,-64.6,,1.18,0.0,,,3.0,-65.1,2021-10-06,True,2026-08,0.035,0.112,0.027,0.0,0.04,0.158,0.032,0.054,290
6451,訊芯-KY,TWSE,半導體業,420.0,495.0,16.28,,,,,385.32,5.57,0.05,1.4,,39.0,-57.0,2021-10-06,True,2026-08,0.0,0.0,0.07,0.0,0.0,0.333,0.068,0.051,291
3576,聯合再生,TWSE,光電業,18.4,300.0,3.21,-36.0,-34.3,0.11,-86.4,34.07,2.32,0.0,6.8,,-1.2,-77.0,2021-10-06,True,2026-08,0.004,0.004,0.192,0.0,0.004,0.046,0.032,0.047,292
6456,GIS-KY,TWSE,光電業,99.6,337.0,5.38,,,,,,1.13,0.0,,,3.9,-62.3,2021-10-06,True,2026-08,0.0,0.0,0.027,0.0,0.0,0.221,0.032,0.029,293
6919,康霈*,TWSE,生技醫療業,78.5,1222.0,7.09,,-65.3,0.31,-70.5,,13.26,0.0,,,42.7,-69.5,2022-12-26,False,2026-08,0.0,0.029,0.027,0.0,0.022,0.099,0.032,0.025,294
