code,name,market,delist_date,rows
2867,三商壽,TWSE,2026-09-01,0
6806,森崴能源,TWSE,2026-06-23,1111
3454,晶睿,TWSE,2026-03-27,1323
6423,億而得-創,TWSE,2026-01-22,0
2809,京城銀,TWSE,2025-10-01,1207
6288,聯嘉光電,TWSE,2025-08-15,1175
2888,新光金,TWSE,2025-07-24,1158
2443,昶虹,TWSE,2024-11-19,839
2358,廷鑫,TWSE,2024-11-19,851
1701,中化,TWSE,2024-09-02,944
3682,亞太電,TWSE,2023-12-15,773
3536,誠創,TWSE,2023-06-26,600
8480,泰昇-KY,TWSE,2022-12-21,497
3383,新世紀,TWSE,2022-09-26,481
6289,華上,TWSE,2022-09-26,476
6251,定穎,TWSE,2022-08-25,448
2841,台開,TWSE,2022-08-04,365
6172,互億,TWSE,2022-06-29,273
2936,客思達-KY,TWSE,2022-06-27,419
4141,龍燈-KY,TWSE,2022-05-03,378
1507,永大,TWSE,2022-04-21,370
9188,精熙-DR,TWSE,2022-03-18,335
8427,基勝-KY,TWSE,2022-03-03,297
1592,英瑞-KY,TWSE,2022-01-27,168
2456,奇力新,TWSE,2022-01-05,304
2823,中壽,TWSE,2021-12-30,298
1724,台硝,TWSE,2021-11-01,258
6131,鈞泰,TWSE,2021-07-05,36
6452,康友-KY,TWSE,2021-04-01,0
4725,信昌化,TWSE,2021-01-18,69
5264,鎧勝-KY,TWSE,2021-01-15,66
2448,晶電,TWSE,2021-01-06,57
3698,隆達,TWSE,2021-01-06,57
5305,敦南,TWSE,2020-11-30,35
2499,東貝,TWSE,2020-11-10,0
4144,康聯-KY,TWSE,2020-10-30,12
8497,格威傳媒,TWSE,2020-10-30,9
1597,直得科技股份有限公司,TPEX,2020-12-23,0
5304,鼎創達股份有限公司,TPEX,2020-11-20,33
8934,衡平股份有限公司,TPEX,2020-11-18,26
1333,恩得利工業股份有限公司,TPEX,2020-11-17,0
5349,先豐通訊股份有限公司,TPEX,2020-11-04,17
4803,威馳克媒體集團股份有限公司,TPEX,2021-12-27,296
3144,新揚科技股份有限公司,TPEX,2021-12-20,293
2928,紅馬集團股份有限公司,TPEX,2021-10-22,251
4152,台灣微脂體股份有限公司,TPEX,2021-10-08,241
3092,鴻碩精密電工股份有限公司,TPEX,2021-05-13,0
6426,統新光訊股份有限公司,TPEX,2021-03-24,0
6438,迅得機械股份有限公司,TPEX,2021-01-19,0
5820,日盛金融控股股份有限公司,TPEX,2022-11-11,509
3652,精聯電子股份有限公司,TPEX,2022-09-21,0
5102,富強輪胎工廠股份有限公司,TPEX,2022-07-15,426
4429,聚紡股份有限公司,TPEX,2022-05-31,293
8406,金可國際股份有限公司,TPEX,2022-04-29,374
5306,桂盟國際股份有限公司,TPEX,2022-03-08,0
1752,南光化學製藥股份有限公司,TPEX,2022-01-19,243
4736,泰博科技股份有限公司,TPEX,2023-12-22,0
6472,保瑞藥業股份有限公司,TPEX,2023-12-19,0
4944,兆遠科技股份有限公司,TPEX,2023-11-01,713
8476,台境企業股份有限公司,TPEX,2023-10-31,0
5281,大峽谷半導體照明系統(開曼)股份有限公司,TPEX,2023-10-31,702
3642,駿熠電子科技股份有限公司,TPEX,2023-06-27,515
1258,其祥生物科技控股有限公司,TPEX,2023-06-09,627
6594,展匯科技股份有限公司,TPEX,2023-04-01,599
6247,淇譽電子科技股份有限公司,TPEX,2023-02-10,516
8420,明揚國際科技股份有限公司,TPEX,2024-11-29,996
6514,芮特科技股份有限公司,TPEX,2024-10-18,975
4712,福格創新股份有限公司,TPEX,2024-09-25,640
6404,中國通訊多媒體集團有限公司,TPEX,2024-07-02,601
5383,金利精密工業股份有限公司,TPEX,2024-05-31,881
3089,億杰科技股份有限公司,TPEX,2024-03-04,560
8418,捷必勝控股股份有限公司,TPEX,2024-01-31,772
6446,藥華醫藥股份有限公司,TPEX,2024-01-25,0
6747,亨泰光學股份有限公司,TPEX,2025-12-04,1159
4945,陞達科技股份有限公司,TPEX,2025-09-08,1161
3202,樺晟電子股份有限公司,TPEX,2025-07-21,1091
6589,台康生技股份有限公司,TPEX,2025-07-21,0
6287,元隆電子股份有限公司,TPEX,2025-06-23,998
6457,紘康科技股份有限公司,TPEX,2025-01-01,1029
8183,台灣精星科技股份有限公司,TPEX,2026-10-01,0
5371,中強光電股份有限公司,TPEX,2026-09-03,243
4130,健亞生物科技股份有限公司,TPEX,2026-07-28,1406
5236,凌陽創新科技股份有限公司,TPEX,2026-07-16,1204
3426,台興電子企業股份有限公司,TPEX,2026-06-08,1164
4987,科誠股份有限公司,TPEX,2026-05-29,1351
