date,added,removed
2021-08-30,TECH,
2021-08-30,,MXIM
2021-09-20,BRO,
2021-09-20,CDAY,
2021-09-20,MTCH,
2021-09-20,,NOV
2021-09-20,,PRGO
2021-09-20,,UNM
2021-10-04,CTRA,
2021-10-04,,COG
2021-12-14,EPAM,
2021-12-14,,KSU
2021-12-20,FDS,
2021-12-20,SBNY,
2021-12-20,SEDG,
2021-12-20,,HBI
2021-12-20,,LEG
2021-12-20,,WU
2022-01-10,WTW,
2022-01-10,,WLTW
2022-02-02,CEG,
2022-02-02,,GPS
2022-02-15,NDSN,
2022-02-15,,XLNX
2022-02-17,PARA,
2022-02-17,,VIAC
2022-03-02,MOH,
2022-03-02,,INFO
2022-04-04,CPT,
2022-04-04,,PBCT
2022-04-11,WBD,
2022-04-11,,DISCA
2022-04-11,,DISCK
2022-05-10,BALL,
2022-05-10,,BLL
2022-06-08,VICI,
2022-06-08,,CERN
2022-06-09,META,
2022-06-09,,FB
2022-06-21,KDP,
2022-06-21,ON,
2022-06-21,,IPGP
2022-06-21,,UA
2022-06-21,,UAA
2022-06-28,ELV,
2022-06-28,,ANTM
2022-09-19,CSGP,
2022-09-19,INVH,
2022-09-19,,PENN
2022-09-19,,PVH
2022-10-03,EQT,
2022-10-03,PCG,
2022-10-03,,CTXS
2022-10-03,,DRE
2022-10-12,TRGP,
2022-10-12,,NLSN
2022-11-01,ACGL,
2022-11-01,,TWTR
2022-11-08,GEN,
2022-11-08,,NLOK
2022-12-19,FSLR,
2022-12-19,,FBHS
2022-12-22,STLD,
2022-12-22,,ABMD
2023-01-04,GEHC,
2023-01-04,,VNO
2023-03-15,BG,
2023-03-15,PODD,
2023-03-15,,SBNY
2023-03-15,,SIVB
2023-03-20,FICO,
2023-03-20,,LUMN
2023-05-04,AXON,
2023-05-04,,FRC
2023-05-16,RVTY,
2023-05-16,,PKI
2023-06-07,FI,
2023-06-07,,FISV
2023-06-20,PANW,
2023-06-20,,DISH
2023-07-10,EG,
2023-07-10,,RE
2023-08-25,KVUE,
2023-08-25,,AAP
2023-08-30,COR,
2023-08-30,,ABC
2023-09-18,ABNB,
2023-09-18,BX,
2023-09-18,,LNC
2023-09-18,,NWL
2023-10-02,VLTO,
2023-10-02,,DXC
2023-10-18,HUBB,
2023-10-18,LULU,
2023-10-18,,ATVI
2023-10-18,,OGN
2023-12-18,BLDR,
2023-12-18,JBL,
2023-12-18,UBER,
2023-12-18,,ALK
2023-12-18,,SEDG
2023-12-18,,SEE
2024-02-01,DAY,
2024-02-01,,CDAY
2024-03-04,DOC,
2024-03-04,,PEAK
2024-03-18,DECK,
2024-03-18,SMCI,
2024-03-18,,WHR
2024-03-18,,ZION
2024-03-25,CPAY,
2024-03-25,,FLT
2024-04-01,SOLV,
2024-04-01,,VFC
2024-04-02,GEV,
2024-04-02,,XRAY
2024-05-08,VST,
2024-05-08,,PXD
2024-06-24,CRWD,
2024-06-24,GDDY,
2024-06-24,KKR,
2024-06-24,,CMA
2024-06-24,,ILMN
2024-06-24,,RHI
2024-07-08,SW,
2024-07-08,,WRK
2024-09-23,DELL,
2024-09-23,ERIE,
2024-09-23,PLTR,
2024-09-23,,AAL
2024-09-23,,BIO
2024-09-23,,ETSY
2024-09-30,AMTM,
2024-10-01,,BBWI
2024-11-26,TPL,
2024-11-26,,MRO
2024-12-23,APO,
2024-12-23,LII,
2024-12-23,WDAY,
2024-12-23,,AMTM
2024-12-23,,CTLT
2024-12-23,,QRVO
2025-03-24,DASH,
2025-03-24,EXE,
2025-03-24,TKO,
2025-03-24,WSM,
2025-03-24,,BWA
2025-03-24,,CE
2025-03-24,,FMC
2025-03-24,,TFX
2025-05-19,COIN,
2025-05-19,,DFS
2025-07-09,DDOG,
2025-07-09,,JNPR
2025-07-18,TTD,
2025-07-18,,ANSS
2025-07-23,XYZ,
2025-07-23,,HES
2025-08-08,PSKY,
2025-08-08,,PARA
2025-08-28,IBKR,
2025-08-28,,WBA
2025-09-22,APP,
2025-09-22,EME,
2025-09-22,HOOD,
2025-09-22,,CZR
2025-09-22,,ENPH
2025-09-22,,MKTX
2025-10-30,SOLS,
2025-10-31,,KMX
2025-11-03,Q,
2025-11-04,,EMN
2025-11-11,FISV,
2025-11-11,,FI
2025-11-28,SNDK,
2025-11-28,,IPG
2025-12-11,ARES,
2025-12-11,,K
2025-12-22,CRH,
2025-12-22,CVNA,
2025-12-22,FIX,
2025-12-22,,LKQ
2025-12-22,,MHK
2025-12-22,,SOLS
2026-01-14,MRSH,
2026-01-14,,MMC
2026-02-09,CIEN,
2026-02-09,,DAY
2026-03-23,COHR,
2026-03-23,LITE,
2026-03-23,SATS,
2026-03-23,VRT,
2026-03-23,,LW
2026-03-23,,MOH
2026-03-23,,MTCH
2026-03-23,,PAYC
2026-04-09,CASY,
2026-04-09,,HOLX
2026-05-07,VEEV,
2026-05-07,,CTRA
2026-05-21,BNY,
2026-05-21,,BK
2026-06-01,FDXF,
2026-06-02,,EPAM
2026-06-22,FLEX,
2026-06-22,MRVL,
2026-06-22,,CPB
2026-06-22,,POOL
2026-06-24,ECHO,
2026-06-24,,SATS
2026-06-29,HONA,
2026-06-30,,CAG
2026-08-05,FERG,
2026-08-05,,EA
2026-08-18,RDDT,
2026-08-18,VMRK,
2026-08-18,,AVB
2026-08-18,,EQR
