date,kind,name,n,active,surge,limit,up7,ups_pct,limit_pct,avg_chg,first5,main,members
2026-10-07,題材,被動元件,6,3,1,2,2,50.0,33.3,6.07,,False,2492 6449 2478
2026-10-07,題材,CCL/銅箔/玻纖,7,2,1,2,2,28.6,28.6,3.21,,False,6672 1802
2026-10-07,題材,矽光子/CPO,8,1,0,1,2,12.5,12.5,3.23,09:16,True,6442 3081
2026-10-07,產業,塑膠工業,25,2,2,1,1,8.0,4.0,1.94,,False,1301 1325
2026-10-07,產業,通信網路業,91,7,5,3,7,7.7,3.3,1.28,09:04,True,4903 6442 4908 3672 3234 3081 6218 6216 6152
2026-10-07,產業,綠能環保,40,3,2,2,3,7.5,5.0,0.9,,False,5205 6944 7740 8476
2026-10-07,產業,電子零組件業,210,15,8,10,14,7.1,4.8,0.96,09:04,True,3624 5460 6538 8213 6672 2492 6449 3597 5228 6862 2484 8121 4989 8042 6174
2026-10-07,產業,紡織纖維,52,3,3,0,1,5.8,0.0,0.68,11:40,False,1455 1434 1449
2026-10-07,產業,汽車工業,42,2,1,1,1,4.8,2.4,0.53,,False,2241 2115
2026-10-07,產業,其他業,96,4,1,3,3,4.2,3.1,0.12,,False,6957 5398 9929 9919
2026-10-07,產業,鋼鐵工業,49,2,1,1,1,4.1,2.0,0.13,,False,5013 5011
2026-10-07,產業,半導體業,199,8,3,5,8,4.0,2.5,0.06,,False,6103 6485 3265 3532 8086 8131 3675 6147 6716 2369
2026-10-07,產業,化學工業,42,1,1,1,1,2.4,2.4,-0.42,09:07,True,4706
2026-10-07,產業,其他電子業,94,2,2,0,2,2.1,0.0,-0.02,,False,3373 6667
2026-10-07,產業,光電業,114,2,1,1,2,1.8,0.9,0.22,09:40,True,6234 5244
2026-10-07,產業,電腦及週邊設備業,110,2,1,1,1,1.8,0.9,-0.15,,False,4924 5426
2026-10-07,產業,生技醫療業,149,2,2,0,0,1.3,0.0,0.14,,False,4167 4133
