code,name,price,last_buy,meeting,kind,place,gift,odd_mail,agent,agent_tel,value
6160,欣技,13.95,2026-09-23,2026-10-29,臨時,新北,7-11 (50元商品卡),否,元大,02-25865859,50.0
6588,東典光電,111.5,2026-09-23,2026-10-29,臨時,宜蘭,7-11 商品卡50元,否,兆豐,02-33930898,50.0
3712,永崴投控,20.6,2026-09-17,2026-10-21,臨時,新北,7-11 50元商品卡,否,福邦,02-23711658,50.0
1101,台泥,25.0,2026-09-09,2026-10-13,臨時,台北,減碳日常斜背包,否,中國信託,02-66365566,
2425,承啟,37.25,2026-09-04,2026-10-08,臨時,新北,7-11 50元商品卡,否,福邦,02-23711658,50.0
1909,榮成,10.0,2026-08-28,2026-10-01,臨時,桃園,環保杯,否,元大,02-25865859,
6695,芯鼎,52.7,2026-08-28,2026-10-01,臨時,新竹,全家35元禮物卡,否,福邦,02-23711658,35.0
3587,閎康,257.5,2026-08-27,2026-09-30,臨時,新竹,全家50元商品卡,否,富邦,02-23611300,50.0
4563,百德,54.0,2026-08-21,2026-09-24,臨時,台中,全家禮物卡50元,否,富邦,02-23611300,50.0
6531,愛普*,1055.0,2026-08-10,2026-09-11,臨時,新竹,7-11 50元商品卡,否,凱基,02-23892999,50.0
3715,定穎投控,133.0,2026-07-30,2026-09-02,臨時,桃園,全家50元禮物卡,否,台新,02-25048125,50.0
8905,裕國,34.5,2026-07-30,2026-09-02,臨時,台中,裕國超市商品抵用券$100,否,群益,02-27023999,
4546,長亨,65.0,2026-07-29,2026-08-31,臨時,高雄,超商商品卡300元,否,福邦,02-23711658,300.0
4128,中天,15.45,2026-07-27,2026-08-28,臨時,桃園,李時珍舒伏C膠囊30粒/瓶,否,兆豐,02-33930898,
3040,遠見,33.9,2026-07-20,2026-08-21,臨時,台北,超商禮券,否,元大,02-25865859,
5398,慕康生醫,13.65,2026-07-06,2026-08-07,臨時,彰化,超商50元商品卡,否,康和,02-87871888,50.0
4960,誠美材,24.0,2026-05-27,2026-06-29,臨時,台南,7-11 100元商品卡,否,兆豐,02-33930898,100.0
1540,喬福,18.95,2026-04-28,2026-06-29,常會,台中,伊莎貝爾櫻花抗菌皂 重量:75g +13g 產地:印尼,否,統一綜合證券股份有限公司,(02)27463797,
1569,濱川,68.5,2026-04-28,2026-06-29,常會,高雄,7-11 商品卡35元,否,富邦綜合證券股份有限公司,02-23611300,35.0
1786,科妍,41.5,2026-04-28,2026-06-29,常會,高雄,7-11 35元商品卡,否,宏遠,02-23268818,35.0
2734,易飛網,14.35,2026-04-28,2026-06-29,常會,台北,ESG永續公益刨刀,否,中國信託商業銀行代理部,(02)6636-5566,
2929,淘帝-KY,5.81,2026-04-28,2026-06-29,常會,台北,馬卡龍迷你捲尺,否,福邦,02-23711658,
3011,今皓,9.8,2026-04-28,2026-06-30,常會,新北,超商35元商品卡,否,福邦證券(股)公司股務代理部,(02)2371-1658,35.0
3041,揚智,24.15,2026-04-28,2026-06-30,常會,台北,7-11 50元商品卡,否,中國信託商業銀行代理部,(02)6636-5566,50.0
3057,喬鼎,15.6,2026-04-28,2026-06-29,常會,新竹,摺疊餐具組,否,中國信託商業銀行代理部,(02)6636-5566,
3325,旭品,11.6,2026-04-28,2026-06-30,常會,新北,7-11 50元商品卡一張,否,華南永昌綜合證券股務代理部,2718-6425,50.0
3702,大聯大,119.0,2026-04-28,2026-06-30,常會,台北,全家50元禮券,否,群益金鼎證券股份有限公司,2702-3999,50.0
4540,全球傳動,60.6,2026-04-28,2026-06-29,常會,新北,7-11 35元(中杯美式)商品卡,否,第一金證券股份有限公司,(02)2563-5711,35.0
4564,元翎,15.95,2026-04-28,2026-06-29,常會,雲林,洗碗精,否,福邦證券股份有限公司,02-2371-1658,
4960,誠美材,24.0,2026-04-28,2026-06-30,常會,臺南,7-11 100元商品卡,否,兆豐證券股份有限公司,(02)3393-0898,100.0
5905,南仁湖,7.29,2026-04-28,2026-06-30,常會,高雄,小墾丁渡假村300元住宿抵用券,否,兆豐證券股份有限公司,02-33930898,
6169,昱泉,12.0,2026-04-28,2026-06-30,常會,台中,清新植感草本皂,否,富邦綜合證券股份有限公司,02-2361-1300,
6229,研通,24.15,2026-04-28,2026-06-30,常會,新北,捲尺,否,台新,02-25048125,
6547,高端疫苗,60.4,2026-04-28,2026-06-30,常會,新竹,7-11 商品卡,否,永豐金證券(股)公司股務代理部,02-23816288,
6618,永虹先進,3.21,2026-04-28,2026-06-29,常會,南投,超商 50元商品卡,否,統一,02-27463797,50.0
6696,仁新*,171.0,2026-04-28,2026-06-30,常會,台北,Tommy Gummy - 葉黃素+枸杞軟糖,否,福邦,02-23836888,
7729,仲恩生醫,219.5,2026-04-28,2026-06-29,常會,台北,7-11 50元商品卡,否,永豐金,02-23816288,50.0
1217,愛之味,9.87,2026-04-23,2026-06-26,常會,耐斯,愛之味古法濃香初榨花生油(100ml)1瓶,是,群益金鼎證券股份有限公司,02-27023999,
1225,福懋油,24.35,2026-04-23,2026-06-26,常會,台中,全家禮物卡50元,否,群益金鼎證券股份有限公司,02-27023999,50.0
1325,恆大,25.7,2026-04-23,2026-06-26,常會,台北,口罩壹盒,否,中國信託商業銀行代理部,(02)66365566,
1336,台翰,18.0,2026-04-23,2026-06-26,常會,尊爵,35元 7-11 商品卡,否,永豐金,02-23816288,35.0
2206,三陽工業,62.6,2026-04-23,2026-06-26,常會,新竹,三角斜背保溫保冷袋,否,康和綜合證券股份有限公司,(02)87871888,
2250,IKKA-KY,55.2,2026-04-23,2026-06-26,常會,台北,稻循皂,否,中國信託商業銀行 代理部,(02)6636-5566,
2314,台揚,11.1,2026-04-23,2026-06-26,常會,新竹,英國貝爾熊香水洗衣精補充包,否,台新綜合證券(股)公司股務代理部,02-25048125,
2406,國碩,31.45,2026-04-23,2026-06-26,常會,新竹,7-11 商品卡35元,否,台新證券股務代理部,02-25048125,35.0
3025,星通,55.9,2026-04-23,2026-06-26,常會,新竹,7-11 商品券50元,否,元大證券股份有限公司,2586-5859,50.0
3128,昇銳,20.05,2026-04-23,2026-06-26,常會,桃園,全家禮物卡35元,否,群益金鼎證券股份有限公司,02-27023999,35.0
3230,錦明,40.75,2026-04-23,2026-06-26,常會,桃園,錦明股東專屬會員卡,否,台新綜合證券股份有限公司,(02)2504-8125,
3379,彬台,27.7,2026-04-23,2026-06-26,常會,台北,香皂二入(禮品),否,中國信託商業銀行代理部,(02)6636-5566,
3645,達邁,76.0,2026-04-23,2026-06-26,常會,新竹,全家50元禮物卡,否,群益金鼎證券股份有限公司,02-2702-3999,50.0
3673,TPK-KY,76.8,2026-04-23,2026-06-26,常會,台北,全家禮物卡50元,否,元大證券股份有限公司,02-2586-5859,50.0
3715,定穎投控,133.0,2026-04-23,2026-06-26,常會,桃園,香皂一入,否,台新證券股務代理部,02-2504-8125,
4163,鐿鈦,136.0,2026-04-23,2026-06-26,常會,台中,陶瓷內膽造型便當盒,否,台新證券股務代理部,02-25048125,
4174,浩鼎,46.2,2026-04-23,2026-06-26,常會,台北,超商35元禮物卡,否,台新綜合證券股份有限公司,(02)2504-8125,35.0
4195,基米-創,15.55,2026-04-23,2026-06-26,常會,新北,醫護醫療用貼布,否,統一綜合證券股務代理部,02-2746-3797,
4989,榮科,70.2,2026-04-23,2026-06-26,常會,張榮,7-11 商品卡50元,否,中國信託商業銀行代理部,6636-5566,50.0
5381,光譜,22.9,2026-04-23,2026-06-26,常會,桃園,7-11 50元商品卡,否,台新綜合證券(股)公司股務代理部,02-2504-8125,50.0
5392,能率,39.2,2026-04-23,2026-06-26,常會,台北,稻循皂,否,群益,02-27023999,
5488,松普,12.05,2026-04-23,2026-06-26,常會,桃園,純水柔濕巾(10抽)2包,否,福邦證券股份有限公司,02-2383-6888,
6163,華電網,43.4,2026-04-23,2026-06-26,常會,新北,手機支架,否,中國信託商業銀行 代理部,(02)2717-1033,
6183,關貿,91.4,2026-04-23,2026-06-26,常會,台北,7-11 商品卡100元,否,兆豐證券股份有限公司,02-33930898,100.0
6187,萬潤,1490.0,2026-04-23,2026-06-26,常會,高雄,(取消)全家咖啡商品卡,否,統一綜合證券股份有限公司,(02)2747-8266,
6216,居易,19.9,2026-04-23,2026-06-26,常會,新竹,輕薄辦公室便利貼,否,台新證券股務代理部,02-25048125,
6237,驊訊,35.6,2026-04-23,2026-06-26,常會,台北,7-11 商品卡50元,否,宏遠證券股份有限公司股務代理部,02-23268818,50.0
6265,方土昶,49.05,2026-04-23,2026-06-26,常會,新北,股東專屬-仙桃牌購物金$250元,否,中國信託商業銀行股份有限公司,(02)6636-5566,250.0
6419,京晨科,171.5,2026-04-23,2026-06-26,常會,苗栗,小羊苗x蜂王 暖心植樸舒活皂(1入),否,永豐金,02-23816288,
6426,統新,357.5,2026-04-23,2026-06-26,常會,台南,三合一數據線,否,台新綜合證券股分有限公司,(02)25048125,
6470,宇智,42.6,2026-04-23,2026-06-26,常會,本公,南僑水晶肥皂禮盒,否,宏遠證券股份有限公司,(02)7719-8899,
6742,澤米,60.2,2026-04-23,2026-06-26,常會,苗栗,全家50元禮物卡,否,中國信託商業銀行代理部,(02)6636-5566,50.0
8038,長園科,35.4,2026-04-23,2026-06-26,常會,台灣,安妮兔時尚調味瓶400ML,否,元大證券股份有限公司,02-2586-5859,
8050,廣積,62.0,2026-04-23,2026-06-26,常會,台北,康寧耐熱玻璃烤盤7吋,否,台新證券股務代理部,25048125,
8096,擎亞,90.0,2026-04-23,2026-06-26,常會,台北,7-11 50元商品卡,否,群益金鼎證券股份有限公司,2702-3999,50.0
1201,味全,11.4,2026-04-22,2026-06-23,常會,台北,全家企業禮贈卡(林鳳營全脂鮮乳338ML),否,元大證券股務代理部,(02)25865859,
1203,味王,42.5,2026-04-22,2026-06-24,常會,台北,王子杯麵2杯,否,群益金鼎證券股份有限公司,27023999,
1220,台榮,10.95,2026-04-22,2026-06-24,常會,台北,中性濃縮洗衣精,否,中國信託商業銀行代理部,(02)66365566,
1316,上曜,10.3,2026-04-22,2026-06-24,常會,本公,朝和生醫保健食品,否,元大證券股份有限公司,(02)2586-5859,
1449,佳和,12.35,2026-04-22,2026-06-24,常會,台南,佳和醫用口罩(未滅菌),否,群益金鼎證券股份有限公司,(02)27023999,
1471,首利,9.45,2026-04-22,2026-06-25,常會,新北,油壺,否,福邦證券股份有限公司股務代理部,(02)23711658,
1516,川飛,13.75,2026-04-22,2026-06-25,常會,台北,7-11 商品卡35元,否,國票綜合證券(股)公司代理部,02-25288988,35.0
1517,利奇,10.25,2026-04-22,2026-06-25,常會,本公,多功能手機支架,否,福邦證券股份有限公司,(02)2371-1658,
1526,日馳,14.85,2026-04-22,2026-06-23,常會,新北,中杯熱美式咖啡券,否,富邦綜合證券(股)公司股務代理部,(02)2361-1300,
1591,駿吉-KY,41.85,2026-04-22,2026-06-23,常會,台北,全家禮物卡50元,否,元大證券股份有限公司股務代理部,02 2586-5859,50.0
1737,臺鹽,30.0,2026-04-22,2026-06-24,常會,台南,台塩 生技UP機能吸凍1盒,否,中國信託商業銀行代理部,02-66365566,
1809,中釉,46.6,2026-04-22,2026-06-23,常會,新竹,氣墊襪,否,福邦證券股份有限公司,(02)23711658,
1815,富喬,128.5,2026-04-22,2026-06-23,常會,雲林,多功能吸水隔熱餐墊,否,富喬工業股份有限公司股務室,02-2705-1333,
2038,海光,12.65,2026-04-22,2026-06-25,常會,高雄,7-11 商品卡50元,否,兆豐證券股份有限公司,02-33930898,50.0
2208,台船,18.45,2026-04-22,2026-06-25,常會,高雄,7-11 45元咖啡卡,否,富邦綜合證券股份有限公司,02-2361-1300,
2340,台亞,50.3,2026-04-22,2026-06-25,常會,新竹,50元超商商品卡,否,台新證券股務代理部,02-25048125,50.0
2355,敬鵬,44.65,2026-04-22,2026-06-24,常會,桃園,陽離子布證件包,否,康和綜合證券股份有限公司,02- 87871888,
2374,佳能,66.5,2026-04-22,2026-06-25,常會,新北,稻循皂,否,中國信託商業銀行代理部,(02)66365566,
2460,建通,30.5,2026-04-22,2026-06-23,常會,高雄,編織快充線,否,永豐金證券股份有限公司,02-23816288,
2471,資通,50.7,2026-04-22,2026-06-23,常會,台北,毛寶洗碗精,否,台新證券股務代理部,02-25048125,
2484,希華,86.4,2026-04-22,2026-06-23,常會,台中,麵條,否,統一綜合證券股份有限公司,02-27463797,
2488,漢平,48.95,2026-04-22,2026-06-24,常會,漢平,7-11 商品卡35元,否,中國信託商業銀行代理部,(02)6636-5566,35.0
2537,聯上發,10.9,2026-04-22,2026-06-23,常會,台北,妙管家洗衣球,否,元大證券股份有限公司股務代理部,25865859,
3032,偉訓,79.3,2026-04-22,2026-06-24,常會,本公,7-11 35元商品卡,否,福邦證券股份有限公司股務代理部,02-23711658,35.0
3043,科風,20.85,2026-04-22,2026-06-25,常會,新北,7-11 商品卡35元,否,中國信託商業銀行代理部,02-6636-5566,35.0
3051,力特,22.9,2026-04-22,2026-06-24,常會,桃園,台灣製ESG公益砧板,否,群益金鼎證券股份有限公司,(02)2702-3999,
3056,富華新,13.6,2026-04-22,2026-06-23,常會,台中,7-11 50元商品卡,否,統一綜合證券(股)公司,02-2746-3797,50.0
3058,立德,8.12,2026-04-22,2026-06-23,常會,新北,手機支架,否,福邦證券股份有限公司,(02)2371-1658,
3059,華晶科,38.25,2026-04-22,2026-06-23,常會,新竹,環保可拆手把不鏽鋼迷你牛奶深鍋,否,永豐金證券股份有限公司,02-2381-6288,
3078,僑威,46.0,2026-04-22,2026-06-24,常會,尊爵,萬用懶人抺 布,否,富邦綜合證券(股)公司股務代理部,02-2361-1300,
3095,及成,33.5,2026-04-22,2026-06-23,常會,新北,不鏽鋼餐具組,否,中國信託商業銀行代理部,(02)6636-5566,
3138,耀登,105.0,2026-04-22,2026-06-25,常會,桃園,日式陶瓷斗笠碗,否,國票綜合證券股務代理部,(02)2528-8988,
3207,耀勝,40.0,2026-04-22,2026-06-25,常會,桃園,全家50元禮物卡,否,褔邦證券股份有限公司股務代理部,(02)2371-1658,50.0
3268,海德威,23.1,2026-04-22,2026-06-24,常會,台中,7-11 商品卡35元,否,台新證券股務代理部,(02)2504-8125,35.0
3321,同泰,18.2,2026-04-22,2026-06-25,常會,台中,35元超商卡,否,宏遠證券股份有限公司,(02)23268818,
3373,熱映,15.9,2026-04-22,2026-06-23,常會,新竹,公益愛心蜂王香皂,否,兆豐證券股份有限公司股務代理部,02-33930898,
3419,譁裕,12.05,2026-04-22,2026-06-24,常會,新竹,單顆香皂,否,台新證券股務代理部,(02)25048125,
3437,榮創,21.9,2026-04-22,2026-06-25,常會,新竹,不鏽鋼玻璃調料罐,否,福邦證券股份有限公司,02-23711658,
3455,由田,283.5,2026-04-22,2026-06-24,常會,新北,7-11 商品卡35元,否,台新綜合證券(股)公司股務代理部,02-2504-8125,35.0
3484,崧騰,49.15,2026-04-22,2026-06-23,常會,尊爵,餐具組,否,中國信託商業銀行代理部,02-66365566,
3527,聚積,50.9,2026-04-22,2026-06-24,常會,本公,手機架,否,元大證券股份有限公司,02-2586-5859,
3537,堡達,56.0,2026-04-22,2026-06-23,常會,劍潭,超商禮物卡,否,華南永昌綜合證券股務代理部,02-27186425,
3552,同致,44.4,2026-04-22,2026-06-24,常會,桃園,7-11 商品卡50元,否,中國信託商業銀行股份有限公司,(02)66365566,50.0
3605,宏致,168.0,2026-04-22,2026-06-23,常會,桃園,香皂,否,凱基證券股份有限公司股務代理部,(02)2389-2999,
3615,安可,44.45,2026-04-22,2026-06-24,常會,新竹,洗衣機槽清洗錠,否,台新綜合證券股份有限公司,02-25048125,
3693,營邦,689.0,2026-04-22,2026-06-25,常會,桃園,超商商品卡35元,否,元大證券股份有限公司,(02)2586-5859,35.0
3711,日月光投控,742.0,2026-04-22,2026-06-24,常會,高雄,儲物罐,是,統一綜合證券(股)公司,02-27478266,
4104,佳醫,71.9,2026-04-22,2026-06-25,常會,新北,面膜,否,統一綜合證券股份有限公司,02-27463797,
4138,曜亞,53.5,2026-04-22,2026-06-23,常會,新北,面膜,否,統一綜合證券(股)公司,(02)27463797,
4306,炎洲,14.3,2026-04-22,2026-06-23,常會,台北,環保購物袋,否,台新證券股務代理部,02-25048125,
4534,慶騰,30.3,2026-04-22,2026-06-23,常會,苗栗,超商50元商品卡,否,台新綜合證券(股)公司股務代理部,02-25048125,50.0
4545,銘鈺,39.8,2026-04-22,2026-06-24,常會,桃園,全家50元禮物卡,否,台新證券股務代理部,(02)2504-8125,50.0
4552,力達-KY,15.6,2026-04-22,2026-06-24,常會,台北,多功能削皮器,否,凱基證券股份有限公司股務代理部,02-23892999,
4746,台耀,47.35,2026-04-22,2026-06-24,常會,桃園,7-11 35元提貨卡,否,凱基證券(股)公司股務代理部,(02)2389-2999,
4804,大略-KY,3.27,2026-04-22,2026-06-25,常會,台北,(取消)超商商品卡50元,否,台新,02-25048125,50.0
4908,前鼎,234.5,2026-04-22,2026-06-24,常會,新竹,隨身防身警報器,否,永豐金證券股份有限公司,(02)23816288,
4909,新復興,37.3,2026-04-22,2026-06-23,常會,新復,7-11 35元商品卡,否,中國信託商業銀行代理部,02-66365566,35.0
4956,光鋐,45.55,2026-04-22,2026-06-23,常會,台南,不鏽鋼玻璃調料罐,否,富邦綜合證券(股)公司股務代理部,02-23611300,
4971,IET-KY,584.0,2026-04-22,2026-06-23,常會,台北,7-11 35元(中杯美式)咖啡卡,否,中國信託商業銀行代理部,(02)66365566,
4976,佳凌,37.4,2026-04-22,2026-06-24,常會,台中,7-11 45元咖啡卡,否,福邦證券(股)股務代理部,(02)2371-1658,
4999,鑫禾,17.9,2026-04-22,2026-06-23,常會,新北,超商咖啡兌換券,否,兆豐證券股份有限公司股務代理部,(02)3393-0898,
5014,建錩,10.0,2026-04-22,2026-06-24,常會,桃園,全家中杯經典美式咖啡券,否,台新證券股務代理部,(02)2504-8125,
5227,立凱-KY,28.95,2026-04-22,2026-06-25,常會,桃園,超商商品卡50元,否,群益,02-27023999,50.0
5251,天鉞電,29.4,2026-04-22,2026-06-23,常會,新北,香皂,否,富邦綜合證券股份有限公司,02-23611300,
5283,禾聯碩,52.1,2026-04-22,2026-06-23,常會,桃園,環保隨身保溫杯,否,台新綜合證券股份有限公司,02-25048125,
5297,廣化,84.8,2026-04-22,2026-06-25,常會,新竹,伊莎貝爾歐風精華皂三入,否,亞東,02-23618608,
5314,世紀*,28.7,2026-04-22,2026-06-24,常會,台南,朝和生醫保健食品,否,元大證券股份有限公司,02-25865859,
5460,同協,17.55,2026-04-22,2026-06-23,常會,新北,抹布,是,群益金鼎證券股份有限公司,(02)27023999,
6109,亞元,10.4,2026-04-22,2026-06-24,常會,新北,7-11 35元商品卡,否,台新證券股務代理部,02-2504-8125,35.0
6122,擎邦,61.8,2026-04-22,2026-06-23,常會,台北,香皂二入(禮品),否,富邦綜合證券股份有限公司代理部,2361-1300,
6127,九豪,57.8,2026-04-22,2026-06-24,常會,桃園,禮物卡35元,否,福邦,02-23711658,35.0
6141,柏承,51.2,2026-04-22,2026-06-24,常會,桃園,7-11 35元商品卡,否,富邦綜合證券股務代理部,(02)2361-1300,35.0
6148,驊宏資,36.3,2026-04-22,2026-06-24,常會,台北,創意種子五色便籤,否,群益金鼎證券(股)公司股務代理部,(02)2703-5000,
6180,橘子,41.35,2026-04-22,2026-06-24,常會,維多,橘子支付零用金100元,是,凱基證券股份有限公司股務代理部,(02)23892999,
6186,新潤,28.65,2026-04-22,2026-06-23,常會,台北,7-11 商品卡,否,兆豐證券股份有限公司,02-33930898,
6246,臺龍,12.7,2026-04-22,2026-06-24,常會,新北,玻璃皮套兩用杯380ml、展笙國際旅行社旅遊抵用券、BD EYEWEAR眼鏡折價券共計三樣贈品,否,華南永昌綜合證券股份有限公司,(02)27186425,
6462,神盾,103.5,2026-04-22,2026-06-24,常會,台北,全家禮物卡50元,否,元大證券股務代理部,(02)25865859,50.0
6727,亞泰金屬,531.0,2026-04-22,2026-06-24,常會,桃園,7-11 商品卡,否,元大證券股份有限公司股務代理部,02-2586-5859,
6793,天力離岸,6.9,2026-04-22,2026-06-23,常會,台北,超商50元商品卡,否,福邦,02-23836888,50.0
6812,梭特,82.4,2026-04-22,2026-06-25,常會,新竹,7-11 50元商品卡,否,福邦,02-23836888,50.0
7719,碳基,46.5,2026-04-22,2026-06-25,常會,台中,7-11 商品卡50元,否,統一,02-27463797,50.0
7907,錸恩帕斯,226.0,2026-04-22,2026-06-24,常會,台南,商品禮券,否,台新,02-25048125,
8054,安國,87.3,2026-04-22,2026-06-23,常會,南港,7-11 45元咖啡提貨卡,否,福邦證券股份有限公司,(02)2371-1658,
8071,能率網通,22.0,2026-04-22,2026-06-23,常會,股公,稻循皂,否,華南永昌,02-27186425,
8092,建暐,12.2,2026-04-22,2026-06-25,常會,高雄,口罩一盒,否,統一綜合證券(股)公司股務代理部,02-27478266,
8104,錸寶,31.35,2026-04-22,2026-06-25,常會,新竹,洗衣機槽清洗錠,否,台新證券股務代理部,02-25048125,
8105,凌巨,15.3,2026-04-22,2026-06-25,常會,苗栗,7-11 50元商品卡,否,元大證券股份有限公司股務代理部,(02)2586-5859,50.0
8222,寶一,35.4,2026-04-22,2026-06-24,常會,台南,濾掛式咖啡包2入,否,台新證券股務代理部,02-25048125,
8354,冠好,16.7,2026-04-22,2026-06-24,常會,南投,200元超商商品卡,否,台新,02-25048125,200.0
8403,盛弘,18.85,2026-04-22,2026-06-23,常會,桃園,"智醫康寓住宿抵用券1,000元",否,群益金鼎證券股份有限公司,02-2702-3999,
8429,金麗-KY,5.9,2026-04-22,2026-06-23,常會,台北,超商咖啡提領卡,否,永豐金證券股務代理部,02-2381-6288,
8436,大江,104.5,2026-04-22,2026-06-23,常會,屏東,大江精選福袋,否,富邦綜合證券(股)公司股務代理部,(02)2361-1300,
8905,裕國,34.5,2026-04-22,2026-06-25,常會,台中,不織布保冷袋,否,群益金鼎證券股份有限公司,02-27023999,
9902,台火,12.95,2026-04-22,2026-06-23,常會,台北,香皂,否,永豐金證券(股)公司股務代理部,(02)2381-6288,
9914,美利達,66.4,2026-04-22,2026-06-24,常會,彰化,7-11 商品卡,否,元大,02-25865859,
3346,麗清,23.85,2026-04-21,2026-06-22,常會,桃園,MEDIMIX綠寶石皇室藥草浴美肌皂,否,元大證券股份有限公司,(02)25865859,
3499,環天科,13.5,2026-04-21,2026-06-22,常會,新北,全家商品卡35元,否,元大證券股務代理部,25865859,35.0
3522,御嵿,12.15,2026-04-21,2026-06-22,常會,新北,御嵿集團品牌優惠券,否,兆豐證券股份有限公司,02-33930898,
4741,泓瀚,40.5,2026-04-21,2026-06-22,常會,新竹,7-11 50元商品卡,否,富邦綜合證券股份有限公司,(02)23611300,50.0
6130,上亞科技,22.55,2026-04-21,2026-06-22,常會,台北,35元超商禮物卡,否,永豐金證券股份有限公司,(02)2381-6288,35.0
6217,中探針,178.0,2026-04-21,2026-06-22,常會,新北,7-11 商品卡50元,否,凱基證券股份有限公司,02-23892999,50.0
7895,元進莊,65.5,2026-04-21,2026-06-22,常會,雲林,滴雞精2入,否,凱基,02-23892999,
1503,士電,196.0,2026-04-15,2026-06-17,常會,新竹,充電式六段多功能手電筒,否,中國信託商業銀行 代理部,(02)6636-5566,
1524,耿鼎,25.8,2026-04-15,2026-06-16,常會,桃園,菜瓜布,否,群益金鼎證券股份有限公司,02-27035000,
1604,聲寶,23.25,2026-04-15,2026-06-16,常會,桃園,雨傘,否,元大證券股份有限公司,02-25865859,
1721,國慶科技,27.55,2026-04-15,2026-06-16,常會,台中,商品卡,否,永豐金證券股份有限公司,02-23816288,
1734,杏輝,32.1,2026-04-15,2026-06-16,常會,宜蘭,茯苓善補B群膠囊20粒/瓶,否,永豐金證券(股)公司股務代理部,(02)2381-6288,
2338,光罩,48.2,2026-04-15,2026-06-18,常會,台灣,Mini不銹鋼真空保溫杯,否,福邦證券股份有限公司股務代理部,(02)2371-1658,
2349,錸德,10.35,2026-04-15,2026-06-16,常會,新竹,洗衣機槽清潔錠,否,台新證券股務代理部,02-25048125,
2365,昆盈,28.0,2026-04-15,2026-06-17,常會,珍豪,頭戴式耳機,否,兆豐證券股份有限公司股務代理部,(02)3393-0898,
2367,燿華,49.65,2026-04-15,2026-06-16,常會,燿華,感應小夜燈,否,燿華電子股務室,(02)2705-1333,
2390,云辰,10.05,2026-04-15,2026-06-17,常會,新北,7-11 35元商品卡,否,群益金鼎證券(股)公司股務代理部,(02)2702-3999,35.0
2399,映泰,48.6,2026-04-15,2026-06-17,常會,豪鼎,南僑水晶馬卡龍植萃皂,否,福邦證券股份有限公司,(02)2371-1658,
2402,毅嘉,59.0,2026-04-15,2026-06-16,常會,桃園,超商咖啡卡,否,台新證券股務代理部,02-25048125,
2425,承啟,37.25,2026-04-15,2026-06-16,常會,新北,7-11 35元商品卡,否,福邦證券股份有限公司,02-23711658,35.0
2429,銘旺科,30.05,2026-04-15,2026-06-16,常會,桃園,雲彩霓虹無人機冷光水晶掛飾,否,兆豐證券股份有限公司股務代理部,02-33930898,
2481,強茂,180.5,2026-04-15,2026-06-18,常會,高雄,蜂王 拾光漫遊經典皂二入盒,否,元大證券股份有限公司,02-25865859,
2498,宏達電,42.05,2026-04-15,2026-06-18,常會,靚點,HTC三角肩背包,否,中國信託商業銀行代理部,(02)6636-5566,
2516,新建,14.85,2026-04-15,2026-06-17,常會,台北,休閒側背包,否,凱基證券(股)公司,(02)2389-2999,
2601,益航,6.45,2026-04-15,2026-06-18,常會,台北,妙管家雪花點點杯(藍雲朵),否,凱基證券股份有限公司,(02)2389-2999,
2616,山隆,13.15,2026-04-15,2026-06-18,常會,新北,春風抽取式衛生紙一串,是,山隆通運股份有限公司,(02)22225131,
2727,王品,233.5,2026-04-15,2026-06-17,常會,台中,王品股東大禮包,否,永豐金證券股份有限公司,(02)2381-6288,
2801,彰銀,27.2,2026-04-15,2026-06-18,常會,臺北,7-11 商品卡,否,兆豐證券股務代理部,02-33930898,
2834,臺企銀,17.3,2026-04-15,2026-06-18,常會,臺北,7-11 商品卡(新臺幣50元),否,元大證券股份有限公司,(02)25865859,50.0
2880,華南金,44.6,2026-04-15,2026-06-18,常會,台北,咖波聯名限定雙盤組,否,華南永昌綜合證券股份有限公司,27186425,
3033,威健,42.4,2026-04-15,2026-06-18,常會,青青,威健帆布提袋,否,元大證券股務代理部,2586-3117,
3047,訊舟,14.4,2026-04-15,2026-06-16,常會,本公,清新植萃精華皂二入盒,否,群益金鼎證券股份有限公司,(02)2702-3999,
3050,鈺德,11.65,2026-04-15,2026-06-17,常會,桃園,洗衣機槽清洗錠,否,群益金鼎證券股份有限公司,02-27023999,
3060,銘異,28.5,2026-04-15,2026-06-17,常會,桃園,全家50元禮物卡,否,元大證券股份有限公司,(02)25865859,50.0
3131,弘塑,2530.0,2026-04-15,2026-06-17,常會,新竹,香皂,否,群益金鼎證券股份有限公司,02-2702-3999,
3163,波若威,709.0,2026-04-15,2026-06-16,常會,新竹,超商商品卡50元,否,凱基證券股份有限公司股務代理部,(02)2389-2999,50.0
3312,弘憶股,51.7,2026-04-15,2026-06-17,常會,台北,洗手乳,否,群益金鼎證券股份有限公司股代部,02-2702-3999,
3339,泰谷,45.9,2026-04-15,2026-06-16,常會,南投,7-11 35元美式咖啡卡,否,福邦證券股份有限公司,(02)2371-1658,
3390,旭軟,22.2,2026-04-15,2026-06-16,常會,尊爵,全家禮物卡50元,否,凱基證券(股)公司,02-23892999,50.0
3402,漢科,140.0,2026-04-15,2026-06-16,常會,新竹,洗手乳,否,群益金鼎證券股份有限公司,02-2702-3999,
3434,哲固,31.0,2026-04-15,2026-06-17,常會,桃園,7-11 50元商品卡,否,華南永昌綜合證券股份有限公司,02-2718-6425,50.0
3466,德晉,24.3,2026-04-15,2026-06-16,常會,新北,全家禮物卡50元,否,兆豐證券股份有限公司,02-33930898,50.0
3508,位速,24.9,2026-04-15,2026-06-17,常會,桃園,7-11 商品卡50元,否,元大證券股份有限公司,02-25865859,50.0
3526,凡甲,276.0,2026-04-15,2026-06-17,常會,新北,蜂王清新植萃精華皂兩入盒,否,元大證券(股)公司股務代理部,02-25865859,
3548,兆利,75.6,2026-04-15,2026-06-16,常會,新北,7-11 35元咖啡提貨卡,否,永豐金證券(股)公司股務代理部,02-23816288,
3550,聯穎,25.1,2026-04-15,2026-06-16,常會,新北,7-11 商品卡35元,否,兆豐證券股份有限公司股務代理部,3393-0898,35.0
3567,逸昌,26.0,2026-04-15,2026-06-16,常會,新竹,收納袋,否,富邦綜合證券股務代理部,(02)2361-1300,
3587,閎康,257.5,2026-04-15,2026-06-18,常會,新竹,超商35元商品卡,否,富邦綜合證券股份有限公司,02-23611300,35.0
3593,力銘,10.75,2026-04-15,2026-06-16,常會,高雄,7-11 35元商品卡,否,兆豐證券股份有限公司股務代理部,02-33930898,35.0
3624,光頡,145.5,2026-04-15,2026-06-16,常會,新竹,鋅合金編織充電線,否,宏遠證券股份有限公司,0277198899,
3625,西勝,10.4,2026-04-15,2026-06-18,常會,新北,四合一開瓶器,否,兆豐證券股份有限公司股務代理部,(02)33930898,
3710,連展投控,8.19,2026-04-15,2026-06-17,常會,新北,精品濾掛咖啡,否,統一綜合證券股份有限公司,(02)2746-3797,
4160,訊聯基因,38.4,2026-04-15,2026-06-17,常會,台北,外泌體極萃彈潤舒護面膜,否,中國信託商業銀行(股)公司代理部,(02)6636-5566,
4167,松瑞藥,19.45,2026-04-15,2026-06-17,常會,台南,伊莎貝爾無患子洗手乳,否,宏遠證券股份有限公司股務代理部,02-2326-8818,
4173,久裕,17.3,2026-04-15,2026-06-16,常會,新北,面膜,否,統一綜合證券(股)公司,(02)2746-3797,
4526,東台,33.5,2026-04-15,2026-06-17,常會,高雄,7-11 商品卡35元,否,台新綜合證券股份有限公司,02-25048125,35.0
4966,譜瑞-KY,574.0,2026-04-15,2026-06-17,常會,台北,全家禮物卡50元,是,中國信託商業銀行代理部,02-6636-5566,50.0
4973,廣穎,138.0,2026-04-15,2026-06-18,常會,台北,毛寶好無比超淨亮洗衣精,否,群益金鼎證券股份有限公司,02-2702-3999,
5203,訊連,60.2,2026-04-15,2026-06-18,常會,新北,CITY CAFE/現萃茶實體提貨卡,否,元大證券(股)公司股務代理部,02-2586-5859,
5222,全訊,105.5,2026-04-15,2026-06-18,常會,南部,超商50元商品卡,否,台新綜合證券(股)公司股務代理部,02-25048125,50.0
5271,紘通,11.25,2026-04-15,2026-06-16,常會,新北,全家禮物卡50元,否,中國信託,02-66365566,50.0
5425,台半,105.5,2026-04-15,2026-06-17,常會,宜蘭,全家禮物卡50元,否,中國信託商業銀行代理部,(02)6636-5566,50.0
5439,高技,261.0,2026-04-15,2026-06-17,常會,桃園,7-11 商品卡50元,否,台新綜合證券(股)公司股務代理部,02-25048125,50.0
5471,松翰,52.6,2026-04-15,2026-06-17,常會,新竹,全家禮物卡50元,否,元大證券股份有限公司股務代理部,02-25865859,50.0
5490,同亨,25.25,2026-04-15,2026-06-16,常會,新竹,7-11 商品卡50元,否,富邦綜合證券(股)公司股務代理部,02-23611300,50.0
5498,凱崴,54.8,2026-04-15,2026-06-17,常會,桃園,蜂王清新植萃精華皂二入,否,宏遠證券股份有限公司,(02)77198899,
5512,力麒,7.51,2026-04-15,2026-06-17,常會,台北,老媽拌麵(單包裝),否,台新證券股務代理部,(02)25048125,
5701,劍湖山,4.05,2026-04-15,2026-06-17,常會,雲林,萌髮洗髮精系列產品,否,群益金鼎證券股份有限公司,02-27023999,
5863,瑞興銀,10.9,2026-04-15,2026-06-16,常會,台北,保溫保冷袋或其他等值,否,新光,02-23118181,
5880,合庫金,25.9,2026-04-15,2026-06-18,常會,臺北,便利超商禮物卡,否,元大證券股份有限公司,02-2586-5859,
6015,宏遠證,18.1,2026-04-15,2026-06-17,常會,台北,伸縮三合一充電線,否,宏遠證券股務代理部,77198899,
6108,競國,25.65,2026-04-15,2026-06-17,常會,新北,7-11 商品卡35元,否,凱基證券股份有限公司,(02)2389-2999,35.0
6129,普誠,14.55,2026-04-15,2026-06-16,常會,新北,全家50元禮券,否,凱基證券股份有限公司股務代理部,02-23892999,50.0
6136,富爾特,25.2,2026-04-15,2026-06-16,常會,天下,手工香皂,否,台新證券股務代理部,(02)2504-8125,
6160,欣技,13.95,2026-04-15,2026-06-16,常會,新北,馬鞭草乳霜皂(2入),否,元大證券股份有限公司,02-25865859,
6165,浪凡,48.6,2026-04-15,2026-06-18,常會,新北,超商禮券35元,否,福邦證券(股)公司股務代理部,(02)2383-6888,35.0
6167,久正,10.25,2026-04-15,2026-06-16,常會,台中,環保肥皂,否,永豐金證券股務代理部,02-2381-6288,
6182,合晶,131.5,2026-04-15,2026-06-18,常會,桃園,7-11 50元商品卡,否,凱基證券股份有限公司股務代理部,(02)23892999,50.0
6191,精成科,85.9,2026-04-15,2026-06-18,常會,新北,FDK三號鹼性電池1組(4入),否,精成科技股份有限公司股務辦事處,(02)27905885,
6209,今國光,87.9,2026-04-15,2026-06-17,常會,台中,台灣茶摳柔嫩細緻肌燕麥皂二入,否,福邦證券股份有限公司,02-23711658,
6221,晉泰,30.1,2026-04-15,2026-06-17,常會,新竹,超商商品卡50元,否,國票綜合證券(股)公司股務代理部,02-25288988,50.0
6223,旺矽,5520.0,2026-04-15,2026-06-17,常會,新竹,7-11 商品卡50元,否,華南永昌綜合證券股份有限公司,02-27186425,50.0
6224,聚鼎,79.7,2026-04-15,2026-06-16,常會,新竹,法式浮雕8吋餐盤組(2入裝),否,凱基證券股份有限公司,02-23892999,
6243,迅杰,40.2,2026-04-15,2026-06-16,常會,新竹,7-11 50元商品卡,否,元大證券股務代理部,02-25865859,50.0
6244,茂迪,23.25,2026-04-15,2026-06-17,常會,台南,優選經典米,否,中國信託商業銀行代理部,(02)6636-5566,
6294,智基,28.05,2026-04-15,2026-06-17,常會,台南,學費旅費兌換券500元,否,福邦證券股份有限公司股務代理部,02-23711658,
6485,點序,79.0,2026-04-15,2026-06-16,常會,新竹,超商商品卡50元,否,元大證券股份有限公司股務代理部,(02)2586-5859,50.0
6549,景凱,7.05,2026-04-15,2026-06-16,常會,新竹,ESG永續公益刨刀,否,富邦,02-23611300,
6672,騰輝電子-KY,451.0,2026-04-15,2026-06-18,常會,臺北,台幣50元全家禮物卡,否,元大證券股份有限公司股務代理部,02-2586-5859,50.0
6698,旭暉應材,31.35,2026-04-15,2026-06-17,常會,台南,全家35元禮物卡,否,兆豐證券股份有限公司,02-33930898,35.0
6786,芯測,63.9,2026-04-15,2026-06-18,常會,新竹,石墨烯能量護腕,否,宏遠,02-23268818,
6810,新穎生醫,20.25,2026-04-15,2026-06-18,常會,新竹,超商咖啡提領卡 (35元),否,台新,02-25048125,
7705,三商餐飲,29.85,2026-04-15,2026-06-17,常會,台北,三商 i 美食 APP各品牌 50 元電子抵用券共 12 張,否,宏遠證券股份有限公司股務代理部,(02)2326-8818,
8027,鈦昇,209.5,2026-04-15,2026-06-18,常會,高雄,超商禮物卡,否,永豐金證券股份有限公司,(02)23816288,
8085,福華,14.85,2026-04-15,2026-06-17,常會,新北,植舒香皂組,否,福邦證券股份有限公司,(02)2371-1658,
8089,康全電訊,19.35,2026-04-15,2026-06-17,常會,台北,蜂王清新植萃精華皂,否,康和綜合證券股份有限公司,02-8787-1118,
8103,瀚荃,121.5,2026-04-15,2026-06-17,常會,新北,茶山房洗手串組,否,華南永昌綜合證券(股)公司,27186425,
8110,華東,49.2,2026-04-15,2026-06-17,常會,高雄,超商35元商品卡,否,華東科技股份有限公司股務辦事處,02-27905885,35.0
8183,精星,28.2,2026-04-15,2026-06-18,常會,新竹,FDK三號鹼性電池(4入一組),否,台灣精星股務辦事處,02-27905885,
8443,阿瘦,11.15,2026-04-15,2026-06-17,常會,沃田,感恩購物金500元現金抵用券,否,凱基證券股份有限公司股務代理部,(02)2389-2999,
9912,偉聯,13.1,2026-04-15,2026-06-18,常會,台北,超商禮物卡35元,否,群益金鼎證券股份有限公司,02-27023999,35.0
9951,皇田,46.5,2026-04-15,2026-06-17,常會,台南,7-11 商品卡35元,否,群益金鼎證券股份有限公司,(02)27023999,35.0
1414,東和,17.3,2026-04-14,2026-06-15,常會,台北,襪子乙雙,否,中國信託商業銀行代理部,(02)66365566,
1527,鑽全,32.8,2026-04-14,2026-06-15,常會,台中,7-11 35元商品卡,否,群益金鼎證券股份有限公司,(02)27023999,35.0
2401,凌陽,26.65,2026-04-14,2026-06-15,常會,新竹,7-11 商品卡50元,否,中信銀股務代理部,02-6636-5566,50.0
3607,谷崧,13.8,2026-04-14,2026-06-15,常會,桃園,超商咖啡提領卡(35元),否,台新證券股務代理部,02-25048125,
5452,佶優,30.0,2026-04-14,2026-06-15,常會,本公,全家35元禮物卡,否,凱基證券(股)公司股務代理部,02-23892999,35.0
5478,智冠,97.1,2026-04-14,2026-06-15,常會,高雄,MyCard點數卡100點,否,元大證券股份有限公司,(02)2586-5859,
6150,撼訊,66.3,2026-04-14,2026-06-15,常會,新北,時尚輕巧隨手杯200ml,否,富邦綜合證券股務代理部,23611300,
8431,匯鑽科,63.6,2026-04-14,2026-06-15,常會,10,全家禮物卡100元,否,凱基證券股份有限公司股務代理部,02-2389-2999,100.0
1337,再生-KY,4.41,2026-04-09,2026-06-12,常會,高雄,居慕洗手液,否,元大證券股份有限公司股務代理部,(02)2586-5859,
1452,宏益,10.6,2026-04-09,2026-06-12,常會,新北,濕紙巾,否,康和綜合證券股份有限公司,02-87871118,
1580,新麥,95.8,2026-04-09,2026-06-12,常會,新北,7-11 咖啡兌換券,否,台新證券股務代理部,02-25048125,
1781,合世,9.8,2026-04-09,2026-06-12,常會,新北,伊莎貝爾櫻花沐浴皂,否,富邦綜合證券股份有限公司,02-2361-1300,
1784,訊聯,59.5,2026-04-09,2026-06-12,常會,台北,外泌體極萃彈潤舒護面膜,否,中國信託商業銀行(股)公司代理部,(02)66365566,
2107,厚生,27.1,2026-04-09,2026-06-12,常會,桃園,超商禮物卡35元,否,台新證券股務代理部,(02)25048125,35.0
2316,楠梓電,171.5,2026-04-09,2026-06-12,常會,高雄,方形玻璃保鮮盒,否,統一綜合證券股份有限公司,02-27463797,
2364,倫飛,64.8,2026-04-09,2026-06-12,常會,高雄,超商50元商品卡,否,福邦證券股份有限公司股務代理部,02-2371-1658,50.0
2478,大毅,126.5,2026-04-09,2026-06-12,常會,桃園,7-11 50元商品卡,否,統一綜合證券股份有限公司,02-2746-3797,50.0
2495,普安,38.45,2026-04-09,2026-06-12,常會,新北,7-11 商品卡 35元,否,元大證券股份有限公司股務代理部,(02)2586-5859,35.0
2885,元大金,68.2,2026-04-09,2026-06-12,常會,台北,即享卡100元,否,元大證券(股)公司股務代理部,02-25865859,
2891,中信金,67.4,2026-04-09,2026-06-12,常會,台北,琉璃工房–牡丹花開碗盤組(2套組),否,中國信託商業銀行代理部,(02)6636-5566,
3013,晟銘電,93.0,2026-04-09,2026-06-12,常會,台北,三角斜背保溫保冷袋,否,中國信託代理部,02-6636-5566,
3028,增你強,63.4,2026-04-09,2026-06-12,常會,台北,隨行玻璃胖胖瓶,否,台新證券股務代理部,02-25048125,
3049,精金,12.25,2026-04-09,2026-06-12,常會,台南,即享卡100元,否,精金科技(股)公司股務辦事處,(02)2790-5885,
3209,全科,46.1,2026-04-09,2026-06-12,常會,台北,迷你夜行LED燈,否,凱基證券股份有限公司,02-23892999,
3276,宇環,14.15,2026-04-09,2026-06-12,常會,利百,35元超商咖啡卡,否,福邦證券股份有限公司,02-23711658,
3289,宜特,141.0,2026-04-09,2026-06-12,常會,新竹,禮券50元,否,兆豐證券股務代理部,(02)3393-0898,50.0
3322,建舜電,11.2,2026-04-09,2026-06-12,常會,新北,7-11 35元商品卡,否,凱基證券股份有限公司,23148800,35.0
3372,典範,16.35,2026-04-09,2026-06-12,常會,高雄,7-11 35元商品卡,否,元大證券股份有限公司股務代理部,02-25865859,35.0
3498,陽程,236.5,2026-04-09,2026-06-12,常會,桃園,全家禮物卡50元,否,福邦證券股份有限公司,02-2371-1658,50.0
3632,研勤,7.05,2026-04-09,2026-06-12,常會,自由,包裝米,否,台新綜合證券(股)公司股務代理部,02-25048125,
4523,永彰,23.75,2026-04-09,2026-06-12,常會,桃園,7-11 7-11 中杯美式咖啡卡,否,群益金鼎證券股份有限公司,02-2702-3999,
4721,美琪瑪,80.9,2026-04-09,2026-06-12,常會,桃園,超商商品卡50元,否,宏遠證券股份有限公司,(02)77198899,50.0
4735,豪展,36.05,2026-04-09,2026-06-12,常會,新北,伊莎貝爾歐風精華皂,否,富邦證券股份有限公司,(02)2361-1300,
5371,中光電,83.5,2026-04-09,2026-06-12,常會,竹南,真空包裝米,否,台新綜合證券(股)公司股務代理部,(02)2504-8125,
6143,振曜,80.1,2026-04-09,2026-06-12,常會,新竹,全家禮物卡50元,否,元大證券股務代理部,(02)25865859,50.0
6185,幃翔,12.45,2026-04-09,2026-06-12,常會,新北,好無比洗衣精,否,富邦綜合證券股份有限公司,(02)2361-1300,
6218,豪勉,61.4,2026-04-09,2026-06-12,常會,臺北,7-11 35元商品卡,否,凱基證券股務代理部,(02)2389-2999,35.0
6284,佳邦,80.2,2026-04-09,2026-06-12,常會,苗栗,鹼性電池一組,否,元大證券股份有限公司股務代理部,(02)2586-5859,
6483,原創生醫,12.2,2026-04-09,2026-06-12,常會,台北,7-11 商品券50元,否,福邦,02-23836888,50.0
6517,保勝光學,66.4,2026-04-09,2026-06-12,常會,台中,7-11 50元商品卡,否,凱基證券股份有限公司,0223892999,50.0
6706,惠特,151.5,2026-04-09,2026-06-12,常會,台中,7-11 50元商品卡,否,凱基證券股份有限公司股務代理部,02-23892999,50.0
6885,全福生技,29.3,2026-04-09,2026-06-12,常會,臺北,商品卡35元,否,永豐金證券股份有限公司,02-23816288,35.0
7402,邑錡,99.5,2026-04-09,2026-06-12,常會,台北,超商咖啡卡35元,否,台新證券股務代理部,02-25048125,
7516,清淨海,8.42,2026-04-09,2026-06-12,常會,桃園,清淨海MIIFLORA香水洗髮精720g,否,兆豐,02-33930898,
8076,伍豐,21.4,2026-04-09,2026-06-12,常會,新北,統一商品卡100元,否,兆豐證券股份有限公司股務代理部,(02)33930898,100.0
8088,品安,44.0,2026-04-09,2026-06-12,常會,基隆,7-11 商品卡35元,否,富邦綜合證券股份有限公司,02-23611300,35.0
8390,金益鼎,89.0,2026-04-09,2026-06-12,常會,台灣,香水洗衣精1罐,否,福邦證券股份有限公司股務代理部,(02)2371-1658,
9919,康那香,13.9,2026-04-09,2026-06-12,常會,台南,口罩,否,凱基證券股份有限公司股務代理部,(02)2389-2999,
1464,得力,9.93,2026-04-08,2026-06-09,常會,台南,商品卡50元,否,台新綜合證券(股)公司,(02)2504-8125,50.0
1514,亞力,102.0,2026-04-08,2026-06-11,常會,台北,足弓氣墊襪,否,元大證券股份有限公司,(02)2586-5859,
1565,精華,96.7,2026-04-08,2026-06-09,常會,新北,7-11 50元提貨券,否,元大證券股務代理部,(02)2586-5859,50.0
1709,和益,64.3,2026-04-08,2026-06-11,常會,台北,德菲雅掛耳式咖啡,否,華南永昌綜合證券股務代理部,02-2718-6425,
1718,中纖,11.15,2026-04-08,2026-06-11,常會,台北,燕窩飲,否,本公司股務課,02-23937111,
1732,毛寶,26.0,2026-04-08,2026-06-11,常會,新竹,毛寶小蘇打植萃香氛洗衣皂晶球50g(5顆),否,中國信託商業銀行代理部,(02)6636-5566,
2025,千興,13.9,2026-04-08,2026-06-09,常會,台南,香皂乙塊,否,統一綜合證券股份有限公司,02-2747-8266,
2230,泰茂,21.8,2026-04-08,2026-06-11,常會,台南,7-11 商品卡50元,否,兆豐證券股份有限公司,(02)3393-0898,50.0
2323,中環,11.0,2026-04-08,2026-06-11,常會,台北,水晶肥皂洗衣精,否,凱基證券股份有限公司,02-23892999,
2345,智邦,2075.0,2026-04-08,2026-06-11,常會,新竹,統一商品卡50元,否,元大證券股份有限公司,02-25865859,50.0
2359,所羅門,127.0,2026-04-08,2026-06-09,常會,台北,蜂王拾光漫遊經典皂二入,否,統一綜合證券(股)公司股務代理部,(02)2747-8266,
2380,虹光,16.6,2026-04-08,2026-06-10,常會,新竹,沙威隆潔淨抗菌組,否,永豐金證券股份有限公司,02-23816288,
2417,圓剛,38.5,2026-04-08,2026-06-11,常會,圓剛,不鏽鋼保溫杯,否,富邦綜合證券股份有限公司,02-2361-1300,
2453,凌群,53.2,2026-04-08,2026-06-11,常會,台北,折疊手提袋,否,群益金鼎證券股份有限公司,(02)2702-3999,
2457,飛宏,22.2,2026-04-08,2026-06-11,常會,福容,7-11 35元商品卡,否,中國信託商業銀行代理部,(02)6636-5566,35.0
2485,兆赫,44.6,2026-04-08,2026-06-10,常會,新竹,7-11 50元商品卡,否,元大證券股份有限公司,(02)2586-5859,50.0
2493,揚博,208.0,2026-04-08,2026-06-11,常會,桃園,保溫保冷袋,否,中國信託商業銀行代理部,(02)6636-5566,
2535,達欣工,88.3,2026-04-08,2026-06-09,常會,台北,BLACK HAMMER耐熱玻璃法式濾壓壺,否,富邦綜合證券股份有限公司,(02)2361-1300,
2605,新興,35.15,2026-04-08,2026-06-11,常會,台北,琉璃沙拉碗,否,中國信託商業銀行代理部,02-66365566,
2913,農林,10.9,2026-04-08,2026-06-11,常會,新竹,日月紅茶2.4公克*20入茶包,否,福邦證券股份有限公司股務代理部,02-2371-1658,
3048,益登,53.6,2026-04-08,2026-06-11,常會,台北,7-11 商品卡35元,否,群益金鼎證券股份有限公司,(02)2702-3999,35.0
3052,夆典,10.45,2026-04-08,2026-06-09,常會,新北,五合一工具組,否,元大證券股份有限公司,02-2586-5859,
3211,順達,399.0,2026-04-08,2026-06-11,常會,桃園,7-11 50元商品卡,否,群益金鼎證券股份有限公司,(02)2702-3999,50.0
3213,茂訊,125.5,2026-04-08,2026-06-10,常會,新北,鍋寶萬用不沾刀具三件組,否,群益金鼎證券股份有限公司,(02)2702-3999,
3228,金麗科,172.0,2026-04-08,2026-06-11,常會,新竹,7-11 咖啡提貨卡(中杯美式35元),否,永豐金證券股份有限公司,02-23816288,
3236,千如,53.5,2026-04-08,2026-06-09,常會,桃園,運動涼感巾,否,中國信託商業銀行代理部,02-66365566,
3305,昇貿,109.0,2026-04-08,2026-06-11,常會,桃園,7-11 商品卡35元,否,凱基證券股份有限公司,(02)2389-2999,35.0
3317,尼克森,71.8,2026-04-08,2026-06-11,常會,新北,好來輕便組(好來超氟強化琺瑯質牙膏50g+好來經典纖柔軟毛牙刷乙支),否,華南永昌綜合證券股份有限公司,(02)27186425,
3323,加百裕,30.6,2026-04-08,2026-06-11,常會,桃園,多功能飲料提袋,否,中國信託商業銀行代理部,02-66365566,
3360,尚立,15.3,2026-04-08,2026-06-09,常會,捷運,白米產品,否,群益金鼎證券股份有限公司,(02)27023999,
3376,新日興,171.5,2026-04-08,2026-06-09,常會,新北,調料罐,否,台新證券股務代理部,02-25048125,
3430,奇鈦科,113.0,2026-04-08,2026-06-09,常會,台北,全家35元禮物卡,否,凱基證券股份有限公司股務代理部,23892999,35.0
3479,安勤,136.0,2026-04-08,2026-06-09,常會,新北,全家中杯美式咖啡,否,台新綜合證券(股)公司股務代理部,(02)25048125,
3518,柏騰,48.75,2026-04-08,2026-06-09,常會,尊爵,咖啡杯,否,台新綜合證券股務代理部,(02)2504-8125,
3540,曜越,24.6,2026-04-08,2026-06-09,常會,台北,超商商品卡35元,否,永豐金證券股份有限公司,02-2381-6288,35.0
3687,歐買尬,60.8,2026-04-08,2026-06-11,常會,台北,7-11 咖啡提貨卡,否,台新證券股務代理部,02-25048125,
3707,漢磊,85.3,2026-04-08,2026-06-11,常會,新竹,美容巾,否,凱基證券股份有限公司,0223892999,
4108,懷特,11.3,2026-04-08,2026-06-09,常會,桃園,清潔品,否,福邦證券股份有限公司,02-2371-1658,
4111,濟生,29.0,2026-04-08,2026-06-10,常會,新竹,靚亮膠原蛋白,否,元大證券股份有限公司,02-25865859,
4168,醣聯,22.8,2026-04-08,2026-06-11,常會,新北,公益沐浴球(限持股1000股以上),否,福邦證券股份有限公司股務代理部,(02)2371-1658,
4171,瑞基,16.85,2026-04-08,2026-06-11,常會,台中,全家禮物卡35元,否,中國信託商業銀行代理部,(02)6636-5566,35.0
4510,高鋒,42.65,2026-04-08,2026-06-10,常會,本公,超商50元商品卡,否,台新綜合證券(股)公司股務代理部,02-25048125,50.0
4533,協易機,25.55,2026-04-08,2026-06-11,常會,桃園,7-11 35元商品卡,否,福邦證券股份有限公司,(02)2371-1658,35.0
4541,晟田,60.8,2026-04-08,2026-06-11,常會,高雄,7-11 35元商品卡,否,凱基證券股份有限公司,(02)2389-2999,35.0
4566,時碩工業,77.5,2026-04-08,2026-06-09,常會,桃園,折疊休閒帽,否,凱基證券股份有限公司,(02)2389-2999,
4714,永捷,11.95,2026-04-08,2026-06-10,常會,台南,朝和生醫保健產品,否,中國信託商業銀行代理部,(02)6636-5566,
4716,大立,19.05,2026-04-08,2026-06-11,常會,高雄,濕紙巾,否,統一綜合證券股份有限公司,02-27478266,
4744,皇將,28.35,2026-04-08,2026-06-11,常會,台中,全家100元禮券,否,褔邦證券股份有限公司,02-2371-1658,100.0
4749,新應材,806.0,2026-04-08,2026-06-11,常會,桃園,7-11 商品卡,否,兆豐證券(股)公司股務代理部,02-33930898,
5243,乙盛-KY,95.7,2026-04-08,2026-06-11,常會,新北,硅藻土杯墊,否,福邦證券股份有限公司,02-2371-1658,
5263,智崴,90.6,2026-04-08,2026-06-09,常會,高雄,體驗優惠券,是,台新證券股務代理部,02-25048125,
5355,佳總,7.87,2026-04-08,2026-06-11,常會,桃園,木漿棉百潔擦,否,中國信託商業銀行代理部,02-6636-5566,
5603,陸海,13.55,2026-04-08,2026-06-09,常會,台北,伊莎貝爾香皂,否,亞東證券股份有限公司,02-77531699,
6104,創惟,90.7,2026-04-08,2026-06-09,常會,新北,7-11 商品卡50元,否,中國信託商業銀行代理部,(02)6636-5566,50.0
6152,百一,17.25,2026-04-08,2026-06-11,常會,桃園,手機支架,否,永豐金證券股份有限公司,02-23816288,
6153,嘉聯益,17.85,2026-04-08,2026-06-10,常會,新北,FDK三號鹼性電池一組(4入),否,元大證券股份有限公司,(02)2586-5859,
6170,統振,48.65,2026-04-08,2026-06-11,常會,台北,澳寶髮膜,否,福邦證券股份有限公司,(02)2371-1658,
6173,信昌電,292.0,2026-04-08,2026-06-11,常會,桃園,FDK三號鹼性電池一組(4入),否,信昌電子陶瓷(股)公司股務辦事處,02-27905885,
6220,岳豐,25.3,2026-04-08,2026-06-09,常會,桃園,洗手串皂,否,永豐金證券股份有限公司,02-23816288,
6226,光鼎,43.0,2026-04-08,2026-06-09,常會,新北,蜂王草本皂80g,否,富邦綜合證券股份有限公司,(02)23611300,
6233,旺玖,23.6,2026-04-08,2026-06-10,常會,台北,全家35元禮物卡,否,凱基證券股務代理部,02-23892999,35.0
6261,久元,78.1,2026-04-08,2026-06-09,常會,新竹,7-11 商品券35元,否,群益金鼎證券股份有限公司,02-27023999,35.0
6276,安鈦克,19.75,2026-04-08,2026-06-11,常會,台北,7-11 中杯美式咖啡卡,否,永豐金證券股務代理部,02-23816288,
6411,晶焱,78.7,2026-04-08,2026-06-09,常會,新北,7-11 商品卡50元,否,群益金鼎證券股份有限公司,(02)27023999,50.0
6432,今展科,67.1,2026-04-08,2026-06-11,常會,台北,全家咖啡卡25元,否,永豐金證券股務代理部,02-23816288,
6473,美賣*,6.54,2026-04-08,2026-06-09,常會,台北,美賣商城 85 折優惠券 10 張,否,宏遠,02-23268818,
6598,ABC-KY,26.8,2026-04-08,2026-06-11,常會,台北,全家35元商品卡,否,永豐金證券股份有限公司,02-23816288,35.0
6787,晶瑞光,26.2,2026-04-08,2026-06-09,常會,新竹,對摺式收納運動帽,否,統一,02-27463797,
6797,圓點奈米,11.3,2026-04-08,2026-06-11,常會,桃園,7-11 咖啡卡,否,元大,02-25865859,
8024,佑華,12.4,2026-04-08,2026-06-11,常會,新竹,馬卡龍捲尺,否,永豐金證券股份有限公司,02-23816288,
8034,榮群,19.75,2026-04-08,2026-06-11,常會,榮群,香皂,否,永豐金證券股務代理部,02-23816288,
8048,德勝,51.3,2026-04-08,2026-06-09,常會,南港,7-11 商品卡三十五元,否,元大證券股份有限公司,02-2586-5859,
8277,商丞,15.3,2026-04-08,2026-06-09,常會,劍潭,7-11 50元商品卡,否,群益金鼎證券股份有限公司,(02)27023999,50.0
8437,大地-KY,11.0,2026-04-08,2026-06-11,常會,台北,全家禮品卡35元,否,永豐金證券股務代理部,2381-6288,
9938,百和,37.9,2026-04-08,2026-06-09,常會,本公,竹炭襪2雙,否,中國信託商業銀行代理部,02-66365566,
1340,勝悅-KY,5.22,2026-04-07,2026-06-08,常會,台北,超商券(50元),否,永豐金證券公司股務代理部,(02)2381-6288,
1418,東華,18.7,2026-04-07,2026-06-08,常會,台北,皮革收納(修容護理四件組),否,永豐金證券股務代理部,(02)23816288,
2438,翔耀,20.1,2026-04-07,2026-06-08,常會,宜蘭,高級文青隨行杯,否,富邦綜合證券股份有限公司,02-2586-5859,
3306,鼎天,47.5,2026-04-07,2026-06-08,常會,桃園,不鏽鋼杯墊,否,兆豐證券股份有限公司,(02)3393-0898,
3541,西柏,24.6,2026-04-07,2026-06-08,常會,新北,公司LOGO金屬桿原子筆,否,富邦綜合證券股份有限公司,(02)2361-1300,
3646,艾恩特,25.2,2026-04-07,2026-06-08,常會,台北,35元超商禮券,否,永豐金證券股份有限公司,(02)2381-6288,35.0
4977,眾達-KY,175.0,2026-04-07,2026-06-08,常會,台北,全家35元禮物卡,否,中國信託商業銀行代理部,(02)66365566,35.0
6126,信音,33.4,2026-04-07,2026-06-08,常會,新竹,超商禮物卡50元,否,富邦綜合證券股份有限公司,(02)2361-1300,50.0
6683,雍智科技,1440.0,2026-04-07,2026-06-08,常會,新竹,7-11 50元商品卡,否,凱基證券股份有限公司股務代理部,(02)2314-8800,50.0
6684,安格,49.05,2026-04-07,2026-06-08,常會,新竹,刨刀1個,否,福邦證券股份有限公司股務代理部,02-23836888,
8358,金居,570.0,2026-04-07,2026-06-08,常會,台北,7-11 50元禮物卡,否,中國信託商業銀行 代理部,02-6636-5566,50.0
1323,永裕,21.55,2026-03-31,2026-06-01,常會,臺南,7-11 50元商品卡,否,凱基證券股份有限公司,02-23892999,50.0
2065,世豐,35.55,2026-03-31,2026-06-04,常會,高雄,7-11 50元商品卡,否,富邦綜合證券股份有限公司,02-23611300,50.0
2405,輔信,15.15,2026-03-31,2026-06-05,常會,台北,康寧Amber 9吋湯盤,否,群益金鼎證券股份有限公司,(02)2702-3999,
2465,麗臺,90.9,2026-03-31,2026-06-03,常會,新北,深海原萃極效修護面膜(一入),否,台新證券股務代理部,(02)2504-8125,
2611,志信,15.2,2026-03-31,2026-06-04,常會,台北,7-11 商品卡35元,否,統一綜合證券股份有限公司,(02)2746-3797,35.0
2636,台驊控股,70.2,2026-03-31,2026-06-05,常會,台北,台灣茶摳滋養沐浴皂,否,中國信託商業銀行代理部,02-6636-5566,
2911,麗嬰房,6.04,2026-03-31,2026-06-05,常會,台北,嬰兒柔護濕巾20抽/單包,否,永豐金證券股務代理部,23816288,
3149,正達,79.5,2026-03-31,2026-06-01,常會,苗栗,香皂組,否,福邦證券股份有限公司,(02)2371-1658,
3546,宇峻,72.2,2026-03-31,2026-06-03,常會,新北,不鏽鋼調味罐,否,群益金鼎證券股份有限公司,(02)27035000,
4132,國鼎,4.78,2026-03-31,2026-06-04,常會,新北,樂扣樂扣雙飲口彈跳316保溫杯,否,,,
4142,國光生,17.9,2026-03-31,2026-06-04,常會,台中,氣密保鮮罐,否,中國信託商業銀行 代理部,(02)6636-5566,
4150,優你康,1.67,2026-03-31,2026-06-04,常會,新竹,全家50元禮券卡,否,台新,02-25048125,50.0
4155,訊映,14.75,2026-03-31,2026-06-02,常會,新竹,五月花輕柔抽取式衛生紙,否,富邦綜合證券股份有限公司,02-2361-1300,
4557,永新-KY,50.4,2026-03-31,2026-06-05,常會,嘉義,精緻包裝米,否,兆豐證券股份有限公司股務代理部,02-33930898,
4991,環宇-KY,524.0,2026-03-31,2026-06-03,常會,臺灣,7-1135元商品卡,是,中國信託商業銀行代理部,02-66365566,1135.0
5210,寶碩,29.8,2026-03-31,2026-06-02,常會,台北,7-11 35元商品卡,否,群益金鼎證券股份有限公司,(02)2702-3999,35.0
5351,鈺創,114.0,2026-03-31,2026-06-05,常會,新竹,全家50元商品卡,否,中國信託商銀代理部,(02)6636-5566,50.0
5386,青雲,290.5,2026-03-31,2026-06-04,常會,新北,肥皂組,否,中國信託商業銀行股份有限公司,02-6636-5566,
5475,德宏,184.0,2026-03-31,2026-06-01,常會,桃園,旅行收納袋,否,中國信託商業銀行代理部,(02)6636-5566,
5609,中菲行,77.7,2026-03-31,2026-06-01,常會,美福,鑰匙圈,否,元大證券股份有限公司,(02)25865859,
5706,鳳凰,44.0,2026-03-31,2026-06-01,常會,台北,鳳凰旅遊證件收納袋,否,永豐金證券股份有限公司,23816288,
6016,康和證,24.35,2026-03-31,2026-06-04,常會,台北,蜂王舒活皂(一入),否,福邦證券(股)公司股務代理部,(02)2371-1658,
6207,雷科,152.0,2026-03-31,2026-06-04,常會,高雄,牛樟芝菌絲體膠囊10粒入/盒,否,元大證券股份有限公司,02-25865859,
6492,生華科,33.85,2026-03-31,2026-06-01,常會,新北,全家禮物卡50元,否,永豐金證券(股)公司股務代理部,(02)23816288,50.0
6530,創威,98.5,2026-03-31,2026-06-04,常會,台北,全家禮物卡50元,否,宏遠證券股份有限公司,(02)2326-8818,50.0
7689,大鵬科CLMX,164.0,2026-03-31,2026-06-04,常會,南港,多功能收納包,否,富邦綜合證券(股)股務代理部,02-23611300,
7780,大研生醫*,15.8,2026-03-31,2026-06-04,常會,台北,大研生醫股東專屬$680購物金(結帳滿990元即可使用),否,凱基證券股份有限公司股務代理部,02-23892999,990.0
8066,來思達,14.85,2026-03-31,2026-06-04,常會,台北,伊莎貝爾櫻花香皂二入,否,群益金鼎證券(股)公司,(02)27035000,
8119,公信,10.15,2026-03-31,2026-06-04,常會,新北,超商商品卡35元,否,群益,02-27023999,35.0
8935,邦泰,18.75,2026-03-31,2026-06-05,常會,本公,7-11 商品卡50元,否,群益金鼎證券股份有限公司,02-27023999,50.0
1536,和大,46.1,2026-03-26,2026-05-29,常會,台中,超商50元商品卡,否,台新證券股務代理部,02-25048125,50.0
1582,信錦,72.4,2026-03-26,2026-05-29,常會,新北,7-11 商品卡100元,否,中國信託商業銀行代理部,02-66365566,100.0
1904,正隆,24.0,2026-03-26,2026-05-29,常會,新北,春風官方購物商城AeSHOP折價券$200,是,本公司財務部股務課,02-22225131,
2103,台橡,28.6,2026-03-26,2026-05-29,常會,台北,休閒運動襪子禮盒,否,永豐金證券股份有限公司,02-23816288,
2317,鴻海,254.0,2026-03-26,2026-05-29,常會,新北,鴻海股東2026年專屬購物優惠(需登入官網領取),否,福邦證券股份有限公司,(02)2371-1658,
2329,華泰,45.0,2026-03-26,2026-05-29,常會,高雄,3C配件收納包,否,中國信託商業銀行代理部,(02)6636-5566,
2344,華邦電,181.0,2026-03-26,2026-05-29,常會,新竹,FDK三號鹼性電池一組(4入),否,華邦電子股份有限公司股務辦事處,(02)27905885,
2352,佳世達,28.95,2026-03-26,2026-05-29,常會,桃園,史努比陶瓷雙碗組,否,台新證券股務代理部,02-25048125,
2353,宏碁,31.4,2026-03-26,2026-05-29,常會,渴望,7-11 50元商品卡,否,宏碁股份有限公司股務室,(02)27195000,50.0
2354,鴻準,64.4,2026-03-26,2026-05-29,常會,新北,超商50元商品卡,否,福邦證券股份有限公司,(02)2371-1658,50.0
2436,偉詮電,73.2,2026-03-26,2026-05-29,常會,新竹,香皂禮盒(二入),否,中國信託商業銀行代理部,(02)66365566,
2442,新美齊,14.0,2026-03-26,2026-05-29,常會,台北,毛寶洗衣精500ml,否,中國信託商業銀行代理部,(02)6636-5566,
2449,京元電子,294.0,2026-03-26,2026-05-29,常會,苗栗,鋼珠筆組,否,宏遠證券股份有限公司,(02)7719-8899,
2455,全新,606.0,2026-03-26,2026-05-29,常會,桃園,商品卡35元,否,台新證券股務代理部,02-25048125,35.0
2480,敦陽科,166.5,2026-03-26,2026-05-29,常會,新竹,7-11 商品卡,否,元大證券(股)公司股務代理部,02-25865859,
2889,國票金,16.0,2026-03-26,2026-05-29,常會,臺北,高級法蘭絨毯(品項不足時以同值商品),否,國票綜合證券(股)公司股務代理部,(02)2528-8988,
3034,聯詠,543.0,2026-03-26,2026-05-29,常會,新竹,超商商品卡50元,否,宏遠證券股份有限公司股務代理部,(02)23268818,50.0
3037,欣興,1325.0,2026-03-26,2026-05-29,常會,桃園,OK超商100元商品卡,否,宏遠證券股份有限公司(95.3.3起),02-23268818,100.0
3234,光環,180.0,2026-03-26,2026-05-29,常會,新竹,保冷袋,否,元大證券股份有限公司,02-25865859,
3311,閎暉,49.5,2026-03-26,2026-05-29,常會,新北,FDK三號鹼性電池一組(4入),否,元大證券股份有限公司,(02)2586-5859,
3356,奇偶,67.4,2026-03-26,2026-05-29,常會,台北,7-11 美式咖啡卡,否,富邦綜合證券股份有限公司,02-2361-1300,
3406,玉晶光,1055.0,2026-03-26,2026-05-29,常會,台中,7-11 商品卡50元,否,永豐金證券股份有限公司,02-23816288,50.0
3450,聯鈞,548.0,2026-03-26,2026-05-29,常會,新北,印花樂山中健行琥珀茶色耐熱玻璃保鮮盒,否,元大證券股份有限公司股務代理部,(02)2586-5859,
3535,晶彩科,92.7,2026-03-26,2026-05-29,常會,新竹,玻璃兩用杯,否,台新證券股務代理部,02-25048125,
3685,元創精密,36.1,2026-03-26,2026-05-29,常會,臺中,全家禮物卡50元,否,宏遠證券股份有限公司,02-77198899,50.0
4133,亞諾法,20.3,2026-03-26,2026-05-29,常會,台北,7-11 35元商品卡,否,凱基證券股份有限公司,23892999,35.0
4172,因華,10.65,2026-03-26,2026-05-29,常會,台北,洗衣精600g,否,元大,02-25865859,
4806,桂田文創,12.1,2026-03-26,2026-05-29,常會,高雄,加捷順暢益生菌2 入,否,康和綜合證券股份有限公司,02-8787-1118,
4912,聯德控股-KY,109.5,2026-03-26,2026-05-29,常會,台北,Savlon沙威隆經典抗菌香皂,否,中國信託商業銀行代理部,02-6636-5566,
4916,事欣科,105.0,2026-03-26,2026-05-29,常會,桃園,7-11 50元商品卡,否,凱基證券股份有限公司股務代理部,0223892999,50.0
4961,天鈺,184.0,2026-03-26,2026-05-29,常會,新竹,7-11 50元商品卡,否,元大證券(股)公司股務代理部,02-25865859,50.0
4974,亞泰,71.1,2026-03-26,2026-05-29,常會,新北,五效合一洗衣膠囊,否,中國信託商業銀行 代理部,(02)6636-5566,
6156,松上,22.25,2026-03-26,2026-05-29,常會,新北,香皂,否,台新證券股務代理部,(02)25048125,
6179,亞通,35.75,2026-03-26,2026-05-29,常會,新北,修容組,否,中國信託商業銀行代理部,(02)6636-5566,
6215,和椿,97.8,2026-03-26,2026-05-29,常會,台北,7-11 35元商品卡,否,福邦證券股份有限公司股務代理部,2371-1658,35.0
6257,矽格,260.0,2026-03-26,2026-05-29,常會,新竹,7-11 商品卡 50元,否,凱基證券(股)公司股務代理部,02-23892999,50.0
6438,迅得,167.5,2026-03-26,2026-05-29,常會,桃園,全家50元禮物卡,否,台新證券股務代理部,02-25048125,50.0
8111,立碁,94.3,2026-03-26,2026-05-29,常會,新北,清淨海洗衣膠囊,否,元大證券股份有限公司股務代理部,02-2586-5859,
8289,泰藝,57.2,2026-03-26,2026-05-29,常會,泰藝,指甲剪折疊包,否,中國信託商業銀行代理部,6636-5566,
8383,千附,69.3,2026-03-26,2026-05-29,常會,桃園,蜂王拾光漫遊經典皂二入盒,否,統一綜合證券股份有限公司,02-2747-8266,
8916,光隆,40.95,2026-03-26,2026-05-29,常會,台北,超商商品卡50元,否,凱基證券股份有限公司,02-23892999,50.0
8933,愛地雅,4.56,2026-03-26,2026-05-29,常會,台中,香皂,否,愛地雅工業股份有限公司股務室,02-27051333,
8996,高力,1595.0,2026-03-26,2026-05-29,常會,桃園,7-11 商品卡50元,否,兆豐證券股份有限公司,(02)3393-0898,50.0
9917,中保科,106.5,2026-03-26,2026-05-29,常會,新北,7-11 或全家100元商品卡(擇一),否,元大證券股份有限公司股務代理部,(02)2586-5859,100.0
1104,環泥,26.5,2026-03-25,2026-05-26,常會,桃園,7-11 商品卡35元,否,永豐金證券股份有限公司,02-23816288,35.0
1215,卜蜂,104.0,2026-03-25,2026-05-27,常會,本公,雞肉鬆,否,中國信託商業銀行代理部,02-66365566,
1305,華夏,12.35,2026-03-25,2026-05-26,常會,苗栗,USii優系高阻氧封味鎖鮮袋,否,本公司股務部,(02)2650-3773,
1308,亞聚,14.3,2026-03-25,2026-05-28,常會,高雄,USii優系高阻氧封味鎖鮮袋,否,亞洲聚合股份有限公司股務部,(02)2650-3773,
1309,台達化,14.05,2026-03-25,2026-05-28,常會,高雄,USii優系高阻氧封味鎖鮮袋,否,台達化學工業股份有限公司股務部,(02)2650-3773,
1409,新纖,25.3,2026-03-25,2026-05-28,常會,台北,保溫保冷袋,否,新光證券(股)公司股務代理部,02-23118787,
1432,大魯閣,14.95,2026-03-25,2026-05-28,常會,台北,『800元消費抵用券』、『每月玩樂買1送1券』8張,否,華南永昌綜合證券股份有限公司,02-27186425,
1584,精剛,18.1,2026-03-25,2026-05-28,常會,台南,順暢益生菌,否,凱基證券股份有限公司,02-23892999,
1611,中電,11.25,2026-03-25,2026-05-26,常會,臺北,50元超商禮物卡,否,群益金鼎證券股份有限公司,02-2702-3999,50.0
1702,南僑,32.8,2026-03-25,2026-05-26,常會,台北,水晶肥皂150克3入,否,中國信託商業銀行代理部,(02)6636-5566,
1707,葡萄王,84.6,2026-03-25,2026-05-26,常會,桃園,葡萄王動能膠囊30粒/瓶,否,群益金鼎證券股份有限公司,02-27023999,
1711,永光,44.2,2026-03-25,2026-05-28,常會,台北,全家35元企業禮贈卡,否,兆豐證券股務代理部,02-33930898,
1712,興農,39.65,2026-03-25,2026-05-26,常會,台中,一滴淨奈米碳酸抗菌洗手乳1瓶不足時,是,群益金鼎證券股份有限公司,02-27023999,
1714,和桐,18.5,2026-03-25,2026-05-27,常會,新北,全家禮物卡面 額50元乙 張,否,和桐化學股份有限公司,89769289,50.0
1723,中碳,80.1,2026-03-25,2026-05-26,常會,高雄,7-11 商品卡 50元,否,群益金鼎證券股份有限公司,(02)2703-5000,50.0
1762,中化生,33.7,2026-03-25,2026-05-28,常會,新北,綠的抗菌潔手慕斯,否,元大證券股份有限公司股務代理部,25865859,
1909,榮成,10.0,2026-03-25,2026-05-27,常會,彰化,環保袋,否,元大證券股份有限公司,02-2586-5859,
2012,春雨,14.2,2026-03-25,2026-05-28,常會,高雄,神守精華膠囊,否,康和綜合證券股份有限公司,(02)8787-1118,
2022,聚亨,7.26,2026-03-25,2026-05-28,常會,&#,蜂王清新植萃精華皂,否,福邦證券股份有限公司,02-23711658,
2030,彰源,36.9,2026-03-25,2026-05-27,常會,雲林,運動休閒毛巾襪,否,凱基證券股份有限公司,02-23148800,
2104,國際中橡,11.25,2026-03-25,2026-05-26,常會,臺北,折疊環保提包,否,中國信託商業銀行代理部,02-6636-5566,
2241,艾姆勒,46.05,2026-03-25,2026-05-28,常會,新北,7-11 商品卡35元,否,元大證券股份有限公司股務代理部,02-2586-5859,35.0
2303,聯電,152.5,2026-03-25,2026-05-27,常會,新竹,SNOOPY口袋保溫瓶,否,宏遠證券股份有限公司,02-23268818,
2313,華通,248.5,2026-03-25,2026-05-28,常會,桃園,南僑清潔用品,否,台新證券股務代理部,(02)25048125,
2327,國巨*,626.0,2026-03-25,2026-05-27,常會,新北,妙管家八倍濃縮洗衣球,否,台新綜合證券股份有限公司,(02)2504-8125,
2328,廣宇,48.3,2026-03-25,2026-05-27,常會,新北,7-11 現金抵用券35元,否,福邦證券股份有限公司,(02)2371-1658,
2337,旺宏,121.5,2026-03-25,2026-05-27,常會,煙波,50元 7-11 商品卡,否,旺宏電子(股)公司股務室,02-25638128,50.0
2363,矽統,59.6,2026-03-25,2026-05-26,常會,新竹,工具組,否,宏遠證券股份有限公司,02-23268818,
2369,菱生,31.6,2026-03-25,2026-05-28,常會,台中,7-11 商品卡35元,否,中國信託商業銀行代理部,02-66365566,35.0
2371,大同,30.15,2026-03-25,2026-05-26,常會,臺北,Luminarc純白強化餐具2件套,否,福邦證券股份有限公司股務代理部,02-2371-1658,
2379,瑞昱,755.0,2026-03-25,2026-05-27,常會,新竹,全家88元禮物卡,否,中國信託商業銀行代理部,02-66365566,88.0
2409,友達,39.05,2026-03-25,2026-05-28,常會,友達,台灣產製真空包裝白米600公克,否,台新證券股務代理部,(02)25048125,
2439,美律,75.3,2026-03-25,2026-05-26,常會,本公,全家35元咖啡卡,否,凱基證券股份有限公司,(02)23892999,
2458,義隆,134.0,2026-03-25,2026-05-27,常會,本公,超商商品卡50元,否,台新綜合證券股份有限公司,02-25048125,50.0
2464,盟立,191.0,2026-03-25,2026-05-28,常會,新竹,義美提領券50元,否,中國信託商業銀行(股)公司代理部,(02)6636-5566,
2482,連宇,16.3,2026-03-25,2026-05-27,常會,新北,沙威隆經典抗菌皂二入,否,元大證券股份有限公司,(02)2586-5859,
2489,瑞軒,40.4,2026-03-25,2026-05-28,常會,新北,真空壓縮收納袋組(附抽氣沯 ),否,褔邦證券股份有限公司,(02)2371-1658,
2504,國產,30.95,2026-03-25,2026-05-28,常會,新北,7-11 商品卡50元,否,元大證券股份有限公司股務代理部,02-2586-5859,50.0
2520,冠德,36.65,2026-03-25,2026-05-27,常會,台北,環球購物中心禮券100元,否,中國信託商業銀行代理部,(02)6636-5566,100.0
2534,宏盛,16.55,2026-03-25,2026-05-26,常會,台北,白米,否,群益金鼎證券(股)公司股務代理部,27023999,
2603,長榮,234.5,2026-03-25,2026-05-28,常會,台北,德國雙人全鋼刨刀,否,股務課,(02)2500-1668,
2641,正德,17.25,2026-03-25,2026-05-27,常會,&#,7-11 35元商品卡,否,福邦證券股務代理部,02-2383-6888,35.0
2705,六福,15.05,2026-03-25,2026-05-28,常會,新竹,六福村主題樂園門票(六福村水樂園不適用)(有效期間115.6.8(一)~115.6.12(五)),否,兆豐證券(股)公司,02-3393-0898,
2812,台中銀,18.55,2026-03-25,2026-05-27,常會,台中,洗碗精,否,本公司股務科,02-23957388,
2890,永豐金,44.05,2026-03-25,2026-05-26,常會,台北,永豐幸福毯,否,永豐金證券公司股務代理部,(02)2381-6288,
3010,華立,130.0,2026-03-25,2026-05-26,常會,高雄,全家禮物卡50元,否,元大證券(股)公司股務代理部,(02)2586-5859,50.0
3014,聯陽,146.5,2026-03-25,2026-05-28,常會,新竹,香皂,否,宏遠證券股份有限公司,(02)23268818,
3019,亞光,141.5,2026-03-25,2026-05-27,常會,臺中,越光米200g,否,永豐金證券股份有限公司,(02)2381-6288,
3023,信邦,322.5,2026-03-25,2026-05-27,常會,信邦,玻璃杯,否,台新證券股務代理部,02-2504-8125,
3029,零壹,117.5,2026-03-25,2026-05-27,常會,台北,7-11 商品卡50元,否,台新綜合證券(股)公司股務代理部,(02)2504-8125,50.0
3042,晶技,222.0,2026-03-25,2026-05-27,常會,桃園,超商50元商品卡,否,元大證券股份有限公司,(02)25865859,50.0
3062,建漢,22.7,2026-03-25,2026-05-28,常會,新竹,玻璃皮套兩用瓶,否,福邦證券股份有限公司,(02)2371-1658,
3081,聯亞,3000.0,2026-03-25,2026-05-27,常會,台南,全家禮物卡50元,否,華南永昌綜合證券(股)公司,(02)27186425,50.0
3092,鴻碩,24.1,2026-03-25,2026-05-27,常會,臺北,訊號線,否,中國信託商業銀行代理部,(02)6636-5566,
3094,聯傑,69.0,2026-03-25,2026-05-28,常會,新竹,便利貼,否,富邦綜合證券股份有限公司,02-2361-1300,
3176,基亞,38.25,2026-03-25,2026-05-26,常會,台北,蜂王皂禮盒,否,群益金鼎證券股務代理部,02-2702-3999,
3221,台嘉碩,55.7,2026-03-25,2026-05-26,常會,中壢,指甲剪套裝折疊包,否,凱基證券股份有限公司股務代理部,02-23892999,
3227,原相,188.5,2026-03-25,2026-05-27,常會,新竹,掌廚可微波不鏽鋼保鮮盒 700ml< 不足,否,宏遠證券股份有限公司,02-2326-8818,
3264,欣銓,241.5,2026-03-25,2026-05-28,常會,新竹,雙層環保提袋,否,中國信託商業銀行代理部,02-6636-5566,
3338,泰碩,70.1,2026-03-25,2026-05-26,常會,台北,全家禮物卡50元,否,群益金鼎證券股份有限公司,02-27023999,50.0
3363,上詮,664.0,2026-03-25,2026-05-28,常會,新竹,全家35元禮物卡,否,台新證券股務代理部,02-25048125,35.0
3481,群創,52.3,2026-03-25,2026-05-27,常會,苗栗,時尚輕巧隨手杯,否,福邦證券股份有限公司,02-23711658,
3490,單井,46.15,2026-03-25,2026-05-27,常會,新北,小蘇打去污粉汙劑 1組二入,否,永豐金證券股份有限公司,(02)2381-6288,
3545,敦泰,50.4,2026-03-25,2026-05-26,常會,新竹,7-11 50元商品卡,否,中國信託商業銀行代理部,02-6636-5566,50.0
3556,禾瑞亞,58.5,2026-03-25,2026-05-28,常會,珠寶,7-11 35元商品卡,否,中國信託商業銀行代理部,(02)6636-5566,35.0
3576,聯合再生,18.85,2026-03-25,2026-05-28,常會,新竹,35元 7-11 商品券,否,中國信託商業銀行代理部,(02)6636-5566,35.0
3580,友威科,108.0,2026-03-25,2026-05-27,常會,台中,7-11 商品卡50元,否,中國信託商業銀行代理部,(02)66365566,50.0
3588,通嘉,57.0,2026-03-25,2026-05-28,常會,新竹,超商提貨卡(美式咖啡),否,群益金鼎證券(股)公司股務代理部,02-2702-3999,
3591,艾笛森,27.8,2026-03-25,2026-05-28,常會,新北,7-11 20元商品卡,否,富邦綜合證券股份有限公司,(02)2361-1300,20.0
3592,瑞鼎,239.0,2026-03-25,2026-05-27,常會,新竹,超商商品卡50元,否,台新證券股務代理部,02-25048125,50.0
3686,達能,15.75,2026-03-25,2026-05-26,常會,新竹,7-11 商品卡35元,否,中國信託商業銀行代理部,(02)66365566,35.0
3689,湧德,113.0,2026-03-25,2026-05-27,常會,桃園,多功能觸控筆,否,台新證券股務代理部,02-25048125,
3706,神達,80.4,2026-03-25,2026-05-27,常會,桃園,嘉禾牌家常麵無添加麵條,否,中國信託商業銀行股份有限公司,(02)6636-5566,
3708,上緯投控,96.3,2026-03-25,2026-05-28,常會,南投,7-11 商品卡(35元),否,台新證券股務代理部,02-25048125,35.0
3714,富采,68.2,2026-03-25,2026-05-26,常會,友達,Ennostar x 懶散兔& 啾先生聯名不鏽鋼餐具組,否,台新證券股務代理部,(02)2504-8125,
3716,中化控股,33.7,2026-03-25,2026-05-26,常會,台北,綠的抗菌潔手慕斯,否,富邦綜合證券(股)公司股務代理部,02-23611300,
3717,聯嘉投控,27.75,2026-03-25,2026-05-28,常會,新竹,櫻花碗二入,否,國票綜合證券股務代理部,(02)2528-8988,
4102,永日,18.0,2026-03-25,2026-05-28,常會,台中,香皂,否,元大證券股份有限公司,02-25865859,
4105,東洋,78.3,2026-03-25,2026-05-28,常會,台北,創益倍力莓(6入/盒),否,群益金鼎證券股份有限公司,(02)2702-3999,
4114,健喬,29.05,2026-03-25,2026-05-28,常會,台北,金盞花葉黃素複方咀嚼錠,否,元大證券股份有限公司,(02)2586-5859,
4162,智擎,55.0,2026-03-25,2026-05-26,常會,台北,倍力莓,否,元大證券股份有限公司,02-2586-5859,
4402,郡都開發,13.55,2026-03-25,2026-05-27,常會,高雄,7-11 35元商品卡,否,永豐金證券股份有限公司,02-2381-6288,35.0
4754,國碳科,37.95,2026-03-25,2026-05-26,常會,桃園,酒精噴霧筆,否,群益金鼎證券股份有限公司,0227023999,
4931,新盛力,250.0,2026-03-25,2026-05-27,常會,高雄,超商商品卡35元,否,台新證券股務代理部,(02)25048125,35.0
4953,緯致,116.5,2026-03-25,2026-05-27,常會,台北,全家禮物卡50元,否,凱基證券股份有限公司,02-23892999,50.0
4968,立積,99.1,2026-03-25,2026-05-28,常會,台北,全家50元禮物卡,否,台新證券股務代理部,(02)2504-8125,50.0
4979,華星光,598.0,2026-03-25,2026-05-27,常會,桃園,7-11 中杯美式咖啡卡,否,中國信託商業銀行代理部,02-6636-5566,
5009,榮剛,32.45,2026-03-25,2026-05-28,常會,台南,順暢益生菌,否,凱基證券股份有限公司,02-23148800,
5011,久陽,22.45,2026-03-25,2026-05-26,常會,高雄,神守精華膠囊一盒(10粒),否,群益金鼎證券股份有限公司,02-27023999,
5230,雷笛克光學,22.35,2026-03-25,2026-05-26,常會,瓏山,香皂,否,元大證券(股)公司股務代理部,02-25865859,
5258,虹堡,41.5,2026-03-25,2026-05-26,常會,新北,乖乖純水濕巾,否,台新綜合證券 股務代理部,(02)2504-8125,
5272,笙科,17.9,2026-03-25,2026-05-26,常會,新竹,全家禮物卡50元,否,台新綜合證券股份有限公司,02-2504-8125,50.0
5289,宜鼎,1295.0,2026-03-25,2026-05-27,常會,新北,7-11 商品卡 50元,否,凱基證券股份有限公司,02-23892999,50.0
5356,協益,25.8,2026-03-25,2026-05-28,常會,台北,萊爾富超商50元商品卡,否,國票綜合證券股份有限公司,02-2528-8988,50.0
5438,東友,17.1,2026-03-25,2026-05-26,常會,桃園,三角斜背保溫保冷袋,否,中國信託商業銀行(股)公司代理部,(02)66365566,
5483,中美晶,214.5,2026-03-25,2026-05-26,常會,新竹,法蘭絨毯,否,元大證券股份有限公司股務代理部,02-2586-5859,
5536,聖暉*,954.0,2026-03-25,2026-05-28,常會,台中,全家50元企業禮贈卡,否,凱基證券股份有限公司,02-23148800,
5608,四維航,16.8,2026-03-25,2026-05-28,常會,(牛,全家企業禮贈卡35元,否,兆豐證券股份有限公司股務代理部,02-33930898,
6134,萬旭,29.1,2026-03-25,2026-05-26,常會,新北,線材收納袋,否,中國信託商業銀行代理部,(02)6636-5566,
6142,友勁,9.06,2026-03-25,2026-05-28,常會,台北,神守精華膠囊,否,群益金鼎證券股份有限公司,02-2702-3999,
6147,頎邦,216.0,2026-03-25,2026-05-27,常會,新竹,環保摺疊購物袋,否,元大證券股份有限公司,(02)25865859,
6151,晉倫,35.1,2026-03-25,2026-05-27,常會,桃園,精緻香皂一枚,否,統一綜合證券股份有限公司,(02)2746-3797,
6158,禾昌,17.8,2026-03-25,2026-05-27,常會,桃園,愛心手工皂,否,元大證券股份有限公司,02-25865859,
6164,華興,13.85,2026-03-25,2026-05-26,常會,新北,妙管家洗潔精,否,中國信託商業銀行股份有限公司,(02)6636-5566,
6188,廣明,61.6,2026-03-25,2026-05-26,常會,桃園,蜂王清新植萃精華皂二入(70g),否,中國信託銀行代理部,02-66365566,
6189,豐藝,49.4,2026-03-25,2026-05-28,常會,台北,50元超商禮物卡,否,元大證券(股)公司股務代理部,02-2586-5859,50.0
6214,精誠,188.5,2026-03-25,2026-05-28,常會,本公,摺疊環保購物袋,否,元大證券股份有限公司,(02)25865859,
6231,系微,236.0,2026-03-25,2026-05-27,常會,台北,濕紙巾,否,凱基證券股份有限公司,23892999,
6239,力成,297.5,2026-03-25,2026-05-27,常會,新竹,7-11 商品卡50元,否,康和綜合證券股份有限公司,02-87871888,50.0
6269,台郡,65.1,2026-03-25,2026-05-28,常會,高雄,毛寶好無比超淨亮防蟎 抗菌洗衣精500g,否,元大證券股份有限公司,(02)25865859,
6270,倍微,30.25,2026-03-25,2026-05-26,常會,新北,濕紙巾,否,凱基證券股份有限公司,02-23148800,
6275,元山,47.65,2026-03-25,2026-05-28,常會,中華,酒精濕紙巾,否,福邦證券股份有限公司,(02)2371-1658,
6282,康舒,44.45,2026-03-25,2026-05-28,常會,臺北,鋅合金編織充電線,否,中國信託商業銀行代理部,(02)6636-5566,
6416,瑞祺電通,119.5,2026-03-25,2026-05-28,常會,新北,7-11 咖啡提貨卡,否,福邦證券股份有限公司股務代理部,(02)2383-6888,
6441,廣錠,24.9,2026-03-25,2026-05-27,常會,新北,7-11 25元商品卡,否,中國信託代理部,(02)6636-5566,25.0
6461,益得,26.7,2026-03-25,2026-05-27,常會,台北,金盞花葉黃素複方咀嚼錠,否,元大證券(股)公司股務代理部,02-25865859,
6477,安集,34.05,2026-03-25,2026-05-26,常會,台南,植萃精華皂,否,福邦證券股份有限公司,02-23711658,
6509,聚和,49.9,2026-03-25,2026-05-28,常會,本公,自黏性便條紙,否,中國信託商業銀行代理部,02-6636-5566,
6533,晶心科,336.0,2026-03-25,2026-05-28,常會,新竹,全家商品禮券50元,否,宏遠證券股份有限公司股務代理部,02-2326-8818,50.0
6538,倉和,335.5,2026-03-25,2026-05-27,常會,桃園,7-11 商品卡50元,否,元大證券股份有限公司股務代理部,(02)25865859,50.0
6558,興能高,25.4,2026-03-25,2026-05-26,常會,新竹,香皂,否,統一綜合證券股務代理部,(02)27478266,
6568,宏觀,137.5,2026-03-25,2026-05-26,常會,新竹,毛寶好無比超淨亮洗衣精,否,中國信託商業銀行代理部,(02)66365566,
6591,動力-KY,42.9,2026-03-25,2026-05-28,常會,動力,全家禮物卡 50元,否,康和綜合證券股份有限公司,02-8787-1888,50.0
6596,寬宏藝術,96.3,2026-03-25,2026-05-26,常會,台北,展覽入場交換券,否,福邦證券股份有限公司股務代理部,(02)23711658,
6695,芯鼎,52.7,2026-03-25,2026-05-26,常會,新竹,全家35元禮物卡,否,福邦證券股份有限公司股務代理部,(02)2371-1658,35.0
6703,軒郁,100.5,2026-03-25,2026-05-26,常會,台北,膠原飲品,否,福邦證券股份有限公司股務代理部,02-2371-1658,
6761,穩得,169.5,2026-03-25,2026-05-26,常會,新北,指甲鉗四件式,否,富邦綜合證券股份有限公司,(02)2361-1300,
6788,華景電,376.5,2026-03-25,2026-05-26,常會,苗栗,精美濾掛咖啡,否,富邦綜合證券(股)股務代理部,(02)2361-1300,
6909,創控,43.95,2026-03-25,2026-05-26,常會,新北,環保小麥便攜餐具套裝,否,群益金鼎證券股份有限公司,(02)2702-3999,
8021,尖點,560.0,2026-03-25,2026-05-26,常會,新北,公益沐浴球,否,福邦證券股份有限公司,(02)2371-1658,
8032,光菱,36.15,2026-03-25,2026-05-27,常會,新北,全家咖啡提貨券,否,元大證券股份有限公司股務代理部,(02)2586-5859,
8039,台虹,303.5,2026-03-25,2026-05-27,常會,高雄,7-11 商品卡35元,否,元大證券股份有限公司,02-25865859,35.0
8049,晶采,24.55,2026-03-25,2026-05-28,常會,新北,旋轉手機支架,否,永豐金證券股份有限公司,(02)2381-6288,
8064,東捷,136.5,2026-03-25,2026-05-28,常會,台南,7-11 35元商品卡,否,群益金鼎證券股份有限公司,(02)27023999,35.0
8069,元太,146.5,2026-03-25,2026-05-27,常會,本公,GREEN & SAFE 蔬果碗盤清潔液體皂,否,永豐金證券股份有限公司,02-23816288,
8086,宏捷科,129.0,2026-03-25,2026-05-28,常會,南部,7-11 咖啡卡35元,否,富邦綜合證券股份有限公司,02-23611300,
8112,至上,84.1,2026-03-25,2026-05-26,常會,台北,無患子抗菌清潔組,否,群益金鼎證券股份有限公司,02-2702-3999,
8150,南茂,124.0,2026-03-25,2026-05-26,常會,新竹,50元 7-11 商品卡,否,凱基證券股份有限公司股務代理部,02-23892999,50.0
8163,達方,30.7,2026-03-25,2026-05-27,常會,住都,保冰袋,否,台新證券股務代理部,(02)25048125,
8213,志超,33.85,2026-03-25,2026-05-27,常會,桃園,超商禮券50元,否,凱基證券(股)公司股務代理部,02-23892999,50.0
8215,明基材,28.6,2026-03-25,2026-05-27,常會,住都,護妍天使 光透水潤雙星保養限定組,否,台新證券股務代理部,(02)2504-8125,
8261,富鼎,205.0,2026-03-25,2026-05-27,常會,新北,妙管家煥彩香氛洗衣球,否,元大證券股份有限公司,25865859,
8271,宇瞻,200.5,2026-03-25,2026-05-28,常會,新北,全家50元禮贈卡,否,凱基證券(股)公司股務代理部,(02)2389-2999,
8299,群聯,2100.0,2026-03-25,2026-05-27,常會,苗栗,全家禮物卡100元,否,宏遠證券股份有限公司,02-23268818,100.0
8422,可寧衛*,25.3,2026-03-25,2026-05-27,常會,高雄,超商50元商品卡,否,台新綜合證券(股)公司股務代理部,02-25048125,50.0
8908,欣雄,39.85,2026-03-25,2026-05-27,常會,高雄,7-11 商品卡100元,否,元大證券(股)公司股務代理部,(02)25865859,100.0
8936,國統,53.1,2026-03-25,2026-05-26,常會,高雄,7-11 咖啡券35元,否,福邦證券股份有限公司,02-23711658,
1310,台苯,9.53,2026-03-24,2026-05-25,常會,財團,常健順暢益生菌,否,康和綜合證券股份有限公司,02-8787-1118,
1513,中興電,166.5,2026-03-24,2026-05-25,常會,桃園,7-11 50元商品卡,否,凱基證券股份有限公司,(02)2389-2999,50.0
1558,伸興,110.0,2026-03-24,2026-05-25,常會,台中,抗菌洗手露,否,永豐金證券股份有限公司,(02)23816288,
1760,寶齡富錦,53.9,2026-03-24,2026-05-25,常會,台北,本公司粧品,否,統一綜合證券(股)公司股務代理部,(02)2746-3797,
1785,光洋科,102.5,2026-03-24,2026-05-25,常會,經濟,伊甸小羊苗質樸暖心舒活皂,否,永豐金證券股份有限公司,02-23816288,
2031,新光鋼,45.8,2026-03-24,2026-05-25,常會,本公,妙管家小蘇打抗菌洗衣精600g,否,統一綜合證券股份有限公司,02-2746-3797,
2312,金寶,30.7,2026-03-24,2026-05-25,常會,新北,再生布卡夾,否,中國信託商業銀行代理部,(02)66365566,
2332,友訊,20.15,2026-03-24,2026-05-25,常會,本公,常健順暢益生菌,否,群益金鼎證券股份有限公司,02-2703-5000,
2375,凱美,126.0,2026-03-24,2026-05-25,常會,新北,妙管家煥彩香氛洗衣球,否,台新綜合證券(股)公司股務代理部,02-25048125,
2421,建準,169.5,2026-03-24,2026-05-25,常會,高雄,麗晶麝香抗菌洗手露320g,否,褔邦證券股份有限公司,(02)2371-1658,
2461,光群雷,16.95,2026-03-24,2026-05-25,常會,新竹,陶瓷碗組,否,福邦證券股份有限公司股務代理部,02- 2371-1658,
2486,一詮,247.0,2026-03-24,2026-05-25,常會,新北,7-11 咖啡卡,否,福邦證券股份有限公司,23711658,
2546,根基,106.0,2026-03-24,2026-05-25,常會,台北,環球購物中心禮券100元,否,中國信託商業銀行代理部,(02)6636-5566,100.0
2731,雄獅,144.5,2026-03-24,2026-05-25,常會,台北,國內外團體旅遊兌換券700元(國內團體200元及國外團體500元),否,富邦綜合證券股份有限公司,(02)2361-1300,
3026,禾伸堂,817.0,2026-03-24,2026-05-25,常會,台北,擦手巾,否,中國信託商業銀行代理部,(02)6636-5566,
3035,智原,216.0,2026-03-24,2026-05-25,常會,新竹,超商商品卡50元,否,宏遠證券股份有限公司,(02)2700-8899,50.0
3105,穩懋,615.0,2026-03-24,2026-05-25,常會,桃園,蜂王拾光漫遊經典皂二入組,否,福邦證券股份有限公司股務代理部,(02)2371-1658,
3118,進階,31.2,2026-03-24,2026-05-25,常會,新北,全家便利店禮物卡35元,否,元大證券股份有限公司,(02)2586-5859,35.0
3438,類比科,61.8,2026-03-24,2026-05-25,常會,新竹,7-11 商品卡35元,否,國票綜合證券股份有限公司,(02) 25288988,35.0
3483,力致,81.3,2026-03-24,2026-05-25,常會,新竹,伊莎貝爾無患子洗手乳,否,中國信託商業銀行代理部,02-66365566,
3520,華盈,18.05,2026-03-24,2026-05-25,常會,新北,全家商品卡35元,否,國票綜合證券(股)公司股務代理部,02-2528-8988,35.0
4147,中裕,60.0,2026-03-24,2026-05-25,常會,台北,超商50元商品卡,否,台新綜合證券(股)公司股務代理部,(02)25048125,50.0
4543,萬在,30.15,2026-03-24,2026-05-25,常會,台南,安妮兔矽膠鍋墊,否,福邦證券股務代理部,02-2371-1658,
4739,康普,87.4,2026-03-24,2026-05-25,常會,新竹,超商35元禮物卡,否,福邦證券股份有限公司股務代理部,(02)2371-1658,35.0
4906,正文,42.15,2026-03-24,2026-05-25,常會,新竹,指甲剪套裝組,否,永豐金證券股份有限公司,02-23816288,
5410,國眾,32.9,2026-03-24,2026-05-25,常會,台北,全家便利店中杯美式咖啡卡,否,台新證券股務代理部,(02)2504-8125,
6190,萬泰科,77.4,2026-03-24,2026-05-25,常會,桃園,萬泰ACT超透氣口罩,否,中國信託商業銀行代理部,(02)6636-5566,
6202,盛群,60.8,2026-03-24,2026-05-25,常會,新竹,統一商品卡50元,否,永豐金證券(股)公司股務代理部,(02)23816288,50.0
6248,沛波,17.15,2026-03-24,2026-05-25,常會,彰化,滋補強身 甲魚全沛,否,康和綜合證券股份有限公司,(02)8787-1118,
6271,同欣電,238.5,2026-03-24,2026-05-25,常會,桃園,妙管家八倍濃縮洗衣球,否,凱基證券股份有限公司,02-23892999,
6290,良維,281.5,2026-03-24,2026-05-25,常會,台北,珪藻土杯墊一枚,否,中國信託商業銀行股份有限公司,02-66365566,
6593,台灣銘板,31.8,2026-03-24,2026-05-25,常會,台灣,7-11 商品卡35元,否,群益金鼎證券股務代理部,(02)2702-3999,35.0
7717,萊德光電-KY,592.0,2026-03-24,2026-05-25,常會,台中,全家禮物卡50元,是,中國信託商業銀行股務代理部,(02)6636-5566,50.0
8011,台通,16.1,2026-03-24,2026-05-25,常會,台通,野餐墊,否,富邦綜合證券(股)公 司,(02)2361-1300,
8016,矽創,293.5,2026-03-24,2026-05-25,常會,新竹,全家35元禮物卡,否,台新綜合證券(股)公司股務代理部,02-25048125,35.0
8249,菱光,40.5,2026-03-24,2026-05-25,常會,台北,旅行收納袋2件組,否,元大證券(股)公司股務代理部,(02)2586-5859,
9958,世紀鋼,89.8,2026-03-24,2026-05-25,常會,桃園,青花瓷手柄不銹鋼餐具組,否,群益金鼎證券股份有限公司,(02)2702-3999,
1101,台泥,25.0,2026-03-19,2026-05-22,常會,臺北,折疊環保提包,否,中國信託商業銀行代理部,66365566,
1103,嘉泥,13.05,2026-03-19,2026-05-22,常會,新北,飛狼不銹鋼真空陶瓷塗層雙飲杯,否,群益金鼎證券股份有限公司股代部,(02)2702-3999,
1314,中石化,8.67,2026-03-19,2026-05-22,常會,苗栗,7-11 100元商品卡,否,本公司股務室,02-89782589,100.0
1338,廣華-KY,14.95,2026-03-19,2026-05-22,常會,台北,7-11 商品卡50元,否,兆豐證券股份有限公司股務代理部,02-33930898,50.0
1416,廣豐,11.85,2026-03-19,2026-05-22,常會,台北,毛巾,否,元大證券股份有限公司,2586-5859,
1417,嘉裕,8.12,2026-03-19,2026-05-22,常會,劍潭,機能襪,否,公司股務課,25156421,
1528,恩德,24.15,2026-03-19,2026-05-22,常會,桃園,7-11 50元商品卡,否,凱基證券股務代理部,(02)2389-2999,50.0
1529,樂事綠能,15.65,2026-03-19,2026-05-22,常會,夏都,超商禮物卡$35,否,統一綜合證券(股)公司股務代理部,(02)2747-8266,
1605,華新,38.4,2026-03-19,2026-05-22,常會,臺北,FDK三號鹼性電池一組(4入),否,本公司股務聯辦室,(02)2790-5885,
1609,大亞,38.2,2026-03-19,2026-05-22,常會,本公,7-11 商品卡35元,否,凱基證券股份有限公司,02-23892999,35.0
1733,五鼎,30.15,2026-03-19,2026-05-22,常會,新竹,積木封口夾,否,台新綜合證券(股)公司股務代理部,02-25048125,
2002,中鋼,18.9,2026-03-19,2026-05-22,常會,高雄,7-11 50元商品卡,否,凱基證券股份有限公司,02-23892999,50.0
2006,東和鋼鐵,85.8,2026-03-19,2026-05-22,常會,苗栗,皮革質感修容組,否,元大證券(股)公司股務代理部,(02)2586-5859,
2014,中鴻,16.85,2026-03-19,2026-05-22,常會,中油,7-11 45元咖啡卡,否,凱基證券股份有限公司,02-23892999,
2426,鼎元,114.0,2026-03-19,2026-05-22,常會,苗栗,7-11 50元商品卡,否,富邦綜合證券股份有限公司,02-23611300,50.0
2467,志聖,577.0,2026-03-19,2026-05-22,常會,新北,磁吸可掛式開瓶器露營燈(USB充電),否,統一綜合證券股份有限公司,02-27463797,
3006,晶豪科,282.0,2026-03-19,2026-05-22,常會,新竹,鋼珠對筆,否,群益金鼎證券股份有限公司,02-2702-3999,
3090,日電貿,173.0,2026-03-19,2026-05-22,常會,本公,無患子潔手慕斯,否,元大證券(股)公司股務代理部,(02)2586-5859,
3141,晶宏,88.0,2026-03-19,2026-05-22,常會,台北,雙卡槽手機架,否,福邦證券股份有限公司,02-2371-1658,
3169,亞信,113.5,2026-03-19,2026-05-22,常會,新竹,超商商品禮物卡50元,否,宏遠證券股份有限公司,02-77198899,50.0
3206,志豐,34.0,2026-03-19,2026-05-22,常會,新北,實用指甲剪組,否,永豐金證券股份有限公司,(02)2381-6288,
3260,威剛,378.0,2026-03-19,2026-05-22,常會,新北,超商50元商品卡,否,康和綜合證券(股)公司股務代理部,(02)8787-1118,50.0
4109,加捷生醫,10.9,2026-03-19,2026-05-22,常會,高雄,舒密呵護一盒(2入),否,群益金鼎證券股份有限公司,02-2702-3999,
4121,優盛,12.7,2026-03-19,2026-05-22,常會,台北,佑全連鎖藥局50元禮物卡,否,元大證券股份有限公司股務代理部,02-25865859,50.0
4128,中天,15.45,2026-03-19,2026-05-22,常會,桃園,棉花田紅景天精華飲(30ml*5包/盒),否,兆豐證券股份有限公司,02-3393-0898,
4303,信立,32.0,2026-03-19,2026-05-22,常會,台南,朝和生醫保健產品,否,元大證券股份有限公司股務代理部,(02)2586-5859,
4934,太極,14.8,2026-03-19,2026-05-22,常會,桃園,超商商品卡35元,否,元大證券股份有限公司股務代理部,(02)2586-5859,35.0
5315,光聯,18.85,2026-03-19,2026-05-22,常會,台中,愛心皂,否,永豐金證券股份有限公司,02-23816288,
5328,華容,58.1,2026-03-19,2026-05-22,常會,新北,真空壓縮收納袋組(附抽氣泵),否,福邦證券股份有限公司,02-23711658,
5521,工信,10.75,2026-03-19,2026-05-22,常會,新北,Savlon沙威隆經典抗菌香皂,否,台新綜合證券股務代理部,02-2504-8125,
6161,捷波,49.15,2026-03-19,2026-05-22,常會,新北,蜂王清新植感草本皂,否,群益金鼎證券股份有限公司,02)2702-3999,
6235,華孚,38.35,2026-03-19,2026-05-22,常會,台北,有機白米,否,中國信託商業銀行代理部,02-66365566,
6266,泰詠,27.0,2026-03-19,2026-05-22,常會,泰詠,商品卡35元,否,永豐金證券股份有限公司,02-23816288,35.0
6443,元晶,28.2,2026-03-19,2026-05-22,常會,屏東,7-11 商品卡35元,否,第一金證券(股)公司股務代理部,(02)2563-5711,35.0
6494,九齊,52.9,2026-03-19,2026-05-22,常會,新竹,香皂,否,群益金鼎證券股份有限公司,02-27023999,
6532,瑞耘,112.0,2026-03-19,2026-05-22,常會,新竹,超商中杯美式咖啡卡,否,群益金鼎證券股份有限公司,(02)2703-5000,
6657,華安,33.0,2026-03-19,2026-05-22,常會,台北,沙威隆經典抗菌皂,否,中國信託商業銀行代理部,(02)6636-5566,
6799,來頡,91.8,2026-03-19,2026-05-22,常會,台北,7-11 50元商品卡,否,元大證券股份有限公司,02-2586-3117,50.0
9935,慶豐富,18.3,2026-03-19,2026-05-22,常會,彰化,全家商品券,否,元大證券股份有限公司,02-25865859,
1219,福壽,11.2,2026-03-18,2026-05-21,常會,台中,福壽香油,否,凱基證券股份有限公司,02-23892999,
1563,巧新,77.0,2026-03-18,2026-05-20,常會,雲林,7-11 商品卡50元,否,兆豐證券股份有限公司股務代理部,02-33930898,50.0
1570,力肯,32.5,2026-03-18,2026-05-20,常會,新北,超商美式咖啡券,否,福邦證券股份有限公司股務代理部,(02)2371-1658,
1708,東鹼,56.8,2026-03-18,2026-05-20,常會,宜蘭,小蘇打粉,否,中國信託商業銀行代理部,(02)6636-5566,
2102,泰豐,16.4,2026-03-18,2026-05-20,常會,桃園,超商商品卡50元,否,元大證券股份有限公司,02-2586-5859,50.0
2342,茂矽,49.4,2026-03-18,2026-05-20,常會,新竹,清潔用品,否,台新證券股務代理部,(02)2504-8125,
2420,新巨,57.7,2026-03-18,2026-05-20,常會,新北,伊莎貝爾櫻花香皂二入,否,永豐金證券股份有限公司,(02)23816288,
2431,聯昌,10.0,2026-03-18,2026-05-20,常會,台北,醫用口罩,否,中國信託商業銀行代理部,66365566,
2444,兆勁,16.2,2026-03-18,2026-05-20,常會,苗栗,防疫消毒酒精瓶,否,康和綜合證券股份有限公司,02-87871888,
2614,東森,19.1,2026-03-18,2026-05-20,常會,台北,森美妍白茶賦活保濕素顏霜,否,統一綜合證券(股)公司股務代理部,2746-3797,
3027,盛達,18.8,2026-03-18,2026-05-21,常會,新北,7-11 現金抵用券35元,否,群益金鼎證券股份有限公司,02-27035000,
3038,全台,20.4,2026-03-18,2026-05-20,常會,高雄,證件包,否,元大證券(股)公司股務代理部,(02)2586-5859,
3290,東浦,49.95,2026-03-18,2026-05-21,常會,桃園,全家禮品提領卡(經典美式中杯1杯),否,凱基證券股份有限公司,(02)23892999,
3324,雙鴻,1550.0,2026-03-18,2026-05-21,常會,新北,全家禮物卡 50元,否,台新證券股務代理部,02-25048125,50.0
3441,聯一光,232.0,2026-03-18,2026-05-20,常會,南投,帆布零錢包,否,福邦證券股份有限公司,(02)2371-1658,
3543,州巧,54.0,2026-03-18,2026-05-21,常會,新竹,指甲剪套裝組,否,福邦證券(股)公司,(02)2371-1658,
4743,合一,47.1,2026-03-18,2026-05-20,常會,台北,棉花田紅景天精華飲(30ml*5包/盒),否,台新綜合證券(股)公司股務代理部,02-25048125,
4923,力士,64.1,2026-03-18,2026-05-20,常會,頤品,洗潔精,否,宏遠證券股份有限公司,02-2326-8818,
4939,亞電,78.6,2026-03-18,2026-05-20,常會,新竹,7-11 35元商品卡,否,福邦證券股份有限公司,02-23711658,35.0
5202,力新,13.7,2026-03-18,2026-05-21,常會,台北,常健順暢益生菌,否,群益金鼎證券股份有限公司,(02)2702-3999,
5443,均豪,114.5,2026-03-18,2026-05-20,常會,新竹,磁吸可掛式開瓶器露營燈,否,統一綜合證券股份有限公司,02-2746-3797,
5484,慧友,38.7,2026-03-18,2026-05-21,常會,新北,白人牙膏,否,福邦證券(股)有限公司,(02)2371-1658,
6111,光聚晶電,37.0,2026-03-18,2026-05-20,常會,台北,全家禮物卡50元,否,元大證券股務代理部,02-25865859,50.0
6116,彩晶,15.9,2026-03-18,2026-05-20,常會,瀚宇,50元商品卡,否,瀚宇彩晶股份有限公司股務辦事處,02-27905885,50.0
6125,廣運,50.3,2026-03-18,2026-05-21,常會,本公,超商禮物卡35元,否,統一綜合證券股份有限公司,(02)2746-3797,35.0
6204,艾華,113.0,2026-03-18,2026-07-28,常會,尊爵,全家禮物卡50元,否,福邦,02-23711658,50.0
6486,互動,78.0,2026-03-18,2026-05-21,常會,新北,全家禮物卡35元,否,富邦綜合證券股份有限公司,(02)2361-1300,35.0
6588,東典光電,111.5,2026-03-18,2026-05-20,常會,宜蘭,7-11 商品卡50元,否,兆豐證券股份有限公司股務代理部,(02)3393-089,50.0
8028,昇陽半導體,281.5,2026-03-18,2026-05-21,常會,集思,原木隔熱桌墊,否,福邦證券股份有限公司股務代理部,(02)2371-1658,
8176,智捷,9.76,2026-03-18,2026-05-20,常會,新竹,香皂*1,否,永豐金證券(股)公司股務代理部,02-23816288,
8227,巨有科技,366.0,2026-03-18,2026-05-21,常會,台北,高露潔牙膏牙刷旅行組,否,群益金鼎證券股份有限公司,2702-3999,
8487,愛爾達-創,70.0,2026-03-18,2026-05-21,常會,台北,愛爾達 x FIFA世界盃TM 專屬,否,宏遠證券股份有限公司,02-23268818,
6621,華宇藥,12.3,2026-03-17,2026-05-18,常會,台北,7-11 50元商品卡,否,第一金,02-25635711,50.0
4195,基米-創,15.55,2026-03-16,2026-04-17,臨時,新北,小包平安米,否,統一,02-27463797,
4967,十銓,269.5,2026-03-12,2026-05-15,常會,新北,全家禮物卡50元,否,群益金鼎證券股份有限公司,(02)2702-3999,50.0
3024,憶聲,13.75,2026-03-11,2026-05-12,常會,桃園,Lynx真空掀蓋隨行杯,否,元大證券(股)公司,02-25865859,
3036,文曄,213.5,2026-03-11,2026-05-14,常會,新北,7-11 50元商品卡,否,福邦證券股份有限公司,(02)2371-1658,50.0
6658,聯策,200.0,2026-03-11,2026-05-14,常會,桃園,鋅合金編織充電線,否,福邦證券股份有限公司股務代理部,02-23836888,
8033,雷虎,173.0,2026-03-11,2026-05-14,常會,台中,抗菌洗手露,否,福邦證券股份有限公司,02-2371-5618,
3122,笙泉,23.35,2026-03-05,2026-05-08,常會,新竹,7-11 35元商品卡,否,群益金鼎證券(股)公司股務代理部,02-2702-3999,35.0
6531,愛普*,1055.0,2026-03-05,2026-05-08,常會,新竹,7-11 50元商品卡,否,凱基證券股份有限公司股務代理部,02-2389-2999,50.0
5398,慕康生醫,13.65,2026-03-03,2026-05-04,常會,彰化,超商50元商品卡,否,康和證券股務代理部,87871888,50.0
4903,聯光通,43.8,2026-02-24,2026-04-30,常會,台北,牛樟芝菌絲體精粹飲(1入),否,康和綜合證券股份有限公司,02-87871888,
4927,泰鼎-KY,52.9,2026-02-24,2026-04-29,常會,台北,針織手提袋,否,中國信託商業銀行股份有限公司,02-6636-5566,
5309,系統電,67.1,2026-02-24,2026-04-28,常會,台北,不鏽鋼玻璃調料罐,否,福邦證券股份有限公司股務代理部,(02)23836888,
6026,福邦證,16.0,2026-02-24,2026-04-30,常會,台北,伊莎貝爾櫻花香皂三入組(含抗菌配方),否,康和證券集團股務代理部,02-8787-1118,
6241,鑫永洋,16.25,2026-02-24,2026-04-30,常會,台南,順暢益生菌(2入),否,群益金鼎證券股份有限公司,(02)2702-3999,
8074,鉅橡,57.3,2026-02-24,2026-04-29,常會,台南,電木梳1支,否,華南永昌綜合證券股份有限公司,02-27186425,
8440,綠電,20.2,2026-02-24,2026-04-30,常會,桃園,7-11 35元商品卡,否,永豐金證券股份有限公司,02-2381-6288,35.0
4130,健亞,26.7,2026-02-09,2026-04-22,常會,新竹,大容量便攜式防潮密封分裝藥盒,否,群益金鼎證券股份有限公司,02-27023999,
6712,長聖,160.0,2026-02-09,2026-04-16,常會,中國,7-11 50元商品卡,否,台新綜合證券(股)公司股務代理部,02-25048125,50.0
3715,定穎投控,133.0,2026-02-05,2026-03-11,臨時,桃園,香皂二入,否,台新,02-25048125,
6770,力積電,75.8,2026-02-05,2026-04-10,常會,新竹,7-11 100元商品卡,否,群益金鼎證券(股)公司股務代理部,(02)27023999,100.0
6419,京晨科,171.5,2026-01-23,2026-02-26,臨時,苗栗,全家禮物卡50元,否,永豐金,02-23816288,50.0
3321,同泰,18.2,2026-01-07,2026-02-10,臨時,台中,50元超商卡,否,宏遠,02-23268818,
8489,三貝德,22.05,2025-12-19,2026-01-22,臨時,新北,智能學習體驗劵,否,福邦,02-23836888,
4946,辣椒,98.8,2025-12-08,2026-01-09,臨時,台北,"香氛片(屆時如不足,將以)",否,統一,02-27463797,
1591,駿吉-KY,41.85,2026-11-26,2026-12-30,臨時,台北,全家禮物卡50元,否,元大,02-25865859,50.0
2371,大同,30.15,2026-11-26,2026-12-30,臨時,台北,7-11 商品卡100元,否,福邦,02-23836888,100.0
3312,弘憶股,51.7,2026-11-24,2026-12-26,臨時,台北,7-11 商品卡,否,群益,02-27023999,
6241,鑫永洋,16.25,2026-11-24,2026-12-26,臨時,台南,精神旺盛 牛樟芝菌絲體x薑黃精粹飲(1入),否,群益,02-27023999,
6547,高端疫苗,60.4,2026-11-20,2026-12-24,臨時,新竹,7-11 商品卡,否,永豐金,02-23816288,
6111,光聚晶電,37.0,2026-11-19,2026-12-23,臨時,台北,全家禮物卡50元,否,元大,02-25865859,50.0
1570,力肯,32.5,2026-11-17,2026-12-19,臨時,新北,超商商品卡 50元,否,元富,02-27686668,50.0
1312,國喬,14.5,2026-01-01,2026-05-29,常會,高雄,康寧SNAPWARE耐熱玻璃儲物罐二入組,否,凱基證券(股)公司代理部,(02)2389-2999,
2883,凱基金,37.3,2026-01-01,2026-06-12,常會,台北,彩繪花鳥筷(6雙)組;特別股股東不發放,否,凱基證券股份有限公司股務代理部,02-23892999,
2887,台新新光金,40.85,2026-01-01,2026-06-12,常會,台北,多用途矽膠隔熱餐墊(二入),否,台新綜合證券(股)公司股務代理部,02-25048125,
