time,code,vol_lots,price
09:01,1711,3422.0,50.1
09:01,2340,0.0,47.0
09:01,3265,1246.0,
09:01,3268,7.0,24.15
09:01,3311,0.0,47.0
09:01,3441,5373.0,262.25
09:01,3491,147.0,1747.5
09:01,3597,294.0,36.75
09:01,3701,1725.0,62.8
09:01,4711,393.0,17.85
09:01,5244,0.0,37.8
09:01,5432,176.0,215.0
09:01,6152,0.0,19.9
09:01,6263,0.0,181.0
09:01,6292,0.0,70.3
09:01,6716,551.0,160.5
09:01,8111,2136.0,95.85
09:01,8358,2122.0,537.0
09:04,1711,6715.0,48.5
09:04,2340,2135.0,45.62
09:04,3265,1497.0,217.0
09:04,3268,22.0,23.35
09:04,3311,728.0,44.92
09:04,3441,8187.0,267.25
09:04,3491,269.0,1732.5
09:04,3597,310.0,36.75
09:04,3701,2654.0,62.2
09:04,4711,541.0,18.15
09:04,5244,1.0,37.9
09:04,5432,271.0,215.0
09:04,6117,708.0,75.5
09:04,6152,3788.0,19.12
09:04,6263,223.0,176.5
09:04,6292,2.0,69.75
09:04,6716,809.0,154.5
09:04,6811,351.0,273.0
09:04,8111,3617.0,97.0
09:04,8358,2910.0,538.5
09:07,1711,12663.0,48.15
09:07,2340,3001.0,46.4
09:07,3265,1617.0,217.0
09:07,3268,70.0,24.33
09:07,3311,1432.0,43.95
09:07,3441,13143.0,272.25
09:07,3491,367.0,1722.5
09:07,3597,341.0,36.75
09:07,3701,3131.0,62.1
09:07,4711,590.0,17.85
09:07,5244,1.0,37.88
09:07,5285,4777.0,106.5
09:07,5432,567.0,210.75
09:07,6152,4294.0,19.27
09:07,6263,256.0,176.75
09:07,6292,13.0,70.0
09:07,6716,1222.0,150.0
09:07,6811,365.0,273.0
09:07,8111,5195.0,96.15
09:07,8358,3466.0,539.5
09:10,1711,16322.0,48.55
09:10,2340,4253.0,46.2
09:10,3265,1654.0,217.0
09:10,3268,79.0,24.33
09:10,3311,2170.0,44.5
09:10,3441,15067.0,274.0
09:10,3491,423.0,1727.5
09:10,3597,348.0,36.75
09:10,3701,3459.0,61.95
09:10,4711,668.0,17.73
09:10,5244,4.0,37.9
09:10,5285,6007.0,106.25
09:10,5432,613.0,212.5
09:10,6152,6872.0,19.52
09:10,6263,291.0,175.5
09:10,6292,18.0,70.4
09:10,6716,1454.0,148.25
09:10,6811,376.0,273.0
09:10,8111,6485.0,94.95
09:10,8358,4104.0,539.5
09:13,1711,18034.0,48.88
09:13,2340,4838.0,46.02
09:13,3265,1691.0,217.0
09:13,3268,87.0,24.4
09:13,3311,2396.0,44.92
09:13,3441,19046.0,277.25
09:13,3491,457.0,1717.5
09:13,3597,359.0,36.75
09:13,3701,3826.0,61.85
09:13,4164,554.0,29.5
09:13,4711,705.0,17.8
09:13,5244,18.0,38.0
09:13,5285,6460.0,103.75
09:13,5432,660.0,209.0
09:13,6152,7481.0,19.48
09:13,6263,300.0,175.75
09:13,6292,23.0,70.3
09:13,6716,1618.0,148.5
09:13,6811,381.0,273.0
09:13,8111,6977.0,94.95
09:13,8358,4211.0,539.5
09:16,1711,20523.0,48.98
09:16,2340,5672.0,45.42
09:16,2607,390.0,55.15
09:16,3265,1721.0,217.0
09:16,3268,177.0,24.12
09:16,3311,2546.0,44.85
09:16,3441,20229.0,275.0
09:16,3491,482.0,1720.0
09:16,3597,363.0,36.75
09:16,3701,3952.0,61.9
09:16,4164,636.0,29.6
09:16,4711,725.0,17.9
09:16,5244,18.0,37.9
09:16,5285,6790.0,104.5
09:16,5432,688.0,207.5
09:16,6152,8773.0,19.45
09:16,6263,342.0,175.25
09:16,6292,41.0,70.55
09:16,6716,1732.0,147.5
09:16,6811,394.0,273.0
09:16,8111,7558.0,95.45
09:16,8358,4694.0,540.0
09:19,1711,21381.0,49.0
09:19,2340,6510.0,45.52
09:19,2607,412.0,55.15
09:19,3265,1757.0,217.0
09:19,3268,183.0,24.15
09:19,3311,2702.0,44.65
09:19,3441,21097.0,273.25
09:19,3491,559.0,1702.5
09:19,3597,363.0,36.75
09:19,3701,4086.0,62.05
09:19,4164,695.0,29.35
09:19,4711,731.0,17.9
09:19,5244,18.0,37.95
09:19,5285,7210.0,102.25
09:19,5432,726.0,205.0
09:19,6152,9394.0,19.48
09:19,6263,357.0,176.25
09:19,6292,47.0,71.1
09:19,6667,416.0,276.0
09:19,6716,1827.0,148.25
09:19,6811,403.0,273.0
09:19,8111,8482.0,96.0
09:19,8358,5311.0,545.5
09:22,1455,4750.0,10.9
09:22,1711,22584.0,48.8
09:22,2340,8091.0,44.48
09:22,3265,1765.0,217.0
09:22,3268,183.0,24.1
09:22,3311,2759.0,44.72
09:22,3441,21718.0,273.75
09:22,3491,595.0,1717.5
09:22,3597,366.0,36.75
09:22,3701,4269.0,61.9
09:22,4164,713.0,29.27
09:22,4711,776.0,17.75
09:22,5244,145.0,39.3
09:22,5432,757.0,203.75
09:22,6152,9657.0,19.4
09:22,6263,370.0,176.25
09:22,6292,56.0,71.35
09:22,6667,485.0,277.25
09:22,6716,1868.0,147.75
09:22,6811,691.0,272.75
09:22,8111,9025.0,95.5
09:22,8358,5954.0,548.5
09:25,1455,4819.0,10.9
09:25,1711,23769.0,48.55
09:25,2340,9899.0,43.9
09:25,2607,456.0,55.35
09:25,3265,1792.0,217.0
09:25,3268,184.0,24.12
09:25,3311,2866.0,44.52
09:25,3441,22013.0,273.25
09:25,3491,638.0,1707.5
09:25,3597,369.0,36.75
09:25,3701,4393.0,61.55
09:25,4164,718.0,29.23
09:25,4711,797.0,17.7
09:25,5244,322.0,39.5
09:25,5432,777.0,204.0
09:25,6152,10893.0,19.25
09:25,6263,380.0,175.5
09:25,6292,63.0,71.05
09:25,6456,29226.0,105.25
09:25,6667,564.0,281.0
09:25,6716,2106.0,144.75
09:25,6811,715.0,272.75
09:25,8111,9355.0,95.0
09:25,8358,6757.0,546.5
09:28,1455,6415.0,10.9
09:28,1711,24138.0,48.73
09:28,2340,11241.0,43.83
09:28,2607,468.0,55.2
09:28,3265,1806.0,217.0
09:28,3268,189.0,24.18
09:28,3311,2903.0,44.42
09:28,3441,23076.0,272.25
09:28,3491,647.0,1717.5
09:28,3597,371.0,36.75
09:28,3701,4488.0,61.55
09:28,4711,899.0,17.55
09:28,5244,387.0,39.1
09:28,5432,802.0,203.25
09:28,6152,11167.0,19.3
09:28,6263,396.0,175.0
09:28,6292,69.0,70.95
09:28,6456,30381.0,105.0
09:28,6667,660.0,281.75
09:28,6716,2185.0,144.5
09:28,6811,721.0,272.75
09:28,8111,9786.0,94.45
09:28,8358,6922.0,546.5
09:31,1455,6715.0,10.9
09:31,1711,26820.0,48.15
09:31,2340,12009.0,43.9
09:31,2607,468.0,55.2
09:31,3265,1808.0,217.0
09:31,3268,189.0,24.18
09:31,3311,2963.0,44.7
09:31,3441,23282.0,272.75
09:31,3491,677.0,1710.0
09:31,3597,378.0,36.75
09:31,3701,4685.0,61.3
09:31,4711,901.0,17.52
09:31,5244,399.0,38.95
09:31,5432,806.0,203.5
09:31,6152,11488.0,19.23
09:31,6263,396.0,175.25
09:31,6292,81.0,71.15
09:31,6456,31108.0,103.75
09:31,6667,702.0,279.0
09:31,6716,2226.0,146.25
09:31,6811,723.0,272.75
09:31,8111,10867.0,93.45
09:31,8358,7117.0,545.5
09:34,1455,7039.0,10.9
09:34,1711,30085.0,47.58
09:34,2340,12287.0,43.92
09:34,2607,481.0,55.4
09:34,3265,1812.0,217.0
09:34,3268,189.0,24.18
09:34,3311,3106.0,45.58
09:34,3441,23591.0,273.25
09:34,3491,693.0,1702.5
09:34,3597,378.0,36.75
09:34,3701,4870.0,61.05
09:34,4711,919.0,17.62
09:34,5244,415.0,39.02
09:34,5432,819.0,203.5
09:34,6152,11929.0,19.42
09:34,6263,398.0,175.75
09:34,6292,89.0,71.15
09:34,6456,31673.0,103.25
09:34,6667,727.0,277.5
09:34,6716,2272.0,145.0
09:34,6811,724.0,272.75
09:34,8111,11759.0,92.9
09:34,8358,7255.0,545.5
09:37,1455,7072.0,10.9
09:37,1711,30878.0,47.67
09:37,2340,12904.0,44.52
09:37,2607,489.0,55.1
09:37,3265,1828.0,217.0
09:37,3268,223.0,23.8
09:37,3311,3182.0,45.22
09:37,3441,23715.0,272.5
09:37,3491,739.0,1692.5
09:37,3597,379.0,36.75
09:37,3701,4929.0,61.2
09:37,4711,923.0,17.62
09:37,5244,423.0,39.0
09:37,5432,828.0,203.75
09:37,6152,13373.0,19.67
09:37,6263,398.0,175.75
09:37,6292,92.0,70.85
09:37,6456,32931.0,103.5
09:37,6667,759.0,276.25
09:37,6716,2311.0,144.5
09:37,6811,727.0,273.0
09:37,6944,544.0,894.0
09:37,8111,12222.0,93.1
09:37,8358,7517.0,544.5
09:40,1455,7124.0,10.9
09:40,1711,32913.0,46.95
09:40,2340,13387.0,44.35
09:40,2466,4735.0,177.0
09:40,2607,502.0,55.2
09:40,3265,1830.0,217.0
09:40,3268,226.0,23.82
09:40,3311,3258.0,45.52
09:40,3441,23864.0,273.75
09:40,3491,782.0,1685.0
09:40,3597,382.0,36.75
09:40,3701,5020.0,61.15
09:40,4711,936.0,17.65
09:40,5244,427.0,38.95
09:40,5432,837.0,203.5
09:40,6152,13559.0,19.62
09:40,6263,402.0,176.25
09:40,6292,93.0,70.75
09:40,6456,33545.0,104.0
09:40,6667,791.0,278.75
09:40,6716,2342.0,144.25
09:40,6811,731.0,273.0
09:40,6944,551.0,897.0
09:40,8111,12574.0,92.85
09:40,8358,7689.0,543.5
09:43,1455,7158.0,10.9
09:43,1711,34191.0,46.77
09:43,2340,13624.0,44.02
09:43,2466,4977.0,177.25
09:43,2607,508.0,55.1
09:43,3265,1839.0,217.0
09:43,3268,233.0,23.77
09:43,3311,3353.0,45.75
09:43,3441,23998.0,273.25
09:43,3491,806.0,1690.0
09:43,3597,388.0,36.75
09:43,3701,5069.0,61.3
09:43,4711,941.0,17.7
09:43,5244,649.0,40.05
09:43,5432,859.0,203.25
09:43,6152,13649.0,19.58
09:43,6263,410.0,176.5
09:43,6292,98.0,70.8
09:43,6456,34960.0,101.5
09:43,6667,809.0,277.25
09:43,6716,2380.0,143.75
09:43,6811,734.0,273.0
09:43,6944,556.0,895.0
09:43,8111,13155.0,92.3
09:43,8358,7845.0,541.5
09:46,1301,30400.0,71.25
09:46,1455,7176.0,10.9
09:46,1711,34845.0,46.77
09:46,2340,13941.0,43.98
09:46,2466,5221.0,177.25
09:46,2607,511.0,55.2
09:46,3265,1854.0,217.0
09:46,3268,236.0,23.7
09:46,3311,3412.0,45.42
09:46,3441,24148.0,272.25
09:46,3491,824.0,1690.0
09:46,3597,389.0,36.75
09:46,3701,5178.0,61.5
09:46,4711,946.0,17.7
09:46,5244,695.0,40.05
09:46,5432,861.0,203.25
09:46,6152,13818.0,19.42
09:46,6263,412.0,176.5
09:46,6292,99.0,70.85
09:46,6456,38743.0,99.95
09:46,6667,827.0,277.25
09:46,6716,2444.0,143.5
09:46,6811,736.0,273.0
09:46,6944,576.0,894.5
09:46,8111,13529.0,93.1
09:46,8358,8225.0,539.5
09:49,1301,31696.0,71.4
09:49,1455,7203.0,10.9
09:49,1711,36166.0,46.45
09:49,2340,14211.0,43.9
09:49,2466,5565.0,179.0
09:49,2607,512.0,55.15
09:49,3265,1875.0,217.0
09:49,3268,244.0,23.65
09:49,3311,3479.0,44.95
09:49,3441,24754.0,269.75
09:49,3491,853.0,1687.5
09:49,3597,400.0,36.75
09:49,3701,5299.0,61.65
09:49,4711,977.0,17.6
09:49,5244,854.0,40.12
09:49,5432,863.0,202.5
09:49,6152,14134.0,19.52
09:49,6263,417.0,176.25
09:49,6292,110.0,70.45
09:49,6456,40877.0,98.8
09:49,6667,836.0,277.75
09:49,6716,2526.0,143.0
09:49,6811,746.0,273.0
09:49,6944,595.0,892.5
09:49,8111,13733.0,92.65
09:49,8358,8577.0,539.0
09:52,1301,37707.0,72.15
09:52,1455,8153.0,10.9
09:52,1711,36805.0,46.83
09:52,2340,14755.0,43.88
09:52,2466,5641.0,178.75
09:52,2607,537.0,55.3
09:52,3265,1885.0,217.0
09:52,3268,249.0,23.7
09:52,3311,3494.0,45.0
09:52,3441,25848.0,270.75
09:52,3491,858.0,1687.5
09:52,3597,406.0,36.75
09:52,3701,5335.0,61.45
09:52,4711,979.0,17.6
09:52,5244,888.0,40.38
09:52,5432,883.0,200.75
09:52,6152,14215.0,19.5
09:52,6263,423.0,176.0
09:52,6292,115.0,70.25
09:52,6456,41360.0,99.65
09:52,6667,867.0,278.0
09:52,6716,2591.0,144.5
09:52,6811,760.0,273.0
09:52,6944,603.0,889.0
09:52,8111,13921.0,93.1
09:52,8358,8833.0,541.5
09:55,1301,38957.0,71.85
09:55,1455,8165.0,10.9
09:55,1711,37377.0,46.62
09:55,2340,15152.0,44.55
09:55,2466,6041.0,180.5
09:55,2607,622.0,55.65
09:55,3265,1896.0,217.0
09:55,3268,251.0,23.68
09:55,3311,3500.0,45.0
09:55,3441,26203.0,271.75
09:55,3491,862.0,1692.5
09:55,3597,406.0,36.75
09:55,3701,5392.0,61.05
09:55,4711,993.0,17.65
09:55,5244,971.0,40.58
09:55,5432,888.0,200.5
09:55,6152,14274.0,19.48
09:55,6263,423.0,175.75
09:55,6292,121.0,70.15
09:55,6456,42087.0,98.95
09:55,6667,883.0,278.25
09:55,6716,2612.0,143.75
09:55,6811,768.0,273.0
09:55,6944,619.0,890.0
09:55,8111,14033.0,92.95
09:55,8358,8931.0,540.5
09:58,1301,39681.0,71.55
09:58,1455,8189.0,10.9
09:58,1711,37594.0,46.62
09:58,2340,15582.0,44.88
09:58,2466,6350.0,178.25
09:58,2607,624.0,55.55
09:58,3265,1903.0,217.0
09:58,3268,266.0,23.68
09:58,3311,3538.0,44.92
09:58,3441,26384.0,272.75
09:58,3491,871.0,1692.5
09:58,3597,426.0,36.75
09:58,3701,5555.0,61.5
09:58,4711,1005.0,17.7
09:58,5244,980.0,40.33
09:58,5432,902.0,201.5
09:58,5460,1357.0,19.25
09:58,6152,14503.0,19.48
09:58,6263,427.0,175.75
09:58,6292,123.0,70.2
09:58,6456,42862.0,100.25
09:58,6667,891.0,277.75
09:58,6716,2660.0,146.25
09:58,6811,771.0,273.0
09:58,6944,639.0,893.5
09:58,8111,14071.0,93.0
09:58,8358,9063.0,539.0
10:01,1301,40231.0,71.65
10:01,1455,8232.0,10.9
10:01,1711,37788.0,46.65
10:01,2340,16495.0,45.45
10:01,2466,6497.0,178.0
10:01,2607,632.0,55.45
10:01,3265,1920.0,217.0
10:01,3268,267.0,23.7
10:01,3311,3562.0,44.83
10:01,3441,26895.0,272.0
10:01,3491,880.0,1690.0
10:01,3597,426.0,36.75
10:01,3701,5615.0,61.55
10:01,4711,1008.0,17.8
10:01,5244,1001.0,40.5
10:01,5432,902.0,201.5
10:01,5460,1371.0,19.25
10:01,6152,15539.0,20.0
10:01,6263,433.0,175.5
10:01,6292,123.0,70.2
10:01,6456,43520.0,99.25
10:01,6667,954.0,280.5
10:01,6716,2774.0,148.0
10:01,6811,787.0,273.0
10:01,6944,644.0,890.5
10:01,8111,14185.0,92.75
10:01,8358,9255.0,538.5
10:04,1301,41133.0,71.35
10:04,1455,8275.0,10.9
10:04,1711,38300.0,46.38
10:04,2340,17187.0,45.67
10:04,2466,6623.0,177.75
10:04,2607,645.0,55.45
10:04,3265,1930.0,217.0
10:04,3268,267.0,23.7
10:04,3311,3568.0,44.75
10:04,3441,27013.0,271.25
10:04,3491,890.0,1690.0
10:04,3597,427.0,36.75
10:04,3701,5640.0,61.15
10:04,4711,1021.0,17.73
10:04,5244,1150.0,41.02
10:04,5432,906.0,201.5
10:04,5460,1380.0,19.25
10:04,6152,15945.0,20.08
10:04,6263,433.0,175.25
10:04,6292,124.0,70.15
10:04,6456,43804.0,99.15
10:04,6667,1020.0,281.75
10:04,6716,2931.0,149.25
10:04,6811,796.0,273.0
10:04,6944,661.0,891.5
10:04,8111,14291.0,92.55
10:04,8358,9656.0,537.5
10:07,1301,41632.0,71.4
10:07,1455,8308.0,10.9
10:07,1711,38749.0,46.27
10:07,2340,17721.0,45.83
10:07,2466,6678.0,177.75
10:07,2607,654.0,55.35
10:07,3265,1946.0,217.0
10:07,3268,269.0,23.73
10:07,3311,3585.0,44.75
10:07,3441,27149.0,272.25
10:07,3491,905.0,1682.5
10:07,3597,427.0,36.75
10:07,3701,5688.0,60.9
10:07,4711,1025.0,17.67
10:07,5244,1211.0,40.85
10:07,5432,914.0,200.25
10:07,5460,1397.0,19.25
10:07,6152,16258.0,19.88
10:07,6263,452.0,174.75
10:07,6292,126.0,69.95
10:07,6456,44038.0,99.15
10:07,6667,1108.0,282.75
10:07,6716,3001.0,149.25
10:07,6811,903.0,273.0
10:07,6944,667.0,888.5
10:07,8111,14631.0,92.75
10:07,8358,10191.0,537.5
10:10,1301,42048.0,71.35
10:10,1455,8365.0,10.9
10:10,1711,38969.0,46.33
10:10,2340,18621.0,45.77
10:10,2466,6852.0,177.5
10:10,2607,654.0,55.35
10:10,3265,1958.0,217.0
10:10,3268,269.0,23.73
10:10,3311,3606.0,44.75
10:10,3441,27202.0,271.75
10:10,3491,918.0,1682.5
10:10,3597,427.0,36.75
10:10,3701,5824.0,61.1
10:10,4711,1062.0,17.57
10:10,5244,1236.0,40.52
10:10,5432,930.0,199.0
10:10,5460,1405.0,19.25
10:10,6152,16445.0,19.88
10:10,6263,461.0,174.75
10:10,6292,127.0,70.0
10:10,6456,44317.0,99.55
10:10,6667,1116.0,281.25
10:10,6716,3106.0,150.25
10:10,6811,938.0,273.0
10:10,6944,705.0,883.0
10:10,8111,14711.0,92.75
10:10,8358,10350.0,537.5
10:13,1301,42480.0,71.45
10:13,1455,8443.0,10.9
10:13,1711,39177.0,46.48
10:13,2340,18804.0,45.88
10:13,2466,6890.0,178.0
10:13,2607,661.0,55.35
10:13,3265,1959.0,217.0
10:13,3268,269.0,23.73
10:13,3311,3629.0,44.75
10:13,3441,27359.0,270.75
10:13,3491,927.0,1682.5
10:13,3597,427.0,36.75
10:13,3701,5840.0,60.95
10:13,4711,1062.0,17.6
10:13,5244,1243.0,40.48
10:13,5432,946.0,203.5
10:13,5460,1413.0,19.25
10:13,6147,40861.0,233.25
10:13,6152,16557.0,19.98
10:13,6263,466.0,175.0
10:13,6292,127.0,70.0
10:13,6456,44897.0,100.75
10:13,6667,1155.0,280.5
10:13,6716,3144.0,149.75
10:13,6811,949.0,272.5
10:13,6944,723.0,885.0
10:13,8111,14799.0,93.15
10:13,8358,10367.0,537.0
10:16,1301,43264.0,71.65
10:16,1455,10311.0,10.9
10:16,1711,39433.0,46.42
10:16,2340,21746.0,47.9
10:16,2466,6991.0,178.25
10:16,2607,668.0,55.35
10:16,3265,2055.0,217.0
10:16,3268,289.0,23.73
10:16,3311,3637.0,44.85
10:16,3441,27438.0,271.25
10:16,3491,939.0,1690.0
10:16,3597,427.0,36.75
10:16,3701,5892.0,60.85
10:16,4711,1066.0,17.62
10:16,5244,1265.0,40.28
10:16,5432,950.0,203.25
10:16,5460,1429.0,19.25
10:16,6147,42191.0,233.25
10:16,6152,16742.0,19.83
10:16,6263,467.0,175.0
10:16,6292,128.0,70.0
10:16,6456,45906.0,100.75
10:16,6667,1163.0,280.75
10:16,6716,3174.0,149.75
10:16,6811,958.0,273.0
10:16,6944,738.0,881.0
10:16,8111,14892.0,92.9
10:16,8358,10446.0,538.5
10:19,1301,43937.0,71.5
10:19,1455,10570.0,10.9
10:19,1711,39676.0,46.3
10:19,2340,23411.0,47.95
10:19,2466,7004.0,178.25
10:19,2607,671.0,55.35
10:19,3265,2063.0,217.0
10:19,3268,289.0,23.73
10:19,3311,3640.0,44.8
10:19,3441,27486.0,271.75
10:19,3491,942.0,1690.0
10:19,3597,427.0,36.75
10:19,3701,5910.0,60.85
10:19,4711,1069.0,17.62
10:19,5244,1278.0,40.25
10:19,5432,968.0,203.75
10:19,5460,1457.0,19.25
10:19,6147,44175.0,234.25
10:19,6152,16876.0,19.8
10:19,6263,467.0,175.0
10:19,6292,129.0,70.15
10:19,6456,46093.0,100.75
10:19,6667,1187.0,280.75
10:19,6716,3184.0,149.25
10:19,6811,979.0,273.0
10:19,6944,762.0,876.0
10:19,8111,14917.0,92.75
10:19,8358,10540.0,538.5
10:22,1301,44377.0,71.75
10:22,1455,10639.0,10.9
10:22,1711,40722.0,45.98
10:22,2340,25207.0,48.78
10:22,2466,7085.0,177.75
10:22,2607,697.0,55.35
10:22,3265,2067.0,217.0
10:22,3268,291.0,23.7
10:22,3311,3662.0,45.0
10:22,3441,27513.0,271.75
10:22,3491,948.0,1687.5
10:22,3597,429.0,36.75
10:22,3701,6067.0,60.75
10:22,4711,1071.0,17.62
10:22,5244,1287.0,40.25
10:22,5432,970.0,204.25
10:22,5460,1492.0,19.25
10:22,6147,46949.0,234.75
10:22,6152,17087.0,19.77
10:22,6263,467.0,174.75
10:22,6292,129.0,70.15
10:22,6456,46300.0,101.25
10:22,6667,1201.0,281.25
10:22,6716,3216.0,149.75
10:22,6811,982.0,273.0
10:22,6944,776.0,876.5
10:22,8111,14955.0,92.55
10:22,8358,10714.0,541.5
10:25,1301,45683.0,71.9
10:25,1455,10885.0,10.9
10:25,1711,41235.0,45.95
10:25,2340,26741.0,47.42
10:25,2466,7170.0,176.5
10:25,2607,703.0,55.35
10:25,3265,2068.0,217.0
10:25,3268,314.0,23.6
10:25,3311,3705.0,45.25
10:25,3441,27564.0,271.25
10:25,3491,955.0,1692.5
10:25,3597,432.0,36.75
10:25,3701,6255.0,60.25
10:25,4711,1072.0,17.58
10:25,5244,1305.0,40.23
10:25,5432,974.0,204.75
10:25,5460,1532.0,19.25
10:25,6147,47534.0,234.25
10:25,6152,17180.0,19.83
10:25,6263,468.0,174.75
10:25,6292,130.0,70.15
10:25,6456,46421.0,100.75
10:25,6667,1227.0,281.5
10:25,6716,3291.0,150.75
10:25,6811,987.0,273.0
10:25,6944,801.0,870.0
10:25,8111,14996.0,92.95
10:25,8213,772.0,35.67
10:25,8358,10805.0,540.5
10:28,1301,46719.0,71.6
10:28,1455,10910.0,10.9
10:28,1711,41542.0,46.02
10:28,2340,27538.0,47.02
10:28,2466,7237.0,177.25
10:28,2607,724.0,55.35
10:28,3265,2070.0,217.0
10:28,3268,316.0,23.6
10:28,3311,3726.0,45.3
10:28,3441,27598.0,271.25
10:28,3491,970.0,1692.5
10:28,3597,435.0,36.75
10:28,3701,6688.0,59.85
10:28,4711,1075.0,17.6
10:28,5244,1307.0,40.15
10:28,5432,986.0,207.0
10:28,5460,1553.0,19.25
10:28,6147,48674.0,233.75
10:28,6152,17287.0,19.85
10:28,6263,482.0,175.75
10:28,6292,130.0,70.15
10:28,6456,46497.0,100.75
10:28,6667,1262.0,282.25
10:28,6716,3459.0,152.25
10:28,6811,993.0,273.0
10:28,6944,812.0,870.0
10:28,8111,15024.0,92.8
10:28,8213,1082.0,36.12
10:28,8358,10939.0,541.5
10:31,1301,47012.0,71.75
10:31,1455,12259.0,10.57
10:31,1711,41620.0,46.17
10:31,2340,27753.0,47.3
10:31,2466,7267.0,177.0
10:31,2607,730.0,55.3
10:31,3265,2075.0,217.0
10:31,3268,316.0,23.62
10:31,3311,3865.0,46.0
10:31,3441,27642.0,271.25
10:31,3491,977.0,1697.5
10:31,3597,437.0,36.75
10:31,3701,7237.0,61.5
10:31,4711,1076.0,17.6
10:31,5244,1319.0,40.17
10:31,5432,1018.0,209.5
10:31,5460,1577.0,19.25
10:31,6147,49207.0,235.25
10:31,6152,17342.0,19.88
10:31,6263,489.0,176.25
10:31,6292,134.0,70.15
10:31,6456,46639.0,101.25
10:31,6667,1265.0,281.75
10:31,6716,3583.0,155.25
10:31,6811,994.0,273.0
10:31,6944,822.0,872.0
10:31,8111,15052.0,93.0
10:31,8213,1247.0,36.22
10:31,8358,10986.0,541.5
10:34,1301,47483.0,71.75
10:34,1455,12976.0,10.57
10:34,1711,41973.0,46.27
10:34,2340,28631.0,46.52
10:34,2466,7280.0,176.75
10:34,2607,737.0,55.35
10:34,3265,2080.0,217.0
10:34,3268,316.0,23.62
10:34,3311,3934.0,46.42
10:34,3441,27683.0,270.75
10:34,3491,985.0,1692.5
10:34,3597,437.0,36.75
10:34,3701,7974.0,62.15
10:34,4711,1079.0,17.6
10:34,5244,1369.0,40.6
10:34,5432,1040.0,208.25
10:34,5460,1578.0,19.25
10:34,6147,49452.0,234.75
10:34,6152,17463.0,19.85
10:34,6263,491.0,176.0
10:34,6292,137.0,70.3
10:34,6456,46716.0,100.75
10:34,6667,1267.0,281.5
10:34,6716,3685.0,153.0
10:34,6811,996.0,273.0
10:34,6944,826.0,875.5
10:34,8111,15085.0,93.1
10:34,8213,1274.0,36.25
10:34,8358,11049.0,541.5
10:37,1301,48108.0,71.65
10:37,1455,13212.0,10.65
10:37,1711,42052.0,46.17
10:37,2340,28825.0,46.5
10:37,2466,7305.0,177.25
10:37,2607,809.0,55.55
10:37,3265,2081.0,217.0
10:37,3268,316.0,23.62
10:37,3311,4077.0,46.8
10:37,3441,27712.0,271.25
10:37,3491,986.0,1695.0
10:37,3597,437.0,36.75
10:37,3701,8280.0,62.3
10:37,4711,1086.0,17.55
10:37,5244,1381.0,40.65
10:37,5432,1050.0,207.75
10:37,5460,1739.0,19.17
10:37,6147,51013.0,237.0
10:37,6152,17549.0,19.85
10:37,6263,493.0,176.0
10:37,6292,137.0,70.25
10:37,6456,46778.0,100.75
10:37,6667,1378.0,284.5
10:37,6716,3735.0,154.5
10:37,6811,1002.0,273.0
10:37,6944,829.0,878.5
10:37,8111,15597.0,93.5
10:37,8213,1333.0,36.3
10:37,8358,11096.0,541.5
10:40,1301,49730.0,71.95
10:40,1455,13491.0,10.65
10:40,1711,42185.0,46.23
10:40,2340,29081.0,46.6
10:40,2466,7363.0,177.75
10:40,2607,812.0,55.5
10:40,3265,2085.0,217.0
10:40,3268,318.0,23.6
10:40,3311,4110.0,46.92
10:40,3441,27738.0,271.0
10:40,3491,988.0,1692.5
10:40,3597,443.0,36.75
10:40,3701,8407.0,62.3
10:40,4711,1091.0,17.6
10:40,5244,1384.0,40.45
10:40,5432,1056.0,206.5
10:40,5460,1752.0,19.15
10:40,6147,60126.0,236.75
10:40,6152,17562.0,19.83
10:40,6263,493.0,175.75
10:40,6292,137.0,70.3
10:40,6456,46920.0,100.25
10:40,6667,1401.0,283.25
10:40,6716,3785.0,152.5
10:40,6811,1033.0,273.0
10:40,6944,833.0,880.5
10:40,8111,15681.0,93.15
10:40,8213,1359.0,36.23
10:40,8358,11306.0,543.5
10:43,1301,50048.0,71.95
10:43,1455,13522.0,10.62
10:43,1711,42281.0,46.27
10:43,2340,29218.0,46.52
10:43,2466,7367.0,177.25
10:43,2607,819.0,55.5
10:43,3265,2094.0,217.0
10:43,3268,318.0,23.62
10:43,3311,4210.0,47.15
10:43,3441,27804.0,270.5
10:43,3491,1001.0,1692.5
10:43,3597,448.0,36.75
10:43,3701,8446.0,61.95
10:43,4711,1095.0,17.65
10:43,5244,1400.0,40.5
10:43,5432,1058.0,205.75
10:43,5460,1756.0,19.15
10:43,6147,61005.0,234.75
10:43,6152,17725.0,19.92
10:43,6263,495.0,176.0
10:43,6292,138.0,70.25
10:43,6456,46942.0,100.25
10:43,6667,1410.0,282.0
10:43,6716,3797.0,152.75
10:43,6811,1033.0,273.0
10:43,6944,840.0,879.0
10:43,8111,15771.0,93.25
10:43,8213,1377.0,36.2
10:43,8358,11400.0,543.5
10:46,1301,50458.0,71.95
10:46,1455,13666.0,10.68
10:46,1711,42528.0,46.23
10:46,2340,29345.0,46.6
10:46,2466,7385.0,177.75
10:46,2607,830.0,55.55
10:46,3265,2100.0,217.0
10:46,3268,318.0,23.62
10:46,3311,4264.0,47.2
10:46,3441,27863.0,270.25
10:46,3491,1009.0,1687.5
10:46,3597,448.0,36.75
10:46,3701,8472.0,61.75
10:46,4711,1101.0,17.65
10:46,5244,1412.0,40.53
10:46,5432,1067.0,205.0
10:46,5460,1794.0,19.25
10:46,6147,61710.0,234.75
10:46,6152,17745.0,19.92
10:46,6263,496.0,176.0
10:46,6292,146.0,69.95
10:46,6456,46971.0,100.25
10:46,6667,1419.0,281.75
10:46,6716,3812.0,153.25
10:46,6811,1047.0,272.75
10:46,6944,841.0,878.5
10:46,8111,15798.0,93.35
10:46,8213,1385.0,36.17
10:46,8358,11454.0,542.5
10:49,1301,50751.0,71.85
10:49,1455,13879.0,10.65
10:49,1711,42689.0,46.12
10:49,2340,29425.0,46.62
10:49,2466,7387.0,177.75
10:49,2607,833.0,55.45
10:49,3265,2110.0,217.0
10:49,3268,318.0,23.62
10:49,3311,4370.0,46.85
10:49,3441,28069.0,269.75
10:49,3491,1009.0,1687.5
10:49,3597,453.0,36.75
10:49,3701,8493.0,61.65
10:49,4711,1105.0,17.65
10:49,5244,1413.0,40.47
10:49,5432,1067.0,205.0
10:49,5460,1795.0,19.25
10:49,6147,62102.0,233.25
10:49,6152,17779.0,19.92
10:49,6263,496.0,175.75
10:49,6292,153.0,69.9
10:49,6456,47416.0,100.25
10:49,6667,1423.0,281.25
10:49,6716,3831.0,153.25
10:49,6811,1058.0,272.5
10:49,6944,841.0,879.0
10:49,8111,15823.0,93.25
10:49,8213,1406.0,36.12
10:49,8358,11490.0,542.5
10:52,1301,54589.0,71.7
10:52,1455,14065.0,10.62
10:52,1711,42828.0,46.12
10:52,2340,29779.0,46.8
10:52,2466,7413.0,177.25
10:52,2607,835.0,55.45
10:52,3265,2111.0,217.0
10:52,3268,318.0,23.62
10:52,3311,4419.0,46.75
10:52,3441,28168.0,270.25
10:52,3491,1012.0,1692.5
10:52,3597,558.0,36.75
10:52,3701,8523.0,61.85
10:52,4711,1108.0,17.6
10:52,5244,1414.0,40.4
10:52,5432,1071.0,204.25
10:52,5460,1797.0,19.25
10:52,6147,63108.0,234.75
10:52,6152,18036.0,19.65
10:52,6263,498.0,176.0
10:52,6292,155.0,69.85
10:52,6456,47505.0,100.25
10:52,6667,1431.0,281.25
10:52,6716,3864.0,153.75
10:52,6811,1062.0,273.0
10:52,6944,843.0,879.5
10:52,8111,15893.0,93.55
10:52,8213,1441.0,36.1
10:52,8358,11522.0,542.5
10:55,1301,55034.0,71.85
10:55,1455,14698.0,10.75
10:55,1711,42851.0,46.1
10:55,2340,29942.0,46.67
10:55,2466,7440.0,176.75
10:55,2607,835.0,55.45
10:55,3265,2112.0,217.0
10:55,3268,322.0,23.55
10:55,3311,4449.0,46.8
10:55,3441,28266.0,269.25
10:55,3491,1012.0,1692.5
10:55,3597,558.0,36.75
10:55,3701,9911.0,63.4
10:55,4711,1108.0,17.62
10:55,5244,1421.0,40.33
10:55,5432,1075.0,204.75
10:55,5460,1797.0,19.25
10:55,6147,63333.0,233.75
10:55,6152,18110.0,19.73
10:55,6263,499.0,176.0
10:55,6292,155.0,69.9
10:55,6456,47659.0,99.5
10:55,6667,1435.0,281.25
10:55,6716,3867.0,153.75
10:55,6811,1063.0,273.0
10:55,6944,845.0,879.5
10:55,8111,15948.0,93.35
10:55,8213,1458.0,36.17
10:55,8358,11565.0,541.5
10:58,1301,61408.0,72.65
10:58,1455,15358.0,10.9
10:58,1711,42997.0,46.08
10:58,2340,30091.0,46.88
10:58,2466,7461.0,177.25
10:58,2607,852.0,55.45
10:58,3265,2114.0,217.0
10:58,3268,322.0,23.62
10:58,3311,4467.0,46.83
10:58,3441,28709.0,266.25
10:58,3491,1014.0,1692.5
10:58,3597,558.0,36.75
10:58,3701,10039.0,63.1
10:58,4711,1109.0,17.65
10:58,5244,1443.0,40.53
10:58,5432,1079.0,205.5
10:58,5460,1798.0,19.25
10:58,6147,63479.0,234.25
10:58,6152,18173.0,19.77
10:58,6263,501.0,176.0
10:58,6292,155.0,69.9
10:58,6456,47895.0,99.55
10:58,6667,1441.0,281.0
10:58,6716,3962.0,154.25
10:58,6811,1066.0,272.5
10:58,6944,853.0,878.5
10:58,8111,15996.0,93.15
10:58,8213,1482.0,36.2
10:58,8358,11596.0,541.0
11:01,1301,61835.0,72.55
11:01,1455,15391.0,10.78
11:01,1711,43154.0,46.02
11:01,2340,30264.0,46.8
11:01,2466,7476.0,177.0
11:01,2607,853.0,55.45
11:01,3265,2118.0,217.0
11:01,3268,324.0,23.55
11:01,3311,4508.0,46.45
11:01,3441,29078.0,267.75
11:01,3491,1024.0,1690.0
11:01,3597,558.0,36.75
11:01,3701,10311.0,62.85
11:01,4711,1115.0,17.65
11:01,4927,20799.0,55.85
11:01,5244,1450.0,40.47
11:01,5432,1083.0,205.0
11:01,5460,1809.0,19.25
11:01,6147,63599.0,234.25
11:01,6152,18190.0,19.75
11:01,6263,501.0,176.0
11:01,6292,157.0,69.8
11:01,6456,48001.0,99.55
11:01,6667,1442.0,280.5
11:01,6716,3977.0,153.0
11:01,6811,1067.0,272.5
11:01,6944,853.0,879.5
11:01,8111,16049.0,93.1
11:01,8213,1519.0,36.17
11:01,8358,11656.0,541.5
11:04,1301,62706.0,72.4
11:04,1455,15773.0,10.9
11:04,1711,43572.0,45.92
11:04,2340,30363.0,46.73
11:04,2466,7509.0,176.75
11:04,2607,862.0,55.4
11:04,3265,2119.0,217.0
11:04,3268,324.0,23.55
11:04,3311,4514.0,46.38
11:04,3441,29333.0,270.5
11:04,3491,1035.0,1692.5
11:04,3597,558.0,36.75
11:04,3701,10472.0,63.15
11:04,4711,1119.0,17.6
11:04,4927,21383.0,55.8
11:04,5244,1450.0,40.47
11:04,5432,1084.0,205.5
11:04,5460,1810.0,19.25
11:04,6147,63908.0,234.25
11:04,6152,18208.0,19.75
11:04,6263,501.0,175.75
11:04,6292,157.0,69.8
11:04,6456,48090.0,99.95
11:04,6667,1457.0,279.0
11:04,6716,4005.0,154.0
11:04,6811,1072.0,273.0
11:04,6944,858.0,877.0
11:04,8111,16131.0,93.3
11:04,8213,1525.0,36.12
11:04,8358,11779.0,543.5
11:07,1301,63154.0,72.55
11:07,1455,15894.0,10.9
11:07,1711,43705.0,45.92
11:07,1714,66714.0,19.92
11:07,2340,30425.0,46.67
11:07,2466,7530.0,177.25
11:07,2607,864.0,55.4
11:07,3265,2124.0,217.0
11:07,3268,348.0,23.92
11:07,3311,4529.0,46.55
11:07,3441,29640.0,270.75
11:07,3491,1086.0,1697.5
11:07,3597,558.0,36.75
11:07,3701,10555.0,63.15
11:07,4711,1120.0,17.62
11:07,4927,21915.0,55.9
11:07,5244,1451.0,40.47
11:07,5432,1085.0,205.5
11:07,5460,1810.0,19.25
11:07,6147,64060.0,233.75
11:07,6152,18239.0,19.75
11:07,6263,502.0,175.75
11:07,6292,157.0,69.8
11:07,6456,48318.0,99.35
11:07,6667,1462.0,279.25
11:07,6716,4014.0,154.0
11:07,6811,1090.0,272.25
11:07,6944,895.0,894.5
11:07,8111,16402.0,94.0
11:07,8213,1531.0,36.05
11:07,8358,11827.0,542.5
11:10,1301,64532.0,72.85
11:10,1455,16194.0,10.78
11:10,1711,43829.0,45.88
11:10,1714,68616.0,19.95
11:10,2340,30460.0,46.73
11:10,2466,7546.0,177.75
11:10,2607,865.0,55.45
11:10,3265,2128.0,217.0
11:10,3268,354.0,24.08
11:10,3311,4530.0,46.58
11:10,3441,29681.0,269.75
11:10,3491,1088.0,1700.0
11:10,3597,558.0,36.75
11:10,3701,10727.0,63.0
11:10,4711,1124.0,17.58
11:10,4927,22214.0,56.15
11:10,5244,1453.0,40.52
11:10,5432,1086.0,205.0
11:10,5460,1813.0,19.25
11:10,6147,64153.0,233.75
11:10,6152,18262.0,19.73
11:10,6263,503.0,175.75
11:10,6292,157.0,69.8
11:10,6456,48411.0,99.45
11:10,6667,1463.0,279.75
11:10,6716,4022.0,154.25
11:10,6811,1093.0,272.0
11:10,6944,906.0,893.5
11:10,8111,16456.0,93.75
11:10,8213,1543.0,36.05
11:10,8358,11973.0,540.0
11:13,1301,66987.0,73.05
11:13,1455,16272.0,10.85
11:13,1711,44552.0,45.73
11:13,1714,69337.0,19.83
11:13,2340,30555.0,46.73
11:13,2466,7560.0,177.5
11:13,2607,875.0,55.45
11:13,3265,2130.0,217.0
11:13,3268,360.0,24.02
11:13,3311,4534.0,46.5
11:13,3441,29826.0,268.75
11:13,3491,1097.0,1702.5
11:13,3597,558.0,36.75
11:13,3701,10786.0,62.9
11:13,4711,1150.0,17.55
11:13,4927,22516.0,55.55
11:13,5244,1456.0,40.55
11:13,5432,1086.0,205.0
11:13,5460,1817.0,19.25
11:13,6147,64885.0,232.75
11:13,6152,18319.0,19.67
11:13,6263,503.0,175.75
11:13,6292,177.0,69.65
11:13,6456,48708.0,99.3
11:13,6667,1468.0,279.5
11:13,6716,4037.0,153.75
11:13,6811,1094.0,272.5
11:13,6944,908.0,893.5
11:13,8111,16529.0,93.6
11:13,8213,1545.0,36.05
11:13,8358,12012.0,539.5
11:16,1301,68049.0,73.05
11:16,1455,16353.0,10.85
11:16,1711,44704.0,45.77
11:16,1714,69892.0,19.83
11:16,2340,30709.0,47.02
11:16,2466,7581.0,177.25
11:16,2607,893.0,55.45
11:16,3265,2133.0,217.0
11:16,3268,360.0,24.02
11:16,3311,4539.0,46.5
11:16,3441,29882.0,269.25
11:16,3491,1106.0,1702.5
11:16,3597,558.0,36.75
11:16,3701,10827.0,62.95
11:16,4711,1155.0,17.58
11:16,4927,22721.0,55.25
11:16,5244,1457.0,40.48
11:16,5432,1087.0,204.5
11:16,5460,1822.0,19.25
11:16,6147,66856.0,232.0
11:16,6152,18563.0,19.65
11:16,6263,511.0,175.25
11:16,6292,177.0,69.65
11:16,6456,48751.0,99.15
11:16,6667,1475.0,279.5
11:16,6716,4047.0,153.75
11:16,6811,1099.0,272.5
11:16,6944,913.0,892.0
11:16,8111,16555.0,93.5
11:16,8213,1546.0,36.02
11:16,8358,12141.0,541.5
11:19,1301,69167.0,73.4
11:19,1455,16577.0,10.88
11:19,1711,44845.0,45.8
11:19,1714,70308.0,19.77
11:19,2340,30808.0,47.02
11:19,2466,7609.0,176.75
11:19,2607,893.0,55.45
11:19,3265,2133.0,217.0
11:19,3268,361.0,24.0
11:19,3311,4557.0,46.95
11:19,3441,29926.0,268.5
11:19,3491,1111.0,1702.5
11:19,3597,559.0,36.75
11:19,3701,10855.0,62.8
11:19,4711,1188.0,17.55
11:19,4927,22818.0,55.25
11:19,5244,1459.0,40.45
11:19,5432,1091.0,203.5
11:19,5460,1824.0,19.25
11:19,6147,67524.0,232.25
11:19,6152,18678.0,19.62
11:19,6263,515.0,175.75
11:19,6292,186.0,69.65
11:19,6456,49337.0,98.65
11:19,6667,1476.0,279.25
11:19,6716,4063.0,154.0
11:19,6811,1099.0,272.5
11:19,6944,919.0,890.5
11:19,8111,16581.0,93.45
11:19,8213,1553.0,36.02
11:19,8358,12187.0,541.5
11:22,1301,71385.0,73.6
11:22,1455,16632.0,10.9
11:22,1711,44947.0,45.77
11:22,1714,71050.0,19.67
11:22,2340,30975.0,47.08
11:22,2466,7633.0,176.5
11:22,2607,903.0,55.45
11:22,3265,2134.0,217.0
11:22,3268,361.0,23.95
11:22,3311,4580.0,47.0
11:22,3441,30010.0,267.75
11:22,3491,1145.0,1707.5
11:22,3597,559.0,36.75
11:22,3701,10881.0,62.7
11:22,4711,1188.0,17.55
11:22,4927,23140.0,54.95
11:22,5244,1561.0,41.05
11:22,5432,1091.0,203.25
11:22,5460,1824.0,19.25
11:22,6147,67722.0,232.75
11:22,6152,18747.0,19.58
11:22,6263,515.0,175.75
11:22,6292,187.0,69.7
11:22,6456,49472.0,98.85
11:22,6667,1476.0,279.25
11:22,6716,4075.0,153.25
11:22,6811,1100.0,273.0
11:22,6944,922.0,889.0
11:22,8111,16644.0,93.6
11:22,8213,1565.0,36.05
11:22,8358,12328.0,542.0
11:25,1301,72598.0,73.65
11:25,1455,16906.0,10.9
11:25,1711,45018.0,45.73
11:25,1714,71307.0,19.62
11:25,2340,31674.0,47.33
11:25,2466,7667.0,176.75
11:25,2607,906.0,55.4
11:25,3265,2134.0,217.0
11:25,3268,362.0,23.88
11:25,3311,4592.0,47.28
11:25,3441,30123.0,269.75
11:25,3491,1154.0,1710.0
11:25,3597,559.0,36.75
11:25,3701,10982.0,62.4
11:25,4711,1188.0,17.55
11:25,4927,23308.0,55.25
11:25,5244,1567.0,40.8
11:25,5432,1093.0,202.5
11:25,5460,1825.0,19.25
11:25,6147,67976.0,233.25
11:25,6152,18922.0,19.6
11:25,6263,517.0,175.75
11:25,6292,189.0,69.65
11:25,6456,49708.0,99.55
11:25,6667,1479.0,279.5
11:25,6716,4081.0,153.75
11:25,6811,1100.0,273.0
11:25,6944,922.0,889.0
11:25,8111,16683.0,93.35
11:25,8213,1586.0,36.15
11:25,8358,12381.0,542.5
11:28,1301,76383.0,74.05
11:28,1455,16924.0,10.88
11:28,1711,45089.0,45.7
11:28,1714,72192.0,19.83
11:28,2340,32127.0,47.65
11:28,2466,7689.0,177.25
11:28,2607,908.0,55.45
11:28,3265,2136.0,217.0
11:28,3268,362.0,23.88
11:28,3311,4618.0,47.33
11:28,3441,30203.0,270.75
11:28,3491,1160.0,1710.0
11:28,3597,559.0,36.75
11:28,3701,10995.0,62.45
11:28,4711,1189.0,17.58
11:28,4927,23386.0,55.15
11:28,5244,1569.0,40.65
11:28,5432,1098.0,202.5
11:28,5460,1827.0,19.25
11:28,6147,68128.0,232.75
11:28,6152,19047.0,19.58
11:28,6263,518.0,175.75
11:28,6292,191.0,69.7
11:28,6456,49834.0,99.5
11:28,6667,1484.0,279.75
11:28,6716,4235.0,156.5
11:28,6811,1101.0,273.0
11:28,6944,923.0,890.0
11:28,8111,16691.0,93.45
11:28,8213,1736.0,36.35
11:28,8358,12684.0,544.5
11:31,1301,76895.0,73.7
11:31,1455,16954.0,10.88
11:31,1711,45200.0,45.83
11:31,1714,72353.0,19.77
11:31,2340,32762.0,48.08
11:31,2466,7689.0,177.25
11:31,2607,916.0,55.4
11:31,3265,2136.0,217.0
11:31,3268,362.0,23.88
11:31,3311,4637.0,47.35
11:31,3441,30251.0,269.75
11:31,3491,1176.0,1710.0
11:31,3597,559.0,36.75
11:31,3701,11012.0,62.45
11:31,4711,1189.0,17.58
11:31,4927,23438.0,55.35
11:31,5244,1571.0,40.6
11:31,5432,1100.0,202.0
11:31,5460,1828.0,19.25
11:31,6147,68218.0,233.25
11:31,6152,19161.0,19.58
11:31,6263,519.0,175.5
11:31,6292,194.0,69.5
11:31,6456,49902.0,99.75
11:31,6667,1495.0,280.5
11:31,6716,4481.0,158.0
11:31,6811,1101.0,273.0
11:31,6944,925.0,890.5
11:31,8111,16703.0,93.35
11:31,8213,1750.0,36.3
11:31,8358,12808.0,544.5
11:34,1301,78539.0,74.45
11:34,1455,17026.0,10.9
11:34,1711,45383.0,45.92
11:34,1714,72697.0,19.83
11:34,2340,34060.0,48.23
11:34,2466,7711.0,177.25
11:34,2607,922.0,55.45
11:34,3265,2136.0,217.0
11:34,3268,362.0,23.85
11:34,3311,4691.0,47.52
11:34,3441,30274.0,268.75
11:34,3491,1180.0,1712.5
11:34,3597,559.0,36.75
11:34,3701,11026.0,62.45
11:34,4711,1189.0,17.58
11:34,4927,23471.0,55.2
11:34,5244,1573.0,40.72
11:34,5340,5645.0,91.05
11:34,5432,1103.0,202.75
11:34,5460,1830.0,19.25
11:34,6147,68513.0,234.25
11:34,6152,19238.0,19.55
11:34,6263,520.0,175.75
11:34,6292,196.0,69.6
11:34,6456,50223.0,100.25
11:34,6667,1497.0,280.0
11:34,6716,4536.0,158.0
11:34,6811,1102.0,273.0
11:34,6944,929.0,891.0
11:34,8111,16713.0,93.4
11:34,8213,1754.0,36.27
11:34,8358,12889.0,544.0
11:37,1301,79453.0,74.45
11:37,1455,17036.0,10.88
11:37,1711,45599.0,45.83
11:37,1714,73019.0,19.83
11:37,2340,34661.0,48.23
11:37,2466,7815.0,178.25
11:37,2607,922.0,55.45
11:37,3265,2138.0,217.0
11:37,3268,365.0,23.92
11:37,3311,4710.0,47.42
11:37,3441,30293.0,269.25
11:37,3491,1188.0,1715.0
11:37,3597,559.0,36.75
11:37,3701,11062.0,62.75
11:37,4711,1201.0,17.62
11:37,4927,23546.0,55.25
11:37,5244,1574.0,40.75
11:37,5340,6070.0,91.35
11:37,5432,1103.0,202.75
11:37,5460,1830.0,19.25
11:37,6147,68644.0,234.5
11:37,6152,19274.0,19.52
11:37,6263,520.0,175.75
11:37,6292,196.0,69.6
11:37,6456,50388.0,100.0
11:37,6667,1518.0,279.0
11:37,6716,4555.0,158.25
11:37,6811,1102.0,273.0
11:37,6944,930.0,891.5
11:37,8111,16730.0,93.35
11:37,8213,1767.0,36.33
11:37,8358,12942.0,543.5
11:40,1301,82220.0,74.85
11:40,1455,17055.0,10.88
11:40,1711,45708.0,45.73
11:40,1714,73143.0,19.83
11:40,2340,35707.0,48.62
11:40,2466,7823.0,178.5
11:40,2607,923.0,55.45
11:40,3265,2139.0,217.0
11:40,3268,365.0,23.92
11:40,3311,4717.0,47.4
11:40,3441,30310.0,269.0
11:40,3491,1200.0,1712.5
11:40,3597,559.0,36.75
11:40,3701,11085.0,62.65
11:40,4711,1209.0,17.67
11:40,4927,23598.0,55.35
11:40,5244,1622.0,40.98
11:40,5340,6406.0,90.95
11:40,5432,1105.0,204.25
11:40,5460,1830.0,19.25
11:40,6147,69192.0,236.0
11:40,6152,19297.0,19.5
11:40,6263,529.0,175.75
11:40,6292,196.0,69.65
11:40,6456,50429.0,100.25
11:40,6667,1524.0,279.5
11:40,6716,4601.0,159.0
11:40,6811,1145.0,272.5
11:40,6944,933.0,890.0
11:40,8111,16759.0,93.35
11:40,8213,1770.0,36.27
11:40,8358,14118.0,553.5
11:43,1301,98391.0,75.4
11:43,1455,17135.0,10.9
11:43,1711,45853.0,45.92
11:43,1714,73342.0,19.77
11:43,2115,308.0,24.98
11:43,2340,36257.0,48.1
11:43,2466,7921.0,179.75
11:43,2607,927.0,55.45
11:43,3265,2139.0,217.0
11:43,3268,365.0,23.92
11:43,3311,4729.0,47.35
11:43,3441,30327.0,268.75
11:43,3491,1208.0,1715.0
11:43,3597,559.0,36.75
11:43,3701,11105.0,62.65
11:43,4711,1212.0,17.62
11:43,4927,23752.0,55.25
11:43,5244,1631.0,40.9
11:43,5340,6606.0,91.25
11:43,5432,1107.0,205.0
11:43,5460,1830.0,19.25
11:43,6147,69455.0,235.25
11:43,6152,19419.0,19.67
11:43,6263,531.0,176.0
11:43,6292,197.0,69.6
11:43,6456,50804.0,100.75
11:43,6667,1525.0,278.75
11:43,6716,4614.0,158.25
11:43,6811,1145.0,273.0
11:43,6944,933.0,889.5
11:43,8111,16880.0,93.05
11:43,8213,1805.0,36.38
11:43,8358,14708.0,552.5
11:46,1301,100851.0,75.4
11:46,1455,17139.0,10.9
11:46,1711,45913.0,45.88
11:46,1714,73608.0,19.75
11:46,2115,308.0,24.98
11:46,2340,36372.0,48.12
11:46,2466,7977.0,179.5
11:46,2607,928.0,55.45
11:46,3265,2139.0,217.0
11:46,3268,365.0,23.92
11:46,3311,4736.0,47.33
11:46,3441,30362.0,268.75
11:46,3491,1214.0,1712.5
11:46,3597,559.0,36.75
11:46,3701,11134.0,62.55
11:46,4711,1212.0,17.62
11:46,4927,23798.0,55.3
11:46,5244,1637.0,40.8
11:46,5340,6738.0,90.95
11:46,5432,1107.0,204.75
11:46,5460,1830.0,19.25
11:46,6147,69584.0,234.75
11:46,6152,19508.0,19.67
11:46,6263,532.0,176.0
11:46,6292,197.0,69.6
11:46,6456,50938.0,100.75
11:46,6667,1531.0,278.75
11:46,6716,4627.0,157.5
11:46,6811,1151.0,272.5
11:46,6944,944.0,892.0
11:46,8111,16928.0,93.2
11:46,8213,1975.0,37.12
11:46,8358,15204.0,552.5
11:49,1301,102443.0,75.4
11:49,1455,17159.0,10.9
11:49,1711,45997.0,45.88
11:49,1714,73781.0,19.73
11:49,2115,308.0,24.98
11:49,2340,36518.0,48.27
11:49,2466,8182.0,181.0
11:49,2607,928.0,55.45
11:49,3265,2145.0,217.0
11:49,3268,365.0,23.92
11:49,3311,4751.0,47.33
11:49,3441,30375.0,268.75
11:49,3491,1219.0,1712.5
11:49,3597,560.0,36.75
11:49,3701,11147.0,62.55
11:49,4711,1212.0,17.62
11:49,4927,23845.0,55.15
11:49,5244,1638.0,40.8
11:49,5340,6919.0,90.6
11:49,5432,1108.0,204.75
11:49,5460,1833.0,19.25
11:49,6147,69671.0,235.0
11:49,6152,19713.0,19.8
11:49,6263,533.0,175.5
11:49,6292,197.0,69.55
11:49,6456,51547.0,100.75
11:49,6667,1537.0,278.75
11:49,6716,4652.0,158.0
11:49,6811,1154.0,272.5
11:49,6944,950.0,892.0
11:49,8111,16998.0,93.45
11:49,8213,2142.0,37.23
11:49,8358,15342.0,554.5
11:52,1301,103614.0,75.4
11:52,1455,17474.0,10.9
11:52,1711,46089.0,45.92
11:52,1714,73909.0,19.73
11:52,2115,308.0,25.0
11:52,2340,36672.0,47.92
11:52,2466,8218.0,180.25
11:52,2607,928.0,55.45
11:52,3265,2148.0,217.0
11:52,3268,365.0,23.92
11:52,3311,4780.0,47.55
11:52,3441,30414.0,268.25
11:52,3491,1222.0,1715.0
11:52,3597,560.0,36.75
11:52,3701,11199.0,62.35
11:52,4711,1217.0,17.62
11:52,4927,23946.0,55.35
11:52,5244,1647.0,40.75
11:52,5340,7033.0,91.05
11:52,5432,1111.0,204.75
11:52,5460,1833.0,19.25
11:52,6147,69773.0,235.0
11:52,6152,19845.0,19.83
11:52,6263,536.0,175.25
11:52,6292,197.0,69.55
11:52,6456,51731.0,101.25
11:52,6667,1547.0,279.5
11:52,6716,4659.0,158.0
11:52,6811,1156.0,272.5
11:52,6944,954.0,892.5
11:52,8111,17015.0,93.35
11:52,8213,2187.0,37.0
11:52,8358,15489.0,554.5
11:55,1301,103929.0,75.4
11:55,1455,17578.0,10.9
11:55,1711,46135.0,45.9
11:55,1714,74045.0,19.73
11:55,2115,308.0,24.93
11:55,2340,36881.0,47.77
11:55,2466,8253.0,179.75
11:55,2607,930.0,55.4
11:55,3265,2151.0,217.0
11:55,3268,365.0,23.92
11:55,3311,4851.0,47.75
11:55,3441,30490.0,269.25
11:55,3491,1229.0,1712.5
11:55,3597,560.0,36.75
11:55,3701,11292.0,61.85
11:55,4711,1219.0,17.67
11:55,4927,23991.0,55.4
11:55,5244,1742.0,40.65
11:55,5340,7423.0,91.8
11:55,5432,1111.0,204.75
11:55,5460,1833.0,19.25
11:55,6147,69886.0,235.0
11:55,6152,20350.0,19.95
11:55,6263,537.0,175.75
11:55,6292,210.0,69.35
11:55,6456,53090.0,102.5
11:55,6667,1554.0,280.25
11:55,6716,4665.0,157.25
11:55,6811,1158.0,272.5
11:55,6944,964.0,893.0
11:55,8111,17040.0,93.35
11:55,8213,2214.0,36.85
11:55,8358,15741.0,557.5
11:58,1301,104862.0,75.4
11:58,1455,17641.0,10.85
11:58,1711,46209.0,45.92
11:58,1714,74368.0,19.67
11:58,2115,308.0,24.93
11:58,2340,36961.0,47.83
11:58,2466,8269.0,180.25
11:58,2607,935.0,55.4
11:58,3265,2152.0,217.0
11:58,3268,367.0,23.92
11:58,3311,4885.0,47.88
11:58,3441,30578.0,269.75
11:58,3491,1232.0,1715.0
11:58,3597,560.0,36.75
11:58,3701,11355.0,62.15
11:58,4711,1227.0,17.67
11:58,4927,24029.0,55.15
11:58,5244,1745.0,40.7
11:58,5340,7588.0,91.6
11:58,5432,1112.0,204.75
11:58,5460,1833.0,19.25
11:58,6147,70032.0,234.75
11:58,6152,20401.0,19.92
11:58,6263,539.0,175.75
11:58,6292,211.0,69.3
11:58,6456,54226.0,103.5
11:58,6667,1557.0,280.25
11:58,6716,4722.0,155.25
11:58,6811,1158.0,272.5
11:58,6944,964.0,893.0
11:58,8111,17076.0,93.35
11:58,8213,2276.0,37.05
11:58,8358,16153.0,558.5
12:01,1301,105428.0,75.4
12:01,1455,17690.0,10.88
12:01,1711,46391.0,45.83
12:01,1714,75027.0,19.62
12:01,2115,308.0,24.93
12:01,2340,37054.0,47.67
12:01,2466,8274.0,180.25
12:01,2607,937.0,55.4
12:01,3265,2158.0,217.0
12:01,3268,367.0,23.92
12:01,3311,4895.0,47.77
12:01,3441,30628.0,269.75
12:01,3491,1237.0,1712.5
12:01,3597,562.0,36.75
12:01,3701,11363.0,62.1
12:01,4711,1230.0,17.65
12:01,4927,24130.0,55.05
12:01,5244,1746.0,40.67
12:01,5340,7675.0,91.05
12:01,5432,1116.0,204.25
12:01,5460,1833.0,19.25
12:01,6147,70139.0,234.75
12:01,6152,20452.0,19.88
12:01,6263,540.0,175.75
12:01,6292,211.0,69.35
12:01,6456,55087.0,103.25
12:01,6667,1560.0,280.0
12:01,6716,4768.0,154.75
12:01,6811,1158.0,272.5
12:01,6944,1080.0,903.5
12:01,8111,17094.0,93.35
12:01,8213,3044.0,37.7
12:01,8358,16502.0,553.5
12:04,1301,106007.0,75.4
12:04,1455,17750.0,10.9
12:04,1711,46784.0,45.67
12:04,1714,75224.0,19.67
12:04,2115,308.0,24.93
12:04,2340,37136.0,47.85
12:04,2466,8524.0,181.5
12:04,2607,938.0,55.35
12:04,3265,2158.0,217.0
12:04,3268,375.0,23.82
12:04,3311,4909.0,47.67
12:04,3441,30658.0,269.25
12:04,3491,1251.0,1705.0
12:04,3597,564.0,36.75
12:04,3701,11373.0,62.1
12:04,4711,1232.0,17.62
12:04,4927,24158.0,55.1
12:04,5244,1746.0,40.67
12:04,5340,7763.0,91.2
12:04,5432,1117.0,204.5
12:04,5460,1838.0,19.25
12:04,6147,70249.0,234.25
12:04,6152,20477.0,19.88
12:04,6263,542.0,175.75
12:04,6292,211.0,69.3
12:04,6456,55485.0,102.5
12:04,6667,1561.0,280.25
12:04,6716,4794.0,154.75
12:04,6811,1162.0,273.0
12:04,6944,1102.0,899.0
12:04,8111,17124.0,93.25
12:04,8213,3144.0,37.7
12:04,8358,16678.0,553.5
12:07,1301,106472.0,75.4
12:07,1455,17810.0,10.88
12:07,1711,47173.0,45.67
12:07,1714,75505.0,19.7
12:07,2115,308.0,24.93
12:07,2340,37202.0,47.92
12:07,2466,8549.0,180.75
12:07,2607,938.0,55.35
12:07,3265,2158.0,217.0
12:07,3268,375.0,23.82
12:07,3311,4946.0,47.48
12:07,3441,30683.0,268.75
12:07,3491,1254.0,1705.0
12:07,3597,564.0,36.75
12:07,3701,11402.0,62.35
12:07,4711,1232.0,17.62
12:07,4927,24294.0,54.85
12:07,5244,1751.0,40.6
12:07,5340,7832.0,91.1
12:07,5432,1118.0,204.25
12:07,5460,1844.0,19.25
12:07,6147,70574.0,233.75
12:07,6152,20513.0,19.85
12:07,6263,556.0,176.25
12:07,6292,212.0,69.35
12:07,6456,56802.0,104.25
12:07,6667,1565.0,280.5
12:07,6716,4798.0,154.75
12:07,6811,1162.0,273.0
12:07,6944,1106.0,898.5
12:07,8111,17152.0,93.25
12:07,8213,3358.0,37.7
12:07,8358,17154.0,550.5
12:10,1301,107001.0,75.4
12:10,1455,17855.0,10.88
12:10,1711,47258.0,45.77
12:10,1714,75756.0,19.6
12:10,2115,308.0,24.93
12:10,2340,37254.0,47.83
12:10,2466,8591.0,181.25
12:10,2607,938.0,55.35
12:10,3265,2165.0,217.0
12:10,3268,375.0,23.82
12:10,3311,4962.0,47.5
12:10,3441,30769.0,268.0
12:10,3491,1255.0,1702.5
12:10,3597,564.0,36.75
12:10,3701,11482.0,62.3
12:10,4711,1234.0,17.6
12:10,4927,24422.0,54.75
12:10,5244,1751.0,40.62
12:10,5340,7952.0,90.5
12:10,5432,1120.0,204.5
12:10,5460,1844.0,19.25
12:10,6147,70796.0,234.25
12:10,6152,20555.0,19.88
12:10,6263,556.0,176.25
12:10,6292,212.0,69.35
12:10,6456,60360.0,106.5
12:10,6667,1571.0,280.75
12:10,6716,4805.0,156.25
12:10,6811,1163.0,272.5
12:10,6944,1110.0,899.0
12:10,8111,17182.0,93.3
12:10,8213,3895.0,37.5
12:10,8358,17225.0,552.0
12:13,1301,107476.0,75.4
12:13,1455,17870.0,10.88
12:13,1711,47350.0,45.77
12:13,1714,76473.0,19.55
12:13,2115,308.0,24.93
12:13,2340,37485.0,47.67
12:13,2466,8639.0,179.75
12:13,2607,938.0,55.35
12:13,3265,2165.0,217.0
12:13,3268,375.0,23.82
12:13,3311,4968.0,47.53
12:13,3441,30870.0,267.5
12:13,3491,1257.0,1702.5
12:13,3597,564.0,36.75
12:13,3701,11492.0,62.25
12:13,4711,1235.0,17.6
12:13,4927,24486.0,54.75
12:13,5244,1758.0,40.62
12:13,5340,8136.0,90.25
12:13,5432,1120.0,204.5
12:13,5460,1845.0,19.25
12:13,6147,70868.0,233.75
12:13,6152,20575.0,19.85
12:13,6263,559.0,176.25
12:13,6292,213.0,69.3
12:13,6456,62308.0,105.25
12:13,6667,1572.0,281.0
12:13,6716,4816.0,155.75
12:13,6811,1163.0,273.0
12:13,6944,1111.0,899.0
12:13,8111,17199.0,93.1
12:13,8213,4047.0,37.5
12:13,8358,17310.0,550.5
12:16,1301,108038.0,75.4
12:16,1455,17911.0,10.88
12:16,1711,47417.0,45.7
12:16,1714,76755.0,19.58
12:16,2115,308.0,24.93
12:16,2340,37573.0,47.55
12:16,2466,8675.0,178.25
12:16,2607,938.0,55.35
12:16,3265,2165.0,217.0
12:16,3268,375.0,23.82
12:16,3311,4977.0,47.38
12:16,3441,31316.0,264.25
12:16,3491,1260.0,1702.5
12:16,3597,564.0,36.75
12:16,3701,11501.0,62.45
12:16,4711,1262.0,17.6
12:16,4927,24509.0,54.75
12:16,5244,1763.0,40.65
12:16,5340,8209.0,90.05
12:16,5432,1120.0,204.5
12:16,5460,1895.0,19.25
12:16,6147,70953.0,234.0
12:16,6152,20583.0,19.83
12:16,6263,565.0,176.75
12:16,6292,214.0,69.3
12:16,6456,62947.0,104.75
12:16,6667,1575.0,280.5
12:16,6716,4830.0,154.75
12:16,6811,1164.0,273.0
12:16,6944,1142.0,901.5
12:16,8111,17291.0,92.95
12:16,8213,4338.0,37.67
12:16,8358,17338.0,550.5
12:19,1301,108465.0,75.4
12:19,1455,17930.0,10.88
12:19,1711,47484.0,45.73
12:19,1714,77118.0,19.6
12:19,2115,308.0,24.93
12:19,2340,37748.0,47.4
12:19,2466,8687.0,178.75
12:19,2607,938.0,55.35
12:19,3265,2168.0,217.0
12:19,3268,375.0,23.8
12:19,3311,5010.0,47.2
12:19,3441,31661.0,266.0
12:19,3491,1300.0,1702.5
12:19,3597,564.0,36.75
12:19,3701,11513.0,62.35
12:19,4711,1263.0,17.6
12:19,4927,24609.0,54.95
12:19,5244,1775.0,40.65
12:19,5340,8360.0,89.95
12:19,5432,1121.0,204.25
12:19,5460,1974.0,19.02
12:19,6147,71122.0,233.75
12:19,6152,20610.0,19.83
12:19,6263,571.0,176.75
12:19,6292,214.0,69.25
12:19,6456,63567.0,105.25
12:19,6667,1575.0,280.25
12:19,6716,4841.0,155.0
12:19,6811,1166.0,273.0
12:19,6944,1145.0,901.5
12:19,8111,17418.0,92.8
12:19,8213,4480.0,37.7
12:19,8358,17421.0,550.5
12:22,1301,108898.0,75.4
12:22,1455,18123.0,10.9
12:22,1711,47654.0,45.73
12:22,1714,77473.0,19.67
12:22,2115,308.0,24.93
12:22,2340,37966.0,47.38
12:22,2466,8700.0,179.25
12:22,2607,954.0,55.4
12:22,3265,2173.0,217.0
12:22,3268,375.0,23.8
12:22,3311,5049.0,47.08
12:22,3441,31742.0,265.25
12:22,3491,1307.0,1700.0
12:22,3597,564.0,36.75
12:22,3701,11543.0,62.2
12:22,4711,1266.0,17.62
12:22,4927,24645.0,54.85
12:22,5244,1778.0,40.55
12:22,5340,8411.0,90.15
12:22,5432,1121.0,204.25
12:22,5460,1982.0,19.12
12:22,6147,71440.0,232.75
12:22,6152,20639.0,19.83
12:22,6263,572.0,176.75
12:22,6292,217.0,69.3
12:22,6456,63798.0,105.25
12:22,6667,1582.0,280.25
12:22,6716,4855.0,157.25
12:22,6811,1167.0,273.0
12:22,6944,1158.0,903.5
12:22,8111,17454.0,92.85
12:22,8213,4689.0,37.65
12:22,8358,17441.0,551.0
12:25,1301,109224.0,75.4
12:25,1455,18191.0,10.88
12:25,1711,47750.0,45.73
12:25,1714,77972.0,19.73
12:25,2115,308.0,24.93
12:25,2340,38122.0,47.25
12:25,2466,8709.0,179.75
12:25,2607,956.0,55.45
12:25,3265,2174.0,217.0
12:25,3268,378.0,23.77
12:25,3311,5056.0,47.25
12:25,3441,32077.0,262.0
12:25,3491,1318.0,1700.0
12:25,3597,565.0,36.75
12:25,3701,11592.0,61.8
12:25,4711,1267.0,17.62
12:25,4927,24838.0,54.7
12:25,5244,1778.0,40.55
12:25,5340,8473.0,90.05
12:25,5432,1122.0,204.5
12:25,5460,2012.0,19.2
12:25,6147,71818.0,233.25
12:25,6152,20671.0,19.83
12:25,6263,574.0,176.75
12:25,6292,219.0,69.2
12:25,6456,63933.0,104.75
12:25,6667,1589.0,280.25
12:25,6716,4865.0,156.75
12:25,6811,1167.0,273.0
12:25,6944,1169.0,905.0
12:25,8111,17520.0,92.8
12:25,8213,4812.0,37.7
12:25,8358,17475.0,550.5
12:28,1301,109670.0,75.4
12:28,1455,18231.0,10.9
12:28,1711,47943.0,45.67
12:28,1714,78315.0,19.67
12:28,2115,310.0,24.93
12:28,2340,38183.0,47.3
12:28,2466,8725.0,180.0
12:28,2607,956.0,55.45
12:28,3265,2175.0,217.0
12:28,3268,378.0,23.77
12:28,3311,5057.0,47.38
12:28,3441,32552.0,260.75
12:28,3491,1328.0,1695.0
12:28,3597,565.0,36.75
12:28,3701,11684.0,61.8
12:28,4711,1268.0,17.6
12:28,4927,24860.0,54.65
12:28,5244,1787.0,40.6
12:28,5340,8521.0,90.4
12:28,5432,1122.0,204.25
12:28,5460,2029.0,19.15
12:28,6147,71920.0,232.75
12:28,6152,20683.0,19.88
12:28,6263,574.0,176.75
12:28,6292,219.0,69.2
12:28,6456,63983.0,104.75
12:28,6667,1596.0,280.25
12:28,6716,4902.0,158.25
12:28,6811,1167.0,273.0
12:28,6944,1193.0,906.5
12:28,8111,17541.0,92.95
12:28,8213,4990.0,37.5
12:28,8358,17502.0,550.5
12:31,1301,109953.0,75.4
12:31,1455,18294.0,10.9
12:31,1711,48164.0,45.75
12:31,1714,78590.0,19.77
12:31,2115,317.0,24.95
12:31,2340,38225.0,47.4
12:31,2466,8727.0,179.25
12:31,2607,958.0,55.45
12:31,3265,2175.0,217.0
12:31,3268,379.0,23.88
12:31,3311,5106.0,47.05
12:31,3441,32735.0,261.25
12:31,3491,1337.0,1697.5
12:31,3597,565.0,36.75
12:31,3701,11733.0,61.75
12:31,4711,1279.0,17.55
12:31,4927,24882.0,54.75
12:31,5244,1790.0,40.5
12:31,5340,8566.0,90.65
12:31,5432,1126.0,203.25
12:31,5460,2060.0,19.05
12:31,6147,72060.0,232.75
12:31,6152,20762.0,19.77
12:31,6263,580.0,176.75
12:31,6292,220.0,69.4
12:31,6456,64676.0,105.75
12:31,6667,1600.0,280.0
12:31,6716,4965.0,158.5
12:31,6811,1169.0,273.0
12:31,6944,1321.0,906.5
12:31,8111,17571.0,93.0
12:31,8213,5059.0,37.65
12:31,8358,17558.0,551.5
12:34,1301,110489.0,75.4
12:34,1455,18510.0,10.9
12:34,1711,48385.0,45.7
12:34,1714,79064.0,19.75
12:34,2115,320.0,25.0
12:34,2340,38423.0,47.67
12:34,2466,8789.0,178.75
12:34,2607,971.0,55.45
12:34,3265,2177.0,217.0
12:34,3268,385.0,23.88
12:34,3311,5118.0,47.4
12:34,3441,33442.0,258.0
12:34,3491,1350.0,1695.0
12:34,3597,566.0,36.75
12:34,3701,11878.0,61.7
12:34,4711,1279.0,17.58
12:34,4927,24896.0,54.7
12:34,5244,1790.0,40.48
12:34,5340,8730.0,91.35
12:34,5432,1139.0,201.5
12:34,5460,2082.0,19.12
12:34,6147,72272.0,232.25
12:34,6152,20770.0,19.75
12:34,6263,582.0,176.75
12:34,6292,220.0,69.4
12:34,6456,64789.0,105.25
12:34,6667,1600.0,279.75
12:34,6716,4977.0,158.25
12:34,6811,1170.0,273.0
12:34,6944,1414.0,907.0
12:34,8111,17636.0,92.85
12:34,8213,5135.0,37.3
12:34,8358,17610.0,551.5
12:37,1301,110843.0,75.4
12:37,1455,18532.0,10.9
12:37,1711,48488.0,45.7
12:37,1714,79201.0,19.67
12:37,2115,324.0,25.0
12:37,2340,38591.0,47.95
12:37,2466,8816.0,178.75
12:37,2607,971.0,55.45
12:37,3265,2189.0,217.0
12:37,3268,397.0,23.8
12:37,3311,5135.0,47.58
12:37,3441,34051.0,256.5
12:37,3491,1359.0,1697.5
12:37,3597,566.0,36.75
12:37,3701,12048.0,62.1
12:37,4711,1285.0,17.58
12:37,4927,24985.0,54.65
12:37,5244,1803.0,40.45
12:37,5340,8781.0,91.05
12:37,5432,1142.0,201.5
12:37,5460,2094.0,19.15
12:37,6147,72547.0,232.25
12:37,6152,20834.0,19.73
12:37,6263,587.0,176.25
12:37,6292,224.0,69.4
12:37,6456,65090.0,104.25
12:37,6667,1600.0,279.75
12:37,6716,4995.0,157.5
12:37,6811,1171.0,273.0
12:37,6944,1432.0,907.0
12:37,8111,17780.0,93.3
12:37,8213,5181.0,37.38
12:37,8358,17860.0,548.5
12:40,1301,111126.0,75.4
12:40,1455,18557.0,10.9
12:40,1711,49391.0,45.62
12:40,1714,79387.0,19.65
12:40,2115,325.0,24.98
12:40,2340,39138.0,48.12
12:40,2466,8863.0,179.75
12:40,2607,973.0,55.45
12:40,3265,2192.0,217.0
12:40,3268,397.0,23.75
12:40,3311,5156.0,47.45
12:40,3441,34520.0,257.25
12:40,3491,1365.0,1695.0
12:40,3597,566.0,36.75
12:40,3701,12055.0,62.2
12:40,4711,1285.0,17.58
12:40,4927,25052.0,54.55
12:40,5244,1803.0,40.47
12:40,5340,8809.0,90.55
12:40,5432,1143.0,201.0
12:40,5460,2112.0,19.23
12:40,6147,72682.0,232.25
12:40,6152,20860.0,19.73
12:40,6263,587.0,176.25
12:40,6292,225.0,69.4
12:40,6456,65552.0,103.75
12:40,6667,1601.0,279.75
12:40,6716,5006.0,157.0
12:40,6811,1171.0,273.0
12:40,6944,1464.0,908.0
12:40,8111,18637.0,93.7
12:40,8213,5190.0,37.42
12:40,8358,18162.0,547.0
12:43,1301,111487.0,75.4
12:43,1455,18563.0,10.9
12:43,1711,49637.0,45.73
12:43,1714,79499.0,19.65
12:43,2115,326.0,24.98
12:43,2340,39200.0,48.2
12:43,2466,8875.0,179.75
12:43,2607,976.0,55.45
12:43,3265,2195.0,217.0
12:43,3268,397.0,23.75
12:43,3311,5163.0,47.3
12:43,3441,35079.0,255.25
12:43,3491,1376.0,1695.0
12:43,3597,566.0,36.75
12:43,3701,12195.0,62.6
12:43,4711,1286.0,17.58
12:43,4927,25202.0,54.85
12:43,5244,1828.0,40.33
12:43,5340,8866.0,90.65
12:43,5432,1146.0,200.75
12:43,5460,2130.0,19.23
12:43,6147,73055.0,231.25
12:43,6152,20908.0,19.73
12:43,6263,592.0,176.25
12:43,6292,228.0,69.3
12:43,6456,65705.0,103.75
12:43,6667,1606.0,279.5
12:43,6716,5013.0,156.5
12:43,6811,1171.0,273.0
12:43,6944,1491.0,908.0
12:43,8111,18665.0,93.35
12:43,8213,5205.0,37.42
12:43,8358,18250.0,547.0
12:46,1301,111883.0,75.4
12:46,1455,18578.0,10.9
12:46,1711,49688.0,45.73
12:46,1714,79598.0,19.6
12:46,2115,327.0,24.95
12:46,2340,39504.0,47.98
12:46,2466,8936.0,177.75
12:46,2607,977.0,55.45
12:46,3265,2198.0,217.0
12:46,3268,401.0,23.7
12:46,3311,5171.0,47.1
12:46,3441,35250.0,254.75
12:46,3491,1383.0,1695.0
12:46,3597,566.0,36.75
12:46,3701,12226.0,62.45
12:46,4711,1291.0,17.58
12:46,4927,25242.0,54.85
12:46,5244,1828.0,40.35
12:46,5340,8895.0,90.55
12:46,5432,1148.0,200.5
12:46,5460,2130.0,19.23
12:46,6147,73306.0,230.75
12:46,6152,20929.0,19.67
12:46,6263,597.0,176.75
12:46,6292,233.0,69.2
12:46,6456,65832.0,103.25
12:46,6667,1611.0,279.5
12:46,6716,5019.0,156.5
12:46,6811,1174.0,273.0
12:46,6944,1495.0,908.0
12:46,8111,18695.0,93.3
12:46,8213,5225.0,37.45
12:46,8358,18282.0,547.5
12:49,1301,112014.0,75.4
12:49,1455,18620.0,10.9
12:49,1711,49783.0,45.73
12:49,1714,80416.0,19.6
12:49,2115,333.0,24.93
12:49,2340,39907.0,48.42
12:49,2466,8958.0,177.25
12:49,2607,980.0,55.45
12:49,3265,2199.0,217.0
12:49,3268,401.0,23.73
12:49,3311,5185.0,47.1
12:49,3441,36056.0,252.25
12:49,3491,1398.0,1695.0
12:49,3597,566.0,36.75
12:49,3701,12252.0,62.3
12:49,4711,1292.0,17.58
12:49,4927,25274.0,54.85
12:49,5244,1880.0,40.3
12:49,5340,8975.0,90.25
12:49,5432,1148.0,200.5
12:49,5460,2130.0,19.23
12:49,6147,73729.0,230.75
12:49,6152,20998.0,19.73
12:49,6263,597.0,176.75
12:49,6292,237.0,69.15
12:49,6456,66163.0,103.25
12:49,6667,1631.0,279.0
12:49,6716,5026.0,156.75
12:49,6811,1175.0,273.0
12:49,6944,1517.0,908.0
12:49,8111,18823.0,93.75
12:49,8213,5314.0,37.5
12:49,8358,18330.0,547.5
12:52,1301,112430.0,75.4
12:52,1455,18627.0,10.88
12:52,1711,49995.0,45.62
12:52,1714,80522.0,19.58
12:52,2115,333.0,24.93
12:52,2340,40809.0,48.12
12:52,2466,9000.0,178.75
12:52,2607,980.0,55.45
12:52,3265,2201.0,217.0
12:52,3268,401.0,23.73
12:52,3311,5197.0,47.22
12:52,3441,36883.0,249.25
12:52,3491,1403.0,1695.0
12:52,3597,566.0,36.75
12:52,3701,12266.0,62.25
12:52,4711,1294.0,17.58
12:52,4927,25287.0,54.85
12:52,5244,1880.0,40.3
12:52,5340,9015.0,90.15
12:52,5432,1165.0,198.5
12:52,5460,2132.0,19.25
12:52,6147,73877.0,230.75
12:52,6152,21055.0,19.67
12:52,6263,603.0,176.5
12:52,6292,237.0,69.15
12:52,6456,66326.0,103.25
12:52,6667,1634.0,279.25
12:52,6716,5029.0,156.5
12:52,6811,1175.0,273.0
12:52,6944,1520.0,908.0
12:52,8111,18881.0,93.55
12:52,8213,5332.0,37.58
12:52,8358,18360.0,547.5
12:55,1301,112944.0,75.4
12:55,1455,18695.0,10.9
12:55,1711,50291.0,45.58
12:55,1714,80707.0,19.52
12:55,2115,333.0,24.95
12:55,2340,41003.0,48.12
12:55,2466,9058.0,179.25
12:55,2607,981.0,55.45
12:55,3265,2201.0,217.0
12:55,3268,421.0,23.9
12:55,3311,5215.0,47.28
12:55,3441,37796.0,251.0
12:55,3491,1412.0,1692.5
12:55,3597,567.0,36.75
12:55,3701,12281.0,62.15
12:55,4711,1296.0,17.6
12:55,4927,25348.0,54.85
12:55,5244,1888.0,40.28
12:55,5340,9123.0,89.85
12:55,5432,1175.0,197.75
12:55,5460,2133.0,19.25
12:55,6147,74279.0,230.25
12:55,6152,21066.0,19.65
12:55,6263,605.0,176.25
12:55,6292,238.0,69.15
12:55,6456,66502.0,102.75
12:55,6667,1635.0,279.25
12:55,6716,5044.0,155.25
12:55,6811,1177.0,273.0
12:55,6944,1524.0,908.0
12:55,8111,18990.0,93.3
12:55,8213,5366.0,37.58
12:55,8358,18384.0,547.5
12:58,1301,113182.0,75.4
12:58,1455,18742.0,10.88
12:58,1711,50477.0,45.6
12:58,1714,81162.0,19.58
12:58,2115,339.0,24.9
12:58,2340,41235.0,48.08
12:58,2466,9066.0,178.75
12:58,2607,981.0,55.45
12:58,3265,2226.0,217.0
12:58,3268,423.0,23.98
12:58,3311,5221.0,47.3
12:58,3441,37985.0,251.25
12:58,3491,1422.0,1690.0
12:58,3597,567.0,36.75
12:58,3701,12317.0,62.1
12:58,4711,1296.0,17.6
12:58,4927,25456.0,54.65
12:58,5244,1896.0,40.3
12:58,5340,9166.0,89.95
12:58,5432,1200.0,198.0
12:58,5460,2133.0,19.25
12:58,6147,74366.0,230.25
12:58,6152,21121.0,19.67
12:58,6263,605.0,176.25
12:58,6292,238.0,69.15
12:58,6456,66668.0,102.75
12:58,6667,1638.0,279.0
12:58,6716,5074.0,155.5
12:58,6811,1177.0,273.0
12:58,6944,1534.0,908.0
12:58,8111,19113.0,93.35
12:58,8213,5438.0,37.58
12:58,8358,18442.0,547.5
13:01,1301,113275.0,75.4
13:01,1455,18880.0,10.88
13:01,1711,50564.0,45.62
13:01,1714,81344.0,19.58
13:01,2115,339.0,24.92
13:01,2340,41271.0,48.05
13:01,2466,9099.0,178.75
13:01,2607,986.0,55.4
13:01,3265,2237.0,217.0
13:01,3268,423.0,24.05
13:01,3311,5223.0,47.35
13:01,3441,38255.0,249.25
13:01,3491,1443.0,1695.0
13:01,3597,568.0,36.75
13:01,3701,12354.0,61.9
13:01,4711,1298.0,17.6
13:01,4927,25506.0,54.65
13:01,5244,1896.0,40.33
13:01,5340,9196.0,90.1
13:01,5432,1210.0,200.0
13:01,5460,2134.0,19.25
13:01,6147,74583.0,230.5
13:01,6152,21278.0,19.67
13:01,6263,615.0,176.25
13:01,6292,249.0,69.05
13:01,6456,67413.0,103.25
13:01,6667,1639.0,279.0
13:01,6716,5095.0,153.75
13:01,6811,1177.0,273.0
13:01,6944,1535.0,908.0
13:01,8111,19207.0,93.45
13:01,8213,5604.0,37.67
13:01,8358,18524.0,547.5
13:04,1301,113675.0,75.4
13:04,1455,18894.0,10.88
13:04,1711,50853.0,45.62
13:04,1714,81853.0,19.67
13:04,2115,342.0,24.9
13:04,2340,41537.0,48.12
13:04,2466,9139.0,178.75
13:04,2607,1040.0,55.55
13:04,3265,2238.0,217.0
13:04,3268,424.0,23.93
13:04,3311,5242.0,47.42
13:04,3441,38622.0,250.5
13:04,3491,1456.0,1692.5
13:04,3597,568.0,36.75
13:04,3701,12390.0,61.85
13:04,4706,443.0,43.1
13:04,4711,1298.0,17.62
13:04,4927,25776.0,54.8
13:04,5244,1903.0,40.33
13:04,5340,9240.0,90.05
13:04,5432,1213.0,201.0
13:04,5460,2181.0,19.23
13:04,6147,75202.0,231.25
13:04,6152,21313.0,19.73
13:04,6263,615.0,176.25
13:04,6292,255.0,69.15
13:04,6456,67541.0,103.75
13:04,6667,1642.0,279.25
13:04,6716,5131.0,153.5
13:04,6811,1177.0,273.0
13:04,6944,1539.0,908.0
13:04,8111,19346.0,93.5
13:04,8213,5668.0,37.65
13:04,8358,18618.0,548.5
13:07,1301,113950.0,75.4
13:07,1455,19352.0,10.78
13:07,1711,51052.0,45.62
13:07,1714,82489.0,19.6
13:07,2115,342.0,24.9
13:07,2340,41730.0,47.92
13:07,2466,9209.0,179.75
13:07,2607,1043.0,55.55
13:07,3265,2245.0,217.0
13:07,3268,424.0,23.85
13:07,3311,5265.0,47.28
13:07,3441,39011.0,247.5
13:07,3491,1478.0,1695.0
13:07,3597,568.0,36.75
13:07,3701,12486.0,61.75
13:07,4706,487.0,43.15
13:07,4711,1307.0,17.62
13:07,4927,25948.0,54.85
13:07,5244,1962.0,40.65
13:07,5340,9297.0,89.95
13:07,5432,1216.0,201.0
13:07,5460,2183.0,19.25
13:07,6147,75415.0,231.25
13:07,6152,21414.0,19.73
13:07,6263,617.0,176.25
13:07,6292,255.0,69.15
13:07,6456,67662.0,103.75
13:07,6667,1644.0,279.25
13:07,6716,5158.0,153.75
13:07,6811,1178.0,273.0
13:07,6944,1542.0,908.0
13:07,8111,19431.0,93.25
13:07,8213,5783.0,37.65
13:07,8358,18670.0,548.5
13:10,1301,114360.0,75.4
13:10,1455,19462.0,10.75
13:10,1711,51480.0,45.58
13:10,1714,82970.0,19.6
13:10,2115,342.0,24.9
13:10,2340,42000.0,47.92
13:10,2466,9281.0,180.0
13:10,2607,1043.0,55.55
13:10,3265,2250.0,217.0
13:10,3268,424.0,23.88
13:10,3311,5276.0,47.22
13:10,3441,39151.0,248.25
13:10,3491,1494.0,1697.5
13:10,3597,568.0,36.75
13:10,3701,12530.0,61.65
13:10,4706,487.0,43.15
13:10,4711,1322.0,17.65
13:10,4927,26016.0,54.85
13:10,5244,1981.0,40.7
13:10,5340,9334.0,89.95
13:10,5432,1217.0,200.75
13:10,5460,2218.0,19.25
13:10,6147,75754.0,230.25
13:10,6152,21539.0,19.65
13:10,6263,617.0,176.25
13:10,6292,255.0,69.15
13:10,6456,67934.0,103.25
13:10,6667,1652.0,279.0
13:10,6716,5203.0,152.75
13:10,6811,1180.0,273.0
13:10,6944,1542.0,908.0
13:10,8111,19821.0,93.55
13:10,8213,5806.0,37.7
13:10,8358,18794.0,550.0
13:12,1301,114597.0,75.4
13:12,1455,19554.0,10.72
13:12,1711,52207.0,45.33
13:12,1714,83239.0,19.55
13:12,2115,342.0,24.9
13:12,2340,42263.0,47.75
13:12,2466,9300.0,179.75
13:12,2607,1045.0,55.55
13:12,3265,2257.0,217.0
13:12,3268,424.0,23.88
13:12,3311,5283.0,47.17
13:12,3441,39355.0,249.25
13:12,3491,1501.0,1697.5
13:12,3597,568.0,36.75
13:12,3701,12578.0,61.35
13:12,4706,487.0,43.15
13:12,4711,1323.0,17.65
13:12,4927,26125.0,54.75
13:12,5244,1990.0,40.67
13:12,5340,9352.0,89.95
13:12,5432,1219.0,200.5
13:12,5460,2218.0,19.2
13:12,6147,75960.0,230.75
13:12,6152,21583.0,19.73
13:12,6263,620.0,176.25
13:12,6292,257.0,69.15
13:12,6456,68100.0,103.25
13:12,6667,1655.0,279.25
13:12,6716,5217.0,153.5
13:12,6811,1182.0,273.0
13:12,6944,1561.0,908.0
13:12,8111,19891.0,93.45
13:12,8213,5867.0,37.7
13:12,8358,18814.0,549.5
13:15,1301,114754.0,75.4
13:15,1455,19647.0,10.78
13:15,1711,53036.0,45.4
13:15,1714,83361.0,19.55
13:15,2115,342.0,24.9
13:15,2340,42455.0,47.75
13:15,2466,9350.0,179.75
13:15,2607,1050.0,55.55
13:15,3265,2257.0,217.0
13:15,3268,424.0,23.88
13:15,3311,5302.0,47.23
13:15,3441,39561.0,247.75
13:15,3491,1516.0,1697.5
13:15,3597,570.0,36.75
13:15,3701,12640.0,61.2
13:15,4706,488.0,43.15
13:15,4711,1370.0,17.55
13:15,4927,26240.0,54.65
13:15,5244,2007.0,40.65
13:15,5340,9427.0,89.9
13:15,5432,1226.0,200.25
13:15,5460,2219.0,19.25
13:15,6147,76068.0,230.75
13:15,6152,21665.0,19.67
13:15,6263,624.0,176.25
13:15,6292,259.0,69.0
13:15,6456,68462.0,102.0
13:15,6667,1659.0,279.0
13:15,6716,5242.0,153.0
13:15,6811,1182.0,273.0
13:15,6944,1585.0,908.0
13:15,8111,20123.0,93.4
13:15,8213,5882.0,37.7
13:15,8358,18923.0,549.5
13:18,1301,114910.0,75.4
13:18,1455,19729.0,10.72
13:18,1711,53321.0,45.42
13:18,1714,84470.0,19.65
13:18,2115,343.0,24.92
13:18,2340,42640.0,47.73
13:18,2466,9484.0,178.25
13:18,2607,1070.0,55.6
13:18,3265,2268.0,217.0
13:18,3268,428.0,23.85
13:18,3311,5339.0,47.2
13:18,3441,39839.0,248.5
13:18,3491,1539.0,1697.5
13:18,3597,570.0,36.75
13:18,3701,12721.0,61.1
13:18,4706,491.0,43.15
13:18,4711,1435.0,17.48
13:18,4927,26350.0,54.55
13:18,5244,2027.0,40.42
13:18,5340,9497.0,89.75
13:18,5432,1232.0,198.5
13:18,5460,2226.0,19.25
13:18,6147,76430.0,230.75
13:18,6152,21795.0,19.65
13:18,6263,627.0,176.25
13:18,6292,263.0,69.05
13:18,6456,68744.0,101.75
13:18,6667,1665.0,278.75
13:18,6716,5260.0,152.0
13:18,6811,1182.0,273.0
13:18,6944,1600.0,908.0
13:18,8111,20333.0,93.4
13:18,8213,5926.0,37.7
13:18,8358,19075.0,548.5
13:21,1301,115101.0,75.4
13:21,1455,19847.0,10.75
13:21,1711,53474.0,45.42
13:21,1714,85287.0,19.58
13:21,2115,346.0,24.9
13:21,2340,42856.0,47.62
13:21,2466,9536.0,178.25
13:21,2607,1095.0,55.65
13:21,3265,2269.0,217.0
13:21,3268,428.0,23.85
13:21,3311,5377.0,47.58
13:21,3441,40516.0,251.25
13:21,3491,1570.0,1695.0
13:21,3597,570.0,36.75
13:21,3701,12901.0,60.75
13:21,4706,509.0,43.15
13:21,4711,1450.0,17.57
13:21,4927,26651.0,54.25
13:21,5244,2050.0,40.38
13:21,5340,9572.0,89.65
13:21,5432,1237.0,197.75
13:21,5460,2240.0,19.25
13:21,6147,76521.0,231.0
13:21,6152,21948.0,19.67
13:21,6263,647.0,176.75
13:21,6292,265.0,69.0
13:21,6456,69029.0,101.75
13:21,6667,1682.0,278.5
13:21,6716,5284.0,152.25
13:21,6811,1182.0,273.0
13:21,6944,1619.0,908.0
13:21,8111,20729.0,93.15
13:21,8213,5934.0,37.7
13:21,8358,19269.0,548.5
13:24,1301,115240.0,75.4
13:24,1455,19941.0,10.78
13:24,1711,54253.0,45.55
13:24,1714,86474.0,19.6
13:24,2115,346.0,24.9
13:24,2340,43475.0,48.02
13:24,2466,9690.0,179.25
13:24,2607,1117.0,55.6
13:24,3265,2288.0,217.0
13:24,3268,444.0,24.15
13:24,3311,5421.0,47.52
13:24,3441,40945.0,249.75
13:24,3491,1584.0,1700.0
13:24,3597,570.0,36.75
13:24,3701,12993.0,60.8
13:24,4706,509.0,43.15
13:24,4711,1452.0,17.58
13:24,4927,26791.0,54.25
13:24,5244,2061.0,40.58
13:24,5340,9712.0,89.75
13:24,5432,1251.0,197.5
13:24,5460,2245.0,19.25
13:24,6147,77238.0,231.75
13:24,6152,22110.0,19.75
13:24,6263,662.0,177.25
13:24,6292,270.0,68.95
13:24,6456,69380.0,101.75
13:24,6667,1692.0,278.75
13:24,6716,5306.0,152.75
13:24,6811,1182.0,273.0
13:24,6944,1671.0,907.0
13:24,8111,21047.0,92.8
13:24,8213,5982.0,37.7
13:24,8358,19560.0,548.5
