date,code,open,high,low,close,volume,tr
2025-09-10,0050,54.4,55.0,54.4,54.95,73272121.0,54.95
2025-09-11,0050,55.55,55.9,55.25,55.45,84750243.0,55.45
2025-09-12,0050,55.75,56.0,55.7,56.0,57457218.0,56.0
2025-09-15,0050,56.0,56.05,55.8,56.0,52544684.0,56.0
2025-09-16,0050,56.15,56.85,56.15,56.75,63314427.0,56.75
2025-09-17,0050,56.6,56.6,56.25,56.35,66204045.0,56.35
2025-09-18,0050,56.5,56.95,56.25,56.95,44089588.0,56.95
2025-09-19,0050,57.0,57.1,56.6,57.0,71674519.0,57.0
2025-09-22,0050,57.0,57.4,56.75,57.4,56355369.0,57.4
2025-09-23,0050,57.85,58.6,57.85,58.45,89181458.0,58.45
2025-09-24,0050,58.7,58.95,58.1,58.4,90579906.0,58.4
2025-09-25,0050,58.35,58.4,58.0,58.2,56318217.0,58.2
2025-09-26,0050,57.9,57.9,56.85,57.25,158564436.0,57.25
2025-09-30,0050,57.55,57.9,57.55,57.8,62389962.0,57.8
2025-10-01,0050,57.9,58.75,57.9,58.1,74531798.0,58.1
2025-10-02,0050,59.0,59.25,58.85,59.2,72057003.0,59.2
2025-10-03,0050,59.2,60.1,59.05,60.05,73601535.0,60.05
2025-10-07,0050,61.0,61.7,60.9,61.7,132381054.0,61.7
2025-10-08,0050,61.0,61.15,60.6,61.15,112448112.0,61.15
2025-10-09,0050,61.85,61.95,61.5,61.6,72911291.0,61.6
2025-10-13,0050,59.9,61.0,59.6,61.0,261787970.0,61.0
2025-10-14,0050,61.85,62.15,60.65,60.7,157148588.0,60.7
2025-10-15,0050,61.0,61.8,60.6,61.8,97216134.0,61.8
2025-10-16,0050,62.1,63.0,62.1,63.0,112923095.0,63.0
2025-10-17,0050,62.05,62.3,61.9,62.05,157583768.0,62.05
2025-10-20,0050,62.35,63.2,62.15,63.1,102880277.0,63.1
2025-10-21,0050,63.4,63.65,63.05,63.2,124931191.0,63.2
2025-10-22,0050,62.6,62.85,62.25,62.7,116660310.0,62.7
2025-10-23,0050,62.1,62.4,61.75,62.35,161355781.0,62.35
2025-10-27,0050,63.75,63.9,63.45,63.8,102297434.0,63.8
2025-10-28,0050,63.55,63.7,63.2,63.35,93730892.0,63.35
2025-10-29,0050,63.7,64.45,63.7,64.4,65206490.0,64.4
2025-10-30,0050,64.6,64.8,64.0,64.4,91073965.0,64.4
2025-10-31,0050,64.6,64.8,64.4,64.75,53629924.0,64.75
2025-11-03,0050,64.45,64.8,63.9,64.15,130638786.0,64.15
2025-11-04,0050,64.5,64.85,63.85,63.95,83118781.0,63.95
2025-11-05,0050,62.95,63.15,62.3,63.15,210997899.0,63.15
2025-11-06,0050,63.35,63.5,63.15,63.3,65559913.0,63.3
2025-11-07,0050,62.65,62.75,62.4,62.55,102458588.0,62.55
2025-11-10,0050,62.8,63.35,62.6,63.35,80256746.0,63.35
2025-11-11,0050,63.65,63.7,62.85,62.9,75382949.0,62.9
2025-11-12,0050,62.95,63.3,62.75,63.2,59822193.0,63.2
2025-11-13,0050,62.8,62.95,62.6,62.9,74963633.0,62.9
2025-11-14,0050,61.65,61.9,61.4,61.7,204108022.0,61.7
2025-11-17,0050,62.0,62.2,61.8,61.9,86927813.0,61.9
2025-11-18,0050,61.3,61.3,60.3,60.45,240526230.0,60.45
2025-11-19,0050,60.15,60.5,59.9,60.05,138705085.0,60.05
2025-11-20,0050,61.55,61.95,61.35,61.9,81330710.0,61.9
2025-11-21,0050,60.1,60.15,59.5,59.85,299502200.0,59.85
2025-11-24,0050,60.1,60.1,59.45,59.55,153617414.0,59.55
2025-11-25,0050,60.7,60.75,60.1,60.35,61913501.0,60.35
2025-11-26,0050,61.1,61.5,61.0,61.35,73622900.0,61.35
2025-11-27,0050,61.8,62.1,61.65,61.9,52209933.0,61.9
2025-11-28,0050,61.95,62.4,61.85,62.35,66700125.0,62.35
2025-12-01,0050,61.8,61.95,61.4,61.5,96548521.0,61.5
2025-12-02,0050,61.8,62.2,61.65,61.7,41397425.0,61.7
2025-12-03,0050,62.4,62.5,62.1,62.3,44855416.0,62.3
2025-12-04,0050,62.4,62.5,62.0,62.2,38785824.0,62.2
2025-12-05,0050,62.45,62.75,62.35,62.75,45051403.0,62.75
2025-12-08,0050,63.0,63.7,62.95,63.7,76124318.0,63.7
2025-12-09,0050,63.8,63.85,63.55,63.6,48271330.0,63.6
2025-12-10,0050,63.7,64.2,63.65,64.05,64151249.0,64.05
2025-12-11,0050,64.3,64.5,63.2,63.35,94638653.0,63.35
2025-12-12,0050,63.55,63.8,63.3,63.45,57687594.0,63.45
2025-12-15,0050,62.5,62.85,62.4,62.8,105905436.0,62.8
2025-12-16,0050,62.1,62.25,61.7,62.25,155552766.0,62.25
2025-12-17,0050,62.15,62.45,61.85,61.9,89657544.0,61.9
2025-12-18,0050,61.8,62.1,61.55,61.9,112535790.0,61.9
2025-12-19,0050,62.4,62.75,62.35,62.5,79433169.0,62.5
2025-12-22,0050,63.3,63.45,63.05,63.4,91596850.0,63.4
2025-12-23,0050,63.5,63.8,63.5,63.7,100327038.0,63.7
2025-12-24,0050,63.95,64.05,63.75,63.85,62393202.0,63.85
2025-12-26,0050,64.2,64.5,64.1,64.4,68362335.0,64.4
2025-12-29,0050,64.65,65.35,64.6,65.25,83563905.0,65.25
2025-12-30,0050,64.9,65.3,64.75,65.15,58116367.0,65.15
2025-12-31,0050,65.1,65.85,64.9,65.6,69494353.0,65.6
2026-01-02,0050,66.0,67.0,65.8,66.95,77878570.0,66.95
2026-01-05,0050,68.1,70.05,68.05,69.5,225924687.0,69.5
2026-01-06,0050,69.45,70.4,68.95,70.4,125256215.0,70.4
2026-01-07,0050,70.4,70.45,69.7,69.85,113869755.0,69.85
2026-01-08,0050,69.65,70.35,69.4,70.1,71394567.0,70.1
2026-01-09,0050,69.8,70.25,68.9,69.85,106682469.0,69.85
2026-01-12,0050,70.5,70.55,70.05,70.35,80365400.0,70.35
2026-01-13,0050,71.1,71.2,70.3,70.7,99445355.0,70.7
2026-01-14,0050,70.95,71.1,70.65,70.75,82266008.0,70.75
2026-01-15,0050,70.7,70.7,70.15,70.65,89452635.0,70.65
2026-01-16,0050,71.75,72.1,71.2,72.0,97268614.0,72.0
2026-01-19,0050,71.7,72.8,71.45,72.6,116848644.0,72.6
2026-01-20,0050,71.9,72.65,71.85,72.6,104977401.0,72.6
2026-01-21,0050,71.8,72.5,71.7,71.85,161269608.0,71.85
2026-01-22,0050,71.9,72.05,71.6,71.8,96360058.0,72.8134
2026-01-23,0050,72.1,72.3,71.8,72.25,68701320.0,73.2698
2026-01-26,0050,72.25,72.65,72.2,72.25,84082813.0,73.2698
2026-01-27,0050,72.4,73.15,72.35,73.05,70421120.0,74.0811
2026-01-28,0050,73.55,74.2,73.5,74.2,87294077.0,75.2473
2026-01-29,0050,74.4,74.5,73.5,73.75,111905919.0,74.7909
2026-01-30,0050,73.15,73.2,72.3,72.6,159055585.0,73.6247
2026-02-02,0050,71.55,71.75,70.9,71.5,211262670.0,72.5092
2026-02-03,0050,73.0,73.05,72.4,72.95,70926930.0,73.9796
2026-02-04,0050,72.4,73.15,72.3,72.9,56597222.0,73.9289
2026-02-05,0050,72.05,72.25,71.75,72.0,95746290.0,73.0162
2026-02-06,0050,71.4,72.25,70.8,71.9,102980565.0,72.9148
2026-02-09,0050,74.05,74.15,73.75,73.95,118533745.0,74.9938
2026-02-10,0050,74.65,75.5,74.6,75.5,98559015.0,76.5656
2026-02-11,0050,75.9,77.45,75.9,77.2,114028587.0,78.2896
2026-02-23,0050,78.45,78.45,77.2,77.4,212974781.0,78.4925
2026-02-24,0050,77.95,79.65,77.85,79.4,143721014.0,80.5207
2026-02-25,0050,80.35,81.8,80.25,81.1,158561421.0,82.2447
2026-02-26,0050,81.25,81.5,80.8,81.15,123812672.0,82.2954
2026-03-02,0050,79.5,80.8,79.15,80.35,204278933.0,81.4841
2026-03-03,0050,80.05,80.4,78.65,78.75,288356288.0,79.8615
2026-03-04,0050,77.4,77.45,75.5,75.6,455564304.0,76.667
2026-03-05,0050,78.3,78.85,76.7,77.4,194777972.0,78.4925
2026-03-06,0050,76.8,77.3,76.3,76.85,139697065.0,77.9347
2026-03-09,0050,73.15,73.6,71.65,73.6,493890200.0,74.6388
2026-03-10,0050,75.9,76.25,74.3,75.2,164247105.0,76.2614
2026-03-11,0050,76.3,78.5,76.1,78.2,147508364.0,79.3037
2026-03-12,0050,77.1,77.6,76.35,76.6,120680192.0,77.6812
2026-03-13,0050,75.15,76.55,75.0,75.95,105970280.0,77.022
2026-03-16,0050,76.3,76.7,75.45,75.6,97649824.0,76.667
2026-03-17,0050,76.45,77.0,76.3,76.65,61503521.0,77.7319
2026-03-18,0050,77.75,78.05,77.45,77.8,72305179.0,78.8981
2026-03-19,0050,76.6,76.8,75.95,76.0,128778782.0,77.0727
2026-03-20,0050,76.2,76.4,75.5,75.9,67265037.0,76.9713
2026-03-23,0050,73.5,74.45,73.3,74.25,210502502.0,75.298
2026-03-24,0050,75.5,75.6,73.8,74.4,83942753.0,75.4501
2026-03-25,0050,76.35,76.65,76.0,76.2,91456088.0,77.2755
2026-03-26,0050,76.3,76.85,75.6,75.8,76157584.0,76.8699
2026-03-27,0050,74.45,75.1,74.1,75.0,106078935.0,76.0586
2026-03-30,0050,73.3,74.05,72.8,73.9,158608942.0,74.9431
2026-03-31,0050,73.35,73.45,72.15,72.35,231400782.0,73.3712
2026-04-01,0050,75.0,75.6,74.6,75.45,126562159.0,76.5149
2026-04-02,0050,75.9,76.05,73.8,73.95,105707506.0,74.9938
2026-04-07,0050,75.15,75.45,74.65,75.3,76885542.0,76.3628
2026-04-08,0050,78.1,79.25,78.1,79.2,227364928.0,80.3179
2026-04-09,0050,79.3,79.4,78.8,79.15,92049631.0,80.2672
2026-04-10,0050,80.0,80.8,79.95,80.75,115520077.0,81.8897
2026-04-13,0050,80.6,81.0,80.4,80.6,87581345.0,81.7376
2026-04-14,0050,81.75,83.2,81.75,83.1,123920345.0,84.2729
2026-04-15,0050,84.1,85.1,83.8,84.15,122414906.0,85.3377
2026-04-16,0050,84.75,85.1,84.15,85.0,76987129.0,86.1997
2026-04-17,0050,84.2,84.5,84.0,84.15,93304532.0,85.3377
2026-04-20,0050,84.55,85.1,84.45,84.55,95994589.0,85.7434
2026-04-21,0050,85.5,86.1,85.0,86.0,71987659.0,87.2138
2026-04-22,0050,85.75,86.6,85.55,86.35,64147874.0,87.5688
2026-04-23,0050,87.65,88.8,85.15,86.35,148310644.0,87.5688
2026-04-24,0050,87.6,89.95,87.55,89.95,125117290.0,91.2196
2026-04-27,0050,92.7,94.25,92.7,93.0,183173507.0,94.3126
2026-04-28,0050,92.55,93.65,91.9,92.0,114706934.0,93.2985
2026-04-29,0050,90.7,91.5,90.0,90.75,93857452.0,92.0309
2026-04-30,0050,91.25,91.9,90.3,90.5,82229228.0,91.7773
2026-05-04,0050,92.5,94.65,92.4,94.6,120393477.0,95.9352
2026-05-05,0050,94.4,94.75,94.0,94.6,76579608.0,95.9352
2026-05-06,0050,96.05,96.9,94.7,95.75,105507530.0,97.1014
2026-05-07,0050,97.95,98.4,97.4,97.7,110289613.0,99.079
2026-05-08,0050,97.35,97.7,95.85,97.0,117639791.0,98.3691
2026-05-11,0050,96.65,97.15,96.5,96.9,88544547.0,98.2677
2026-05-12,0050,96.85,97.35,95.5,96.85,94676481.0,98.217
2026-05-13,0050,94.85,95.8,94.7,95.5,113598688.0,96.8479
2026-05-14,0050,96.9,97.2,95.75,96.05,53565899.0,97.4057
2026-05-15,0050,97.65,98.25,95.2,95.4,90487261.0,96.7465
2026-05-18,0050,94.0,95.2,93.3,94.9,105172915.0,96.2395
2026-05-19,0050,94.35,94.7,93.1,93.1,116385289.0,94.414
2026-05-20,0050,93.0,93.5,92.45,92.5,108931614.0,93.8056
2026-05-21,0050,94.8,96.05,94.7,95.85,59494294.0,97.2029
2026-05-22,0050,96.3,97.3,96.0,97.3,60917271.0,98.6733
2026-05-25,0050,99.55,101.0,99.55,100.8,124114624.0,102.2227
2026-05-26,0050,101.6,101.8,100.1,100.1,87695026.0,101.5128
2026-05-27,0050,102.4,103.9,102.0,102.55,90102044.0,103.9974
2026-05-28,0050,104.0,104.25,100.1,100.5,140421329.0,101.9185
2026-05-29,0050,103.2,105.4,102.7,105.4,98892043.0,106.8877
2026-06-01,0050,105.25,106.7,104.5,105.5,127067000.0,106.9891
2026-06-02,0050,106.3,106.3,104.2,105.7,107794552.0,107.1919
2026-06-03,0050,107.3,107.85,107.1,107.6,75111550.0,109.1187
2026-06-04,0050,106.75,107.0,106.05,106.1,108491104.0,107.5975
2026-06-05,0050,105.0,105.35,102.8,104.15,164564140.0,105.62
2026-06-08,0050,98.05,101.3,98.05,100.95,320685641.0,102.3748
2026-06-09,0050,102.1,103.6,101.35,103.5,89392847.0,104.9608
2026-06-10,0050,102.6,102.95,100.2,100.25,166445287.0,101.665
2026-06-11,0050,100.0,100.55,97.6,99.85,248828975.0,101.2593
2026-06-12,0050,103.25,103.75,101.55,101.95,73401960.0,103.389
2026-06-15,0050,105.1,105.5,104.3,105.25,95906242.0,106.7355
2026-06-16,0050,106.05,106.05,104.85,105.9,67088029.0,107.3947
2026-06-17,0050,105.0,106.0,104.5,106.0,75416209.0,107.4961
2026-06-18,0050,107.0,107.45,106.65,107.3,74587200.0,108.8145
2026-06-22,0050,109.45,111.2,109.45,111.15,110460961.0,112.7188
2026-06-23,0050,112.0,112.3,110.05,110.1,120564830.0,111.654
2026-06-24,0050,108.0,108.1,106.15,107.15,208531754.0,108.6624
2026-06-25,0050,108.0,108.05,106.35,107.2,89454929.0,108.7131
2026-06-26,0050,105.4,105.85,102.8,103.1,251693794.0,104.5552
2026-06-29,0050,103.35,105.35,103.3,104.45,101519378.0,105.9242
2026-06-30,0050,106.85,108.25,106.75,107.8,103816325.0,109.3215
2026-07-01,0050,109.8,109.95,108.6,109.35,72216950.0,110.8934
2026-07-02,0050,107.2,108.95,106.9,108.8,67727796.0,110.3356
2026-07-03,0050,106.15,108.8,106.1,108.35,76733905.0,109.8793
2026-07-06,0050,109.05,109.6,107.7,108.25,70136815.0,109.7779
2026-07-07,0050,108.55,109.05,105.85,106.2,111060971.0,107.6989
2026-07-08,0050,106.4,106.6,105.05,106.05,86877553.0,107.5468
2026-07-09,0050,106.35,107.0,105.45,105.8,51733962.0,107.2933
2026-07-13,0050,107.0,107.55,105.7,106.0,65558453.0,107.4961
2026-07-14,0050,105.5,105.5,102.25,104.4,225466504.0,105.8735
2026-07-15,0050,105.3,106.45,104.65,106.3,106147811.0,107.8004
2026-07-16,0050,105.35,106.75,104.55,106.4,68042614.0,107.9018
2026-07-17,0050,102.9,103.05,100.0,100.15,443467989.0,101.5636
2026-07-20,0050,100.2,100.6,98.3,99.2,335645366.0,100.6001
2026-07-21,0050,100.0,102.5,99.85,102.5,91004977.0,104.5793
2026-07-22,0050,104.5,104.8,103.3,103.85,103568792.0,105.9566
2026-07-23,0050,104.25,104.8,102.9,103.9,51221177.0,106.0077
2026-07-24,0050,102.55,103.05,101.3,101.7,94377095.0,103.763
2026-07-27,0050,101.3,101.6,100.05,101.45,100975462.0,103.508
2026-07-28,0050,98.35,98.35,96.9,97.15,403103877.0,99.1207
2026-07-29,0050,96.95,97.0,91.8,93.7,481594751.0,95.6007
2026-07-30,0050,93.4,96.0,92.0,93.5,277813661.0,95.3967
2026-07-31,0050,100.0,102.85,99.8,102.85,335230300.0,104.9364
2026-08-03,0050,102.0,102.7,101.0,102.0,162020882.0,104.0691
2026-08-04,0050,100.65,102.25,99.75,100.65,114567629.0,102.6917
2026-08-05,0050,103.75,104.75,102.9,103.8,162326921.0,105.9056
2026-08-06,0050,103.25,103.7,102.55,103.3,75072269.0,105.3955
2026-08-07,0050,103.8,104.0,102.05,102.85,64762811.0,104.9364
2026-08-10,0050,103.9,104.75,103.5,104.25,77669272.0,106.3648
2026-08-11,0050,104.05,104.85,103.4,104.6,64953565.0,106.7219
2026-08-12,0050,105.0,105.25,104.45,105.2,58197041.0,107.334
2026-08-13,0050,106.55,107.0,106.15,106.7,84987116.0,108.8644
2026-08-14,0050,107.1,107.5,106.05,106.4,77523902.0,108.5584
2026-08-17,0050,106.4,106.95,106.0,106.45,54027248.0,108.6094
2026-08-18,0050,106.45,106.45,104.85,104.9,58726823.0,107.0279
2026-08-19,0050,103.05,103.85,102.7,103.1,90920782.0,105.1914
2026-08-20,0050,104.2,104.25,102.95,103.8,40117137.0,105.9056
2026-08-21,0050,103.8,104.8,103.2,104.65,39048145.0,106.7729
2026-08-24,0050,104.65,104.8,103.8,103.8,40662714.0,105.9056
2026-08-25,0050,102.9,104.4,102.4,104.4,55019407.0,106.5178
2026-08-26,0050,104.1,106.05,103.5,105.9,84991710.0,108.0482
2026-08-27,0050,106.5,107.0,105.9,106.05,64989695.0,108.2013
2026-08-28,0050,107.1,107.35,106.7,106.95,74083764.0,109.1195
2026-08-31,0050,105.6,106.25,105.0,106.25,63750315.0,108.4053
2026-09-01,0050,106.5,108.7,106.5,108.45,105037149.0,110.6499
2026-09-02,0050,107.5,107.85,106.65,106.8,61574987.0,108.9665
2026-09-03,0050,106.9,107.4,106.15,106.2,45432677.0,108.3543
2026-09-04,0050,107.7,108.0,106.85,107.9,44288868.0,110.0888
2026-09-07,0050,109.05,110.0,108.85,109.9,102774668.0,112.1294
2026-09-08,0050,110.0,110.75,109.55,109.65,70633942.0,111.8743
2026-09-09,0050,109.95,110.6,109.5,109.65,43057835.0,111.8743
2026-09-10,0050,108.6,109.15,108.4,109.15,40733536.0,111.3642
2026-09-11,0050,107.4,108.0,106.9,107.7,90140839.0,109.8847
2026-09-14,0050,106.3,107.15,105.85,106.9,82639330.0,109.0685
2026-09-15,0050,106.75,106.95,106.15,106.25,55674721.0,108.4053
2026-09-16,0050,106.15,107.4,106.15,106.9,69357559.0,109.0685
2026-09-17,0050,107.9,109.2,107.85,108.05,47371508.0,110.2418
2026-09-18,0050,109.6,109.95,108.85,109.85,79772537.0,112.0784
2026-09-21,0050,109.9,111.45,109.85,111.35,114373545.0,113.6088
2026-09-22,0050,113.35,113.75,111.85,111.85,80283889.0,114.1189
2026-09-23,0050,112.8,113.15,112.3,112.45,55410585.0,114.7311
2026-09-24,0050,112.0,112.45,111.75,112.4,66490792.0,114.6801
2026-09-29,0050,111.8,112.25,111.05,111.3,101008614.0,113.5578
2026-09-30,0050,112.5,113.05,112.05,112.05,60951975.0,114.323
2026-10-01,0050,112.2,112.9,111.7,112.9,55154167.0,115.1902
2026-10-02,0050,112.85,112.95,112.3,112.8,68967747.0,115.0882
2026-10-05,0050,115.75,116.15,115.25,115.95,102872428.0,118.3021
2026-10-06,0050,116.3,116.6,115.7,116.5,70945715.0,118.8633
2026-10-07,0050,116.15,116.55,115.95,116.05,61571679.0,118.4042
