date,code,close_adj,close
2020-10-07,0050,22.1214,26.2
2020-10-08,0050,22.417,26.55
2020-10-12,0050,22.5964,26.7625
2020-10-13,0050,22.6069,26.775
2020-10-14,0050,22.5225,26.675
2020-10-15,0050,22.3114,26.425
2020-10-16,0050,22.2164,26.3125
2020-10-19,0050,22.5014,26.65
2020-10-20,0050,22.3747,26.5
2020-10-21,0050,22.3642,26.4875
2020-10-22,0050,22.3958,26.525
2020-10-23,0050,22.3958,26.525
2020-10-26,0050,22.3958,26.525
2020-10-27,0050,22.2692,26.375
2020-10-28,0050,22.1637,26.25
2020-10-29,0050,21.9209,25.9625
2020-10-30,0050,21.7415,25.75
2020-11-02,0050,21.8259,25.85
2020-11-03,0050,22.0792,26.15
2020-11-04,0050,22.4064,26.5375
2020-11-05,0050,22.3853,26.5125
2020-11-06,0050,22.5225,26.675
2020-11-09,0050,22.818,27.025
2020-11-10,0050,22.6069,26.775
2020-11-11,0050,22.9552,27.1875
2020-11-12,0050,22.9658,27.2
2020-11-13,0050,23.0608,27.3125
2020-11-16,0050,23.8101,28.2
2020-11-17,0050,23.979,28.4
2020-11-18,0050,24.1373,28.5875
2020-11-19,0050,24.0951,28.5375
2020-11-20,0050,24.0634,28.5
2020-11-23,0050,24.3695,28.8625
2020-11-24,0050,24.2534,28.725
2020-11-25,0050,24.0528,28.4875
2020-11-26,0050,24.2428,28.7125
2020-11-27,0050,24.2006,28.6625
2020-11-30,0050,23.9156,28.325
2020-12-01,0050,24.1267,28.575
2020-12-02,0050,24.3589,28.85
2020-12-03,0050,24.3589,28.85
2020-12-04,0050,24.76,29.325
2020-12-07,0050,24.9922,29.6
2020-12-08,0050,25.3404,30.0125
2020-12-09,0050,25.3404,30.0125
2020-12-10,0050,25.0344,29.65
2020-12-11,0050,25.066,29.6875
2020-12-14,0050,24.9605,29.5625
2020-12-15,0050,24.7072,29.2625
2020-12-16,0050,25.1716,29.8125
2020-12-17,0050,25.0344,29.65
2020-12-18,0050,24.9499,29.55
2020-12-21,0050,25.1927,29.8375
2020-12-22,0050,24.9077,29.5
2020-12-23,0050,24.9394,29.5375
2020-12-24,0050,25.0766,29.7
2020-12-25,0050,25.1083,29.7375
2020-12-28,0050,25.3299,30.0
2020-12-29,0050,25.3088,29.975
2020-12-30,0050,25.6676,30.4
2020-12-31,0050,25.8048,30.5625
2021-01-04,0050,26.2481,31.0875
2021-01-05,0050,26.3009,31.15
2021-01-06,0050,26.5858,31.4875
2021-01-07,0050,27.2085,32.225
2021-01-08,0050,27.694,32.8
2021-01-11,0050,27.9262,33.075
2021-01-12,0050,27.884,33.025
2021-01-13,0050,28.5595,33.825
2021-01-14,0050,28.2956,33.5125
2021-01-15,0050,28.3906,33.625
2021-01-18,0050,28.3695,33.6
2021-01-19,0050,29.1188,34.4875
2021-01-20,0050,29.1716,34.55
2021-01-21,0050,30.1848,35.75
2021-01-22,0050,29.6456,34.3625
2021-01-25,0050,29.2466,33.9
2021-01-26,0050,28.6534,33.2125
2021-01-27,0050,28.6966,33.2625
2021-01-28,0050,28.1142,32.5875
2021-01-29,0050,27.6505,32.05
2021-02-01,0050,28.2005,32.6875
2021-02-02,0050,28.9985,33.6125
2021-02-03,0050,28.977,33.5875
2021-02-04,0050,28.8044,33.3875
2021-02-05,0050,29.074,33.7
2021-02-17,0050,30.3142,35.1375
2021-02-18,0050,30.2711,35.0875
2021-02-19,0050,29.9475,34.7125
2021-02-22,0050,29.9368,34.7
2021-02-23,0050,29.8721,34.625
2021-02-24,0050,29.4299,34.1125
2021-02-25,0050,29.6672,34.3875
2021-02-26,0050,28.7721,33.35
2021-03-02,0050,28.7829,33.3625
2021-03-03,0050,29.2034,33.85
2021-03-04,0050,28.6319,33.1875
2021-03-05,0050,28.4593,32.9875
2021-03-08,0050,28.4378,32.9625
2021-03-09,0050,28.3299,32.8375
2021-03-10,0050,28.4485,32.975
2021-03-11,0050,29.0525,33.675
2021-03-12,0050,29.1711,33.8125
2021-03-15,0050,29.0956,33.725
2021-03-16,0050,29.1926,33.8375
2021-03-17,0050,28.9446,33.55
2021-03-18,0050,29.0956,33.725
2021-03-19,0050,28.6427,33.2
2021-03-22,0050,28.7721,33.35
2021-03-23,0050,28.8152,33.4
2021-03-24,0050,28.3623,32.875
2021-03-25,0050,28.4593,32.9875
2021-03-26,0050,28.977,33.5875
2021-03-29,0050,29.2142,33.8625
2021-03-30,0050,29.3113,33.975
2021-03-31,0050,29.0632,33.6875
2021-04-01,0050,29.2789,33.9375
2021-04-07,0050,29.7211,34.45
2021-04-08,0050,29.8181,34.5625
2021-04-09,0050,29.7534,34.4875
2021-04-12,0050,29.5809,34.2875
2021-04-13,0050,29.5809,34.2875
2021-04-14,0050,29.7426,34.475
2021-04-15,0050,29.9907,34.7625
2021-04-16,0050,30.0338,34.8125
2021-04-19,0050,30.0877,34.875
2021-04-20,0050,30.0338,34.8125
2021-04-21,0050,29.7642,34.5
2021-04-22,0050,29.7426,34.475
2021-04-23,0050,30.0122,34.7875
2021-04-26,0050,30.4544,35.3
2021-04-27,0050,30.4652,35.3125
2021-04-28,0050,30.2818,35.1
2021-04-29,0050,30.325,35.15
2021-05-03,0050,29.8181,34.5625
2021-05-04,0050,29.5593,34.2625
2021-05-05,0050,29.2789,33.9375
2021-05-06,0050,29.5377,34.2375
2021-05-07,0050,30.0662,34.85
2021-05-10,0050,29.8613,34.6125
2021-05-11,0050,28.7397,33.3125
2021-05-12,0050,27.9093,32.35
2021-05-13,0050,27.4995,31.875
2021-05-14,0050,27.8123,32.2375
2021-05-17,0050,27.2839,31.625
2021-05-18,0050,28.5348,33.075
2021-05-19,0050,28.3407,32.85
2021-05-20,0050,28.1466,32.625
2021-05-21,0050,28.5456,33.0875
2021-05-24,0050,28.5025,33.0375
2021-05-25,0050,28.9878,33.6
2021-05-26,0050,29.0093,33.625
2021-05-27,0050,28.8044,33.3875
2021-05-28,0050,29.2897,33.95
2021-05-31,0050,29.5701,34.275
2021-06-01,0050,29.6995,34.425
2021-06-02,0050,29.6995,34.425
2021-06-03,0050,29.6779,34.4
2021-06-04,0050,29.5377,34.2375
2021-06-07,0050,29.6132,34.325
2021-06-08,0050,29.4407,34.125
2021-06-09,0050,29.225,33.875
2021-06-10,0050,29.6779,34.4
2021-06-11,0050,29.7858,34.525
2021-06-15,0050,29.9475,34.7125
2021-06-16,0050,29.9152,34.675
2021-06-17,0050,29.8289,34.575
2021-06-18,0050,29.7642,34.5
2021-06-21,0050,29.0525,33.675
2021-06-22,0050,29.0848,33.7125
2021-06-23,0050,29.5593,34.2625
2021-06-24,0050,29.4838,34.175
2021-06-25,0050,29.5377,34.2375
2021-06-28,0050,29.5917,34.3
2021-06-29,0050,29.6779,34.4
2021-06-30,0050,29.9691,34.7375
2021-07-01,0050,29.8289,34.575
2021-07-02,0050,29.8289,34.575
2021-07-05,0050,30.1093,34.9
2021-07-06,0050,30.1416,34.9375
2021-07-07,0050,29.9799,34.75
2021-07-08,0050,29.9475,34.7125
2021-07-09,0050,29.7103,34.4375
2021-07-12,0050,29.9799,34.75
2021-07-13,0050,30.2279,35.0375
2021-07-14,0050,30.3034,35.125
2021-07-15,0050,30.5838,35.45
2021-07-16,0050,30.174,34.975
2021-07-19,0050,29.8289,34.575
2021-07-20,0050,29.5917,34.3
2021-07-21,0050,29.5592,34.175
2021-07-22,0050,29.7647,34.4125
2021-07-23,0050,29.7647,34.4125
2021-07-26,0050,29.5052,34.1125
2021-07-27,0050,29.4944,34.1
2021-07-28,0050,29.0295,33.5625
2021-07-29,0050,29.516,34.125
2021-07-30,0050,29.4187,34.0125
2021-08-02,0050,29.8187,34.475
2021-08-03,0050,29.9376,34.6125
2021-08-04,0050,30.1106,34.8125
2021-08-05,0050,30.0566,34.75
2021-08-06,0050,30.0133,34.7
2021-08-09,0050,29.9268,34.6
2021-08-10,0050,29.7647,34.4125
2021-08-11,0050,29.6673,34.3
2021-08-12,0050,29.6133,34.2375
2021-08-13,0050,29.3322,33.9125
2021-08-16,0050,29.2673,33.8375
2021-08-17,0050,29.0511,33.5875
2021-08-18,0050,29.17,33.725
2021-08-19,0050,28.4997,32.95
2021-08-20,0050,28.2726,32.6875
2021-08-23,0050,29.0511,33.5875
2021-08-24,0050,29.1376,33.6875
2021-08-25,0050,29.4187,34.0125
2021-08-26,0050,29.6241,34.25
2021-08-27,0050,29.8728,34.5375
2021-08-30,0050,30.1647,34.875
2021-08-31,0050,30.3485,35.0875
2021-09-01,0050,30.489,35.25
2021-09-02,0050,30.2512,34.975
2021-09-03,0050,30.6836,35.475
2021-09-06,0050,30.8242,35.6375
2021-09-07,0050,30.6836,35.475
2021-09-08,0050,30.4134,35.1625
2021-09-09,0050,30.3377,35.075
2021-09-10,0050,30.6945,35.4875
2021-09-13,0050,30.5863,35.3625
2021-09-14,0050,30.6188,35.4
2021-09-15,0050,30.435,35.1875
2021-09-16,0050,30.2944,35.025
2021-09-17,0050,30.3809,35.125
2021-09-22,0050,29.6673,34.3
2021-09-23,0050,29.8403,34.5
2021-09-24,0050,30.1971,34.9125
2021-09-27,0050,30.2728,35.0
2021-09-28,0050,30.0566,34.75
2021-09-29,0050,29.4079,34.0
2021-09-30,0050,29.6349,34.2625
2021-10-01,0050,28.9646,33.4875
2021-10-04,0050,28.7916,33.2875
2021-10-05,0050,28.7484,33.2375
2021-10-06,0050,28.7592,33.25
2021-10-07,0050,29.2673,33.8375
2021-10-08,0050,29.0186,33.55
2021-10-12,0050,28.7267,33.2125
2021-10-13,0050,28.6294,33.1
2021-10-14,0050,28.7051,33.1875
2021-10-15,0050,29.4619,34.0625
2021-10-18,0050,29.3754,33.9625
2021-10-19,0050,29.6133,34.2375
2021-10-20,0050,29.5376,34.15
2021-10-21,0050,29.4295,34.025
2021-10-22,0050,29.516,34.125
2021-10-25,0050,29.4944,34.1
2021-10-26,0050,29.743,34.3875
2021-10-27,0050,29.743,34.3875
2021-10-28,0050,29.6565,34.2875
2021-10-29,0050,29.3646,33.95
2021-11-01,0050,29.516,34.125
2021-11-02,0050,29.4619,34.0625
2021-11-03,0050,29.5376,34.15
2021-11-04,0050,29.4403,34.0375
2021-11-05,0050,29.862,34.525
2021-11-08,0050,30.0998,34.8
2021-11-09,0050,30.4242,35.175
2021-11-10,0050,30.3809,35.125
2021-11-11,0050,30.1106,34.8125
2021-11-12,0050,30.2079,34.925
2021-11-15,0050,30.4782,35.2375
2021-11-16,0050,30.5323,35.3
2021-11-17,0050,30.6296,35.4125
2021-11-18,0050,30.8026,35.6125
2021-11-19,0050,30.8783,35.7
2021-11-22,0050,30.8026,35.6125
2021-11-23,0050,30.5107,35.275
2021-11-24,0050,30.3809,35.125
2021-11-25,0050,30.3701,35.1125
2021-11-26,0050,29.8728,34.5375
2021-11-29,0050,29.8728,34.5375
2021-11-30,0050,29.8403,34.5
2021-12-01,0050,30.3377,35.075
2021-12-02,0050,30.662,35.45
2021-12-03,0050,30.6512,35.4375
2021-12-06,0050,30.5647,35.3375
2021-12-07,0050,30.662,35.45
2021-12-08,0050,30.781,35.5875
2021-12-09,0050,30.7053,35.5
2021-12-10,0050,30.6945,35.4875
2021-12-13,0050,30.5971,35.375
2021-12-14,0050,30.2944,35.025
2021-12-15,0050,30.3377,35.075
2021-12-16,0050,30.7161,35.5125
2021-12-17,0050,30.6836,35.475
2021-12-20,0050,30.4134,35.1625
2021-12-21,0050,30.6728,35.4625
2021-12-22,0050,30.6728,35.4625
2021-12-23,0050,30.8458,35.6625
2021-12-24,0050,30.9323,35.7625
2021-12-27,0050,31.1702,36.0375
2021-12-28,0050,31.4188,36.325
2021-12-29,0050,31.5594,36.4875
2021-12-30,0050,31.4621,36.375
2022-01-03,0050,31.6567,36.6
2022-01-04,0050,32.3487,37.4
2022-01-05,0050,32.2838,37.325
2022-01-06,0050,31.9811,36.975
2022-01-07,0050,31.6999,36.65
2022-01-10,0050,31.9054,36.8875
2022-01-11,0050,32.0675,37.075
2022-01-12,0050,32.3378,37.3875
2022-01-13,0050,32.5,37.575
2022-01-14,0050,32.5,37.575
2022-01-17,0050,32.8676,38.0
2022-01-18,0050,32.5,37.575
2022-01-19,0050,32.1108,37.125
2022-01-20,0050,32.2405,37.275
2022-01-21,0050,31.5224,35.6625
2022-01-24,0050,31.8207,36.0
2022-01-25,0050,31.3014,35.4125
2022-01-26,0050,31.2793,35.3875
2022-02-07,0050,31.445,35.575
2022-02-08,0050,31.5776,35.725
2022-02-09,0050,31.6881,35.85
2022-02-10,0050,32.0527,36.2625
2022-02-11,0050,32.0306,36.2375
2022-02-14,0050,31.5334,35.675
2022-02-15,0050,31.3898,35.5125
2022-02-16,0050,31.9091,36.1
2022-02-17,0050,31.9312,36.125
2022-02-18,0050,31.8428,36.025
2022-02-21,0050,31.7765,35.95
2022-02-22,0050,31.3456,35.4625
2022-02-23,0050,31.434,35.5625
2022-02-24,0050,30.6716,34.7
2022-02-25,0050,30.6053,34.625
2022-03-01,0050,31.0362,35.1125
2022-03-02,0050,30.8594,34.9125
2022-03-03,0050,30.9257,34.9875
2022-03-04,0050,30.5943,34.6125
2022-03-07,0050,29.6109,33.5
2022-03-08,0050,28.9811,32.7875
2022-03-09,0050,29.2794,33.125
2022-03-10,0050,30.1302,34.0875
2022-03-11,0050,29.6993,33.6
2022-03-14,0050,29.6993,33.6
2022-03-15,0050,29.0916,32.9125
2022-03-16,0050,29.2131,33.05
2022-03-17,0050,30.1413,34.1
2022-03-18,0050,30.075,34.025
2022-03-21,0050,30.2738,34.25
2022-03-22,0050,30.2296,34.2
2022-03-23,0050,30.5169,34.525
2022-03-24,0050,30.4948,34.5
2022-03-25,0050,30.539,34.55
2022-03-28,0050,30.2075,34.175
2022-03-29,0050,30.2407,34.2125
2022-03-30,0050,30.6164,34.6375
2022-03-31,0050,30.5169,34.525
2022-04-01,0050,30.2628,34.2375
2022-04-06,0050,30.1081,34.0625
2022-04-07,0050,29.5667,33.45
2022-04-08,0050,29.7324,33.6375
2022-04-11,0050,29.2684,33.1125
2022-04-12,0050,29.2905,33.1375
2022-04-13,0050,29.8429,33.7625
2022-04-14,0050,29.7324,33.6375
2022-04-15,0050,29.2242,33.0625
2022-04-18,0050,29.0695,32.8875
2022-04-19,0050,29.169,33.0
2022-04-20,0050,29.3126,33.1625
2022-04-21,0050,29.3347,33.1875
2022-04-22,0050,29.0806,32.9
2022-04-25,0050,28.5613,32.3125
2022-04-26,0050,28.5613,32.3125
2022-04-27,0050,27.9646,31.6375
2022-04-28,0050,28.0862,31.775
2022-04-29,0050,28.4508,32.1875
2022-05-03,0050,28.2409,31.95
2022-05-04,0050,28.2409,31.95
2022-05-05,0050,28.5613,32.3125
2022-05-06,0050,27.9867,31.6625
2022-05-09,0050,27.5227,31.1375
2022-05-10,0050,27.4011,31.0
2022-05-11,0050,27.4453,31.05
2022-05-12,0050,26.7935,30.3125
2022-05-13,0050,27.0365,30.5875
2022-05-16,0050,27.1802,30.75
2022-05-17,0050,27.4785,31.0875
2022-05-18,0050,27.7768,31.425
2022-05-19,0050,27.2465,30.825
2022-05-20,0050,27.5448,31.1625
2022-05-23,0050,27.6,31.225
2022-05-24,0050,27.2907,30.875
2022-05-25,0050,27.5006,31.1125
2022-05-26,0050,27.1581,30.725
2022-05-27,0050,27.7326,31.375
2022-05-30,0050,28.4066,32.1375
2022-05-31,0050,28.6828,32.45
2022-06-01,0050,28.5392,32.2875
2022-06-02,0050,28.2409,31.95
2022-06-06,0050,28.4397,32.175
2022-06-07,0050,28.1525,31.85
2022-06-08,0050,28.4618,32.2
2022-06-09,0050,28.3734,32.1
2022-06-10,0050,28.0862,31.775
2022-06-13,0050,27.3017,30.8875
2022-06-14,0050,27.2575,30.8375
2022-06-15,0050,27.1249,30.6875
2022-06-16,0050,27.0697,30.625
2022-06-17,0050,26.7051,30.2125
2022-06-20,0050,26.462,29.9375
2022-06-21,0050,27.0034,30.55
2022-06-22,0050,26.4067,29.875
2022-06-23,0050,26.0532,29.475
2022-06-24,0050,26.1084,29.5375
2022-06-27,0050,26.7272,30.2375
2022-06-28,0050,26.473,29.95
2022-06-29,0050,26.2521,29.7
2022-06-30,0050,25.5891,28.95
2022-07-01,0050,24.65,27.8875
2022-07-04,0050,24.4069,27.6125
2022-07-05,0050,24.5284,27.75
2022-07-06,0050,24.0533,27.2125
2022-07-07,0050,24.7715,28.025
2022-07-08,0050,25.0256,28.3125
2022-07-11,0050,24.8047,28.0625
2022-07-12,0050,24.208,27.3875
2022-07-13,0050,25.0698,28.3625
2022-07-14,0050,25.1914,28.5
2022-07-15,0050,25.5228,28.875
2022-07-18,0050,25.6351,28.55
2022-07-19,0050,25.6575,28.575
2022-07-20,0050,25.8259,28.7625
2022-07-21,0050,26.1177,29.0875
2022-07-22,0050,26.2187,29.2
2022-07-25,0050,26.1963,29.175
2022-07-26,0050,25.9606,28.9125
2022-07-27,0050,26.1963,29.175
2022-07-28,0050,26.2412,29.225
2022-07-29,0050,26.4881,29.5
2022-08-01,0050,26.4095,29.4125
2022-08-02,0050,25.9889,28.8875
2022-08-03,0050,26.1464,29.0625
2022-08-04,0050,26.2138,29.1375
2022-08-05,0050,26.8773,29.875
2022-08-08,0050,26.8211,29.8125
2022-08-09,0050,26.7986,29.7875
2022-08-10,0050,26.5175,29.475
2022-08-11,0050,27.001,30.0125
2022-08-12,0050,27.1697,30.2
2022-08-15,0050,27.4171,30.475
2022-08-16,0050,27.4621,30.525
2022-08-17,0050,27.4734,30.5375
2022-08-18,0050,27.2934,30.3375
2022-08-19,0050,27.3384,30.3875
2022-08-22,0050,27.001,30.0125
2022-08-23,0050,26.5849,29.55
2022-08-24,0050,26.5175,29.475
2022-08-25,0050,26.7649,29.75
2022-08-26,0050,26.8998,29.9
2022-08-29,0050,26.2138,29.1375
2022-08-30,0050,26.2588,29.1875
2022-08-31,0050,26.45,29.4
2022-09-01,0050,25.899,28.7875
2022-09-02,0050,25.6178,28.475
2022-09-05,0050,25.674,28.5375
2022-09-06,0050,25.8427,28.725
2022-09-07,0050,25.2355,28.05
2022-09-08,0050,25.4154,28.25
2022-09-12,0050,25.9552,28.85
2022-09-13,0050,26.0901,29.0
2022-09-14,0050,25.5616,28.4125
2022-09-15,0050,25.6066,28.4625
2022-09-16,0050,25.3142,28.1375
2022-09-19,0050,25.2017,28.0125
2022-09-20,0050,25.4266,28.2625
2022-09-21,0050,25.213,28.025
2022-09-22,0050,24.9093,27.6875
2022-09-23,0050,24.6732,27.425
2022-09-26,0050,24.2121,26.9125
2022-09-27,0050,24.1784,26.875
2022-09-28,0050,23.6723,26.3125
2022-09-29,0050,23.5936,26.225
2022-09-30,0050,23.2674,25.8625
2022-10-03,0050,22.9863,25.55
2022-10-04,0050,23.5711,26.2
2022-10-05,0050,24.1221,26.8125
2022-10-06,0050,24.2908,27.0
2022-10-07,0050,23.886,26.55
2022-10-11,0050,22.6489,25.175
2022-10-12,0050,22.5365,25.05
2022-10-13,0050,22.2666,24.75
2022-10-14,0050,22.9076,25.4625
2022-10-17,0050,22.4802,24.9875
2022-10-18,0050,22.7389,25.275
2022-10-19,0050,22.4353,24.9375
2022-10-20,0050,22.3116,24.8
2022-10-21,0050,22.2441,24.725
2022-10-24,0050,22.1766,24.65
2022-10-25,0050,21.7493,24.175
2022-10-26,0050,21.9517,24.4
2022-10-27,0050,22.2666,24.75
2022-10-28,0050,21.9854,24.4375
2022-10-31,0050,22.2778,24.7625
2022-11-01,0050,22.4015,24.9
2022-11-02,0050,22.4915,25.0
2022-11-03,0050,22.1991,24.675
2022-11-04,0050,22.2328,24.7125
2022-11-07,0050,22.6152,25.1375
2022-11-08,0050,22.8514,25.4
2022-11-09,0050,23.5036,26.125
2022-11-10,0050,23.2787,25.875
2022-11-11,0050,24.5157,27.25
2022-11-14,0050,24.7406,27.5
2022-11-15,0050,25.7977,28.675
2022-11-16,0050,25.7528,28.625
2022-11-17,0050,25.764,28.6375
2022-11-18,0050,25.6965,28.5625
2022-11-21,0050,25.6066,28.4625
2022-11-22,0050,25.8202,28.7
2022-11-23,0050,26.0002,28.9
2022-11-24,0050,26.2476,29.175
2022-11-25,0050,26.2476,29.175
2022-11-28,0050,25.719,28.5875
2022-11-29,0050,25.9552,28.85
2022-11-30,0050,26.1689,29.0875
2022-12-01,0050,26.6187,29.5875
2022-12-02,0050,26.3825,29.325
2022-12-05,0050,26.4163,29.3625
2022-12-06,0050,25.9327,28.825
2022-12-07,0050,25.7753,28.65
2022-12-08,0050,25.4716,28.3125
2022-12-09,0050,25.8652,28.75
2022-12-12,0050,25.6178,28.475
2022-12-13,0050,25.5054,28.35
2022-12-14,0050,25.8202,28.7
2022-12-15,0050,25.8427,28.725
2022-12-16,0050,25.4154,28.25
2022-12-19,0050,25.2692,28.0875
2022-12-20,0050,24.8081,27.575
2022-12-21,0050,24.9093,27.6875
2022-12-22,0050,25.3254,28.15
2022-12-23,0050,24.8981,27.675
2022-12-26,0050,24.9881,27.775
2022-12-27,0050,25.1005,27.9
2022-12-28,0050,24.7406,27.5
2022-12-29,0050,24.6282,27.375
2022-12-30,0050,24.7856,27.55
2023-01-03,0050,24.9093,27.6875
2023-01-04,0050,24.8531,27.625
2023-01-05,0050,25.033,27.825
2023-01-06,0050,25.1455,27.95
2023-01-09,0050,26.0452,28.95
2023-01-10,0050,26.1464,29.0625
2023-01-11,0050,26.1689,29.0875
2023-01-12,0050,26.0564,28.9625
2023-01-13,0050,26.36,29.3
2023-01-16,0050,26.5625,29.525
2023-01-17,0050,26.5625,29.525
2023-01-30,0050,27.7583,30.175
2023-01-31,0050,27.2064,29.575
2023-02-01,0050,27.3674,29.75
2023-02-02,0050,27.8273,30.25
2023-02-03,0050,27.8273,30.25
2023-02-06,0050,27.4249,29.8125
2023-02-07,0050,27.3674,29.75
2023-02-08,0050,27.7928,30.2125
2023-02-09,0050,27.8043,30.225
2023-02-10,0050,27.8273,30.25
2023-02-13,0050,27.7698,30.1875
2023-02-14,0050,27.9768,30.4125
2023-02-15,0050,27.3329,29.7125
2023-02-16,0050,27.6663,30.075
2023-02-17,0050,27.3099,29.6875
2023-02-20,0050,27.3674,29.75
2023-02-21,0050,27.3559,29.7375
2023-02-22,0050,27.0569,29.4125
2023-02-23,0050,27.4594,29.85
2023-02-24,0050,27.3214,29.7
2023-03-01,0050,27.4479,29.8375
2023-03-02,0050,27.4249,29.8125
2023-03-03,0050,27.4479,29.8375
2023-03-06,0050,27.7123,30.125
2023-03-07,0050,27.8963,30.325
2023-03-08,0050,27.6663,30.075
2023-03-09,0050,27.6434,30.05
2023-03-10,0050,27.2064,29.575
2023-03-13,0050,27.3214,29.7
2023-03-14,0050,27.0224,29.375
2023-03-15,0050,27.0454,29.4
2023-03-16,0050,26.9189,29.2625
2023-03-17,0050,27.3559,29.7375
2023-03-20,0050,27.1604,29.525
2023-03-21,0050,27.2869,29.6625
2023-03-22,0050,27.8043,30.225
2023-03-23,0050,28.0228,30.4625
2023-03-24,0050,28.1033,30.55
2023-03-27,0050,27.9308,30.3625
2023-03-28,0050,27.6893,30.1
2023-03-29,0050,27.7353,30.15
2023-03-30,0050,27.8733,30.3
2023-03-31,0050,27.9653,30.4
2023-04-06,0050,27.8273,30.25
2023-04-07,0050,27.8273,30.25
2023-04-10,0050,27.8273,30.25
2023-04-11,0050,27.7928,30.2125
2023-04-12,0050,27.7238,30.1375
2023-04-13,0050,27.4824,29.875
2023-04-14,0050,27.7468,30.1625
2023-04-17,0050,27.6778,30.0875
2023-04-18,0050,27.5859,29.9875
2023-04-19,0050,27.3789,29.7625
2023-04-20,0050,27.3444,29.725
2023-04-21,0050,27.2754,29.65
2023-04-24,0050,27.1719,29.5375
2023-04-25,0050,26.8154,29.15
2023-04-26,0050,26.7004,29.025
2023-04-27,0050,26.6774,29.0
2023-04-28,0050,26.9994,29.35
2023-05-02,0050,27.0684,29.425
2023-05-03,0050,26.9534,29.3
2023-05-04,0050,27.0224,29.375
2023-05-05,0050,27.0914,29.45
2023-05-08,0050,27.2639,29.6375
2023-05-09,0050,27.3444,29.725
2023-05-10,0050,27.0914,29.45
2023-05-11,0050,27.0339,29.3875
2023-05-12,0050,26.9534,29.3
2023-05-15,0050,26.9534,29.3
2023-05-16,0050,27.2754,29.65
2023-05-17,0050,27.7238,30.1375
2023-05-18,0050,28.0918,30.5375
2023-05-19,0050,28.1723,30.625
2023-05-22,0050,28.1263,30.575
2023-05-23,0050,28.1033,30.55
2023-05-24,0050,27.9653,30.4
2023-05-25,0050,28.2988,30.7625
2023-05-26,0050,28.9657,31.4875
2023-05-29,0050,29.1497,31.6875
2023-05-30,0050,29.1497,31.6875
2023-05-31,0050,29.0117,31.5375
2023-06-01,0050,28.7817,31.2875
2023-06-02,0050,29.1497,31.6875
2023-06-05,0050,29.0577,31.5875
2023-06-06,0050,29.1382,31.675
2023-06-07,0050,29.4602,32.025
2023-06-08,0050,29.1727,31.7125
2023-06-09,0050,29.3912,31.95
2023-06-12,0050,29.6672,32.25
2023-06-13,0050,30.2536,32.8875
2023-06-14,0050,30.2421,32.875
2023-06-15,0050,30.3341,32.975
2023-06-16,0050,30.2536,32.8875
2023-06-19,0050,30.1846,32.8125
2023-06-20,0050,30.0236,32.6375
2023-06-21,0050,30.0236,32.6375
2023-06-26,0050,29.8396,32.4375
2023-06-27,0050,29.6442,32.225
2023-06-28,0050,29.6902,32.275
2023-06-29,0050,29.6787,32.2625
2023-06-30,0050,29.6902,32.275
2023-07-03,0050,30.0581,32.675
2023-07-04,0050,30.1271,32.75
2023-07-05,0050,30.0811,32.7
2023-07-06,0050,29.4142,31.975
2023-07-07,0050,29.3682,31.925
2023-07-10,0050,29.3107,31.8625
2023-07-11,0050,29.7132,32.3
2023-07-12,0050,29.7706,32.3625
2023-07-13,0050,30.1041,32.725
2023-07-14,0050,30.4146,33.0625
2023-07-17,0050,30.3571,33.0
2023-07-18,0050,30.2988,32.4625
2023-07-19,0050,30.0421,32.1875
2023-07-20,0050,30.1821,32.3375
2023-07-21,0050,29.6804,31.8
2023-07-24,0050,29.6921,31.8125
2023-07-25,0050,30.0654,32.2125
2023-07-26,0050,29.9838,32.125
2023-07-27,0050,30.2171,32.375
2023-07-28,0050,30.2171,32.375
2023-07-31,0050,30.0538,32.2
2023-08-01,0050,30.2054,32.3625
2023-08-02,0050,29.8321,31.9625
2023-08-04,0050,29.6921,31.8125
2023-08-07,0050,29.9838,32.125
2023-08-08,0050,29.6337,31.75
2023-08-09,0050,29.6804,31.8
2023-08-10,0050,29.4937,31.6
2023-08-11,0050,29.4704,31.575
2023-08-14,0050,29.0504,31.125
2023-08-15,0050,29.0971,31.175
2023-08-16,0050,28.9454,31.0125
2023-08-17,0050,29.0737,31.15
2023-08-18,0050,28.8987,30.9625
2023-08-21,0050,28.7004,30.75
2023-08-22,0050,28.9337,31.0
2023-08-23,0050,29.1321,31.2125
2023-08-24,0050,29.6337,31.75
2023-08-25,0050,29.0621,31.1375
2023-08-28,0050,29.2487,31.3375
2023-08-29,0050,29.4121,31.5125
2023-08-30,0050,29.5404,31.65
2023-08-31,0050,29.3304,31.425
2023-09-01,0050,29.3771,31.475
2023-09-04,0050,29.5754,31.6875
2023-09-05,0050,29.5054,31.6125
2023-09-06,0050,29.4004,31.5
2023-09-07,0050,29.1321,31.2125
2023-09-08,0050,29.0037,31.075
2023-09-11,0050,28.8871,30.95
2023-09-12,0050,29.1787,31.2625
2023-09-13,0050,29.2137,31.3
2023-09-14,0050,29.6221,31.7375
2023-09-15,0050,29.7154,31.8375
2023-09-18,0050,29.4004,31.5
2023-09-19,0050,29.2721,31.3625
2023-09-20,0050,29.1087,31.1875
2023-09-21,0050,28.6421,30.6875
2023-09-22,0050,28.6187,30.6625
2023-09-25,0050,28.8287,30.8875
2023-09-26,0050,28.4904,30.525
2023-09-27,0050,28.5021,30.5375
2023-09-28,0050,28.6187,30.6625
2023-10-02,0050,28.9921,31.0625
2023-10-03,0050,28.8171,30.875
2023-10-04,0050,28.4437,30.475
2023-10-05,0050,28.8521,30.9125
2023-10-06,0050,28.9571,31.025
2023-10-11,0050,29.4587,31.5625
2023-10-12,0050,29.7038,31.825
2023-10-13,0050,29.6221,31.7375
2023-10-16,0050,29.4587,31.5625
2023-10-17,0050,29.5287,31.6375
2023-10-18,0050,29.1204,31.2
2023-10-19,0050,29.1321,31.2125
2023-10-20,0050,29.2604,31.35
2023-10-23,0050,28.8987,30.9625
2023-10-24,0050,28.9221,30.9875
2023-10-25,0050,28.9804,31.05
2023-10-26,0050,28.4087,30.4375
2023-10-27,0050,28.5371,30.575
2023-10-30,0050,28.4671,30.5
2023-10-31,0050,28.2687,30.2875
2023-11-01,0050,28.4087,30.4375
2023-11-02,0050,29.0504,31.125
2023-11-03,0050,29.2721,31.3625
2023-11-06,0050,29.5287,31.6375
2023-11-07,0050,29.5171,31.625
2023-11-08,0050,29.6804,31.8
2023-11-09,0050,29.6921,31.8125
2023-11-10,0050,29.5754,31.6875
2023-11-13,0050,30.0304,32.175
2023-11-14,0050,30.1004,32.25
2023-11-15,0050,30.4621,32.6375
2023-11-16,0050,30.4738,32.65
2023-11-17,0050,30.5671,32.75
2023-11-20,0050,30.5554,32.7375
2023-11-21,0050,30.9288,33.1375
2023-11-22,0050,30.6488,32.8375
2023-11-23,0050,30.6371,32.825
2023-11-24,0050,30.6138,32.8
2023-11-27,0050,30.4154,32.5875
2023-11-28,0050,30.6254,32.8125
2023-11-29,0050,30.6021,32.7875
2023-11-30,0050,30.6488,32.8375
2023-12-01,0050,30.7538,32.95
2023-12-04,0050,30.6371,32.825
2023-12-05,0050,30.4154,32.5875
2023-12-06,0050,30.5204,32.7
2023-12-07,0050,30.3338,32.5
2023-12-08,0050,30.5788,32.7625
2023-12-11,0050,30.6138,32.8
2023-12-12,0050,30.6838,32.875
2023-12-13,0050,30.6954,32.8875
2023-12-14,0050,31.0688,33.2875
2023-12-15,0050,31.1971,33.425
2023-12-18,0050,31.2438,33.475
2023-12-19,0050,31.1271,33.35
2023-12-20,0050,31.2088,33.4375
2023-12-21,0050,30.9404,33.15
2023-12-22,0050,31.0221,33.2375
2023-12-25,0050,31.1504,33.375
2023-12-26,0050,31.3254,33.5625
2023-12-27,0050,31.6754,33.9375
2023-12-28,0050,31.6754,33.9375
2023-12-29,0050,31.6054,33.8625
2024-01-02,0050,31.4771,33.725
2024-01-03,0050,30.9288,33.1375
2024-01-04,0050,30.9171,33.125
2024-01-05,0050,30.8354,33.0375
2024-01-08,0050,30.9754,33.1875
2024-01-09,0050,31.0338,33.25
2024-01-10,0050,30.8704,33.075
2024-01-11,0050,30.9988,33.2125
2024-01-12,0050,30.9521,33.1625
2024-01-15,0050,30.9521,33.1625
2024-01-16,0050,30.7188,32.9125
2024-01-17,0050,30.4322,31.8625
2024-01-18,0050,30.6352,32.075
2024-01-19,0050,31.7336,33.225
2024-01-22,0050,31.9485,33.45
2024-01-23,0050,32.0082,33.5125
2024-01-24,0050,31.9962,33.5
2024-01-25,0050,32.3902,33.9125
2024-01-26,0050,32.3902,33.9125
2024-01-29,0050,32.5932,34.125
2024-01-30,0050,32.5096,34.0375
2024-01-31,0050,32.0798,33.5875
2024-02-01,0050,32.0798,33.5875
2024-02-02,0050,32.2589,33.775
2024-02-05,0050,32.4618,33.9875
2024-02-15,0050,33.99,35.5875
2024-02-16,0050,33.7393,35.325
2024-02-19,0050,33.6915,35.275
2024-02-20,0050,33.8229,35.4125
2024-02-21,0050,33.7154,35.3
2024-02-22,0050,34.0975,35.7
2024-02-23,0050,34.3243,35.9375
2024-02-26,0050,34.3721,35.9875
2024-02-27,0050,34.2288,35.8375
2024-02-29,0050,34.2169,35.825
2024-03-01,0050,34.0975,35.7
2024-03-04,0050,35.0884,36.7375
2024-03-05,0050,35.3749,37.0375
2024-03-06,0050,35.5421,37.2125
2024-03-07,0050,36.3659,38.075
2024-03-08,0050,36.8792,38.6125
2024-03-11,0050,36.5091,38.225
2024-03-12,0050,36.8912,38.625
2024-03-13,0050,37.0703,38.8125
2024-03-14,0050,37.0344,38.775
2024-03-15,0050,36.533,38.25
2024-03-18,0050,36.8673,38.6
2024-03-19,0050,36.7837,38.5125
2024-03-20,0050,36.5808,38.3
2024-03-21,0050,37.5836,39.35
2024-03-22,0050,37.5359,39.3
2024-03-25,0050,37.6075,39.375
2024-03-26,0050,37.6314,39.4
2024-03-27,0050,37.6433,39.4125
2024-03-28,0050,37.4642,39.225
2024-03-29,0050,37.6791,39.45
2024-04-01,0050,37.5836,39.35
2024-04-02,0050,38.1209,39.9125
2024-04-03,0050,37.8582,39.6375
2024-04-08,0050,38.0731,39.8625
2024-04-09,0050,38.9805,40.8125
2024-04-10,0050,38.9208,40.75
2024-04-11,0050,38.8014,40.625
2024-04-12,0050,38.7059,40.525
2024-04-15,0050,38.2044,40.0
2024-04-16,0050,37.1658,38.9125
2024-04-17,0050,37.5836,39.35
2024-04-18,0050,37.9537,39.7375
2024-04-19,0050,36.0316,37.725
2024-04-22,0050,35.9241,37.6125
2024-04-23,0050,36.2703,37.975
2024-04-24,0050,37.3329,39.0875
2024-04-25,0050,36.6524,38.375
2024-04-26,0050,37.2493,39.0
2024-04-29,0050,37.9179,39.7
2024-04-30,0050,37.7866,39.5625
2024-05-02,0050,37.2851,39.0375
2024-05-03,0050,37.4762,39.2375
2024-05-06,0050,38.0134,39.8
2024-05-07,0050,38.2283,40.025
2024-05-08,0050,38.3716,40.175
2024-05-09,0050,38.3238,40.125
2024-05-10,0050,38.5984,40.4125
2024-05-13,0050,38.9924,40.825
2024-05-14,0050,39.2551,41.1
2024-05-15,0050,39.7923,41.6625
2024-05-16,0050,39.9833,41.8625
2024-05-17,0050,39.9356,41.8125
2024-05-20,0050,39.9236,41.8
2024-05-21,0050,39.8759,41.75
2024-05-22,0050,40.5922,42.5
2024-05-23,0050,40.9026,42.825
2024-05-24,0050,40.7355,42.65
2024-05-27,0050,41.2966,43.2375
2024-05-28,0050,41.3563,43.3
2024-05-29,0050,40.7952,42.7125
2024-05-30,0050,40.0908,41.975
2024-05-31,0050,39.6371,41.5
2024-06-03,0050,40.4848,42.3875
2024-06-04,0050,39.8401,41.7125
2024-06-05,0050,40.2221,42.1125
2024-06-06,0050,41.5951,43.55
2024-06-07,0050,41.2727,43.2125
2024-06-11,0050,41.3802,43.325
2024-06-12,0050,42.1204,44.1
2024-06-13,0050,42.7293,44.7375
2024-06-14,0050,42.98,45.0
2024-06-17,0050,42.98,45.0
2024-06-18,0050,43.6963,45.75
2024-06-19,0050,44.8783,46.9875
2024-06-20,0050,45.3081,47.4375
2024-06-21,0050,45.0335,47.15
2024-06-24,0050,43.9351,46.0
2024-06-25,0050,43.9112,45.975
2024-06-26,0050,44.2575,46.3375
2024-06-27,0050,44.2455,46.325
2024-06-28,0050,44.5201,46.6125
2024-07-01,0050,44.5559,46.65
2024-07-02,0050,44.2575,46.3375
2024-07-03,0050,44.7947,46.9
2024-07-04,0050,45.9647,48.125
2024-07-05,0050,45.7976,47.95
2024-07-08,0050,47.2422,49.4625
2024-07-09,0050,47.1944,49.4125
2024-07-10,0050,47.3616,49.5875
2024-07-11,0050,48.4122,50.6875
2024-07-12,0050,46.884,49.0875
2024-07-15,0050,46.9676,49.175
2024-07-16,0050,47.2436,49.2125
2024-07-17,0050,46.5836,48.525
2024-07-18,0050,45.7436,47.65
2024-07-19,0050,44.6996,46.5625
2024-07-22,0050,43.3676,45.175
2024-07-23,0050,44.7116,46.575
2024-07-26,0050,42.9596,44.75
2024-07-29,0050,43.3436,45.15
2024-07-30,0050,43.3436,45.15
2024-07-31,0050,43.4036,45.2125
2024-08-01,0050,44.1596,46.0
2024-08-02,0050,41.9276,43.675
2024-08-05,0050,38.0997,39.6875
2024-08-06,0050,40.1996,41.875
2024-08-07,0050,41.7956,43.5375
2024-08-08,0050,40.9316,42.6375
2024-08-09,0050,42.2036,43.9625
2024-08-12,0050,42.7316,44.5125
2024-08-13,0050,42.8396,44.625
2024-08-14,0050,43.3796,45.1875
2024-08-15,0050,43.0436,44.8375
2024-08-16,0050,44.0156,45.85
2024-08-19,0050,44.0756,45.9125
2024-08-20,0050,44.0996,45.9375
2024-08-21,0050,43.6316,45.45
2024-08-22,0050,43.4036,45.2125
2024-08-23,0050,43.4276,45.2375
2024-08-26,0050,43.4996,45.3125
2024-08-27,0050,43.3076,45.1125
2024-08-28,0050,43.9196,45.75
2024-08-29,0050,43.3196,45.125
2024-08-30,0050,43.5236,45.3375
2024-09-02,0050,43.4036,45.2125
2024-09-03,0050,43.2116,45.0125
2024-09-04,0050,41.0996,42.8125
2024-09-05,0050,41.3516,43.075
2024-09-06,0050,41.9396,43.6875
2024-09-09,0050,41.2916,43.0125
2024-09-10,0050,41.3636,43.0875
2024-09-11,0050,41.2436,42.9625
2024-09-12,0050,42.7916,44.575
2024-09-13,0050,42.8156,44.6
2024-09-16,0050,42.8996,44.6875
2024-09-18,0050,42.6836,44.4625
2024-09-19,0050,43.2356,45.0375
2024-09-20,0050,43.7876,45.6125
2024-09-23,0050,43.9796,45.8125
2024-09-24,0050,44.3996,46.25
2024-09-25,0050,45.0596,46.9375
2024-09-26,0050,45.4316,47.325
2024-09-27,0050,45.3356,47.225
2024-09-30,0050,44.1476,45.9875
2024-10-01,0050,44.0636,45.9
2024-10-04,0050,44.0636,45.9
2024-10-07,0050,45.1556,47.0375
2024-10-08,0050,44.9396,46.8125
2024-10-09,0050,45.3596,47.25
2024-10-11,0050,46.1156,48.0375
2024-10-14,0050,46.1516,48.075
2024-10-15,0050,47.1356,49.1
2024-10-16,0050,46.3196,48.25
2024-10-17,0050,46.3916,48.325
2024-10-18,0050,47.5436,49.525
2024-10-21,0050,47.5316,49.5125
2024-10-22,0050,47.3516,49.325
2024-10-23,0050,47.0396,49.0
2024-10-24,0050,46.7516,48.7
2024-10-25,0050,47.1356,49.1
2024-10-28,0050,47.0516,49.0125
2024-10-29,0050,45.9596,47.875
2024-10-30,0050,46.0316,47.95
2024-11-01,0050,45.7196,47.625
2024-11-04,0050,46.3076,48.2375
2024-11-05,0050,46.4756,48.4125
2024-11-06,0050,46.8476,48.8
2024-11-07,0050,47.3876,49.3625
2024-11-08,0050,47.7596,49.75
2024-11-11,0050,47.7836,49.775
2024-11-12,0050,46.5596,48.5
2024-11-13,0050,46.2596,48.1875
2024-11-14,0050,45.8396,47.75
2024-11-15,0050,46.1636,48.0875
2024-11-18,0050,45.5156,47.4125
2024-11-19,0050,46.1396,48.0625
2024-11-20,0050,45.9476,47.8625
2024-11-21,0050,45.4436,47.3375
2024-11-22,0050,46.3316,48.2625
2024-11-25,0050,46.1636,48.0875
2024-11-26,0050,45.5636,47.4625
2024-11-27,0050,44.9036,46.775
2024-11-28,0050,44.8316,46.7
2024-11-29,0050,44.9396,46.8125
2024-12-02,0050,46.0076,47.925
2024-12-03,0050,46.6316,48.575
2024-12-04,0050,46.9076,48.8625
2024-12-05,0050,47.1596,49.125
2024-12-06,0050,46.9796,48.9375
2024-12-09,0050,47.0396,49.0
2024-12-10,0050,46.7036,48.65
2024-12-11,0050,46.2956,48.225
2024-12-12,0050,46.8356,48.7875
2024-12-13,0050,46.8716,48.825
2024-12-16,0050,47.0636,49.025
2024-12-17,0050,47.3036,49.275
2024-12-18,0050,47.3036,49.275
2024-12-19,0050,46.6556,48.6
2024-12-20,0050,46.2236,48.15
2024-12-23,0050,47.3396,49.3125
2024-12-24,0050,47.4716,49.45
2024-12-25,0050,47.6156,49.6
2024-12-26,0050,47.5796,49.5625
2024-12-27,0050,47.7356,49.725
2024-12-30,0050,47.4716,49.45
2024-12-31,0050,46.9796,48.9375
2025-01-02,0050,46.5716,48.5125
2025-01-03,0050,47.0396,49.0
2025-01-06,0050,48.5156,50.5375
2025-01-07,0050,49.0556,51.1
2025-01-08,0050,48.3236,50.3375
2025-01-09,0050,47.7716,49.7625
2025-01-10,0050,47.7596,49.75
2025-01-13,0050,46.6556,48.6
2025-01-14,0050,46.9436,48.9
2025-01-15,0050,46.5836,48.525
2025-01-16,0050,47.5316,49.5125
2025-01-17,0050,47.7627,49.075
2025-01-20,0050,48.2494,49.575
2025-01-21,0050,48.3467,49.675
2025-01-22,0050,48.9793,50.325
2025-02-03,0050,46.8868,48.175
2025-02-04,0050,47.1666,48.4625
2025-02-05,0050,47.8844,49.2
2025-02-06,0050,48.0912,49.4125
2025-02-07,0050,48.3102,49.6375
2025-02-10,0050,47.7627,49.075
2025-02-11,0050,48.0547,49.375
2025-02-12,0050,47.9817,49.3
2025-02-13,0050,47.7749,49.0875
2025-02-14,0050,47.2031,48.5
2025-02-17,0050,47.9209,49.2375
2025-02-18,0050,48.0912,49.4125
2025-02-19,0050,48.006,49.325
2025-02-20,0050,47.8236,49.1375
2025-02-21,0050,48.1642,49.4875
2025-02-24,0050,47.7384,49.05
2025-02-25,0050,47.1179,48.4125
2025-02-26,0050,47.3734,48.675
2025-02-27,0050,46.8381,48.125
2025-03-03,0050,45.7554,47.0125
2025-03-04,0050,45.4512,46.7
2025-03-05,0050,46.0474,47.3125
2025-03-06,0050,45.7676,47.025
2025-03-07,0050,45.3417,46.5875
2025-03-10,0050,45.0741,46.3125
2025-03-11,0050,44.2833,45.5
2025-03-12,0050,44.478,45.7
2025-03-13,0050,44.0643,45.275
2025-03-14,0050,43.9184,45.125
2025-03-17,0050,44.2955,45.5125
2025-03-18,0050,44.478,45.7
2025-03-19,0050,43.9305,45.1375
2025-03-20,0050,44.8794,46.1125
2025-03-21,0050,44.5145,45.7375
2025-03-24,0050,44.4658,45.6875
2025-03-25,0050,44.9281,46.1625
2025-03-26,0050,44.8916,46.125
2025-03-27,0050,44.04,45.25
2025-03-28,0050,43.602,44.8
2025-03-31,0050,42.0327,43.1875
2025-04-01,0050,42.8964,44.075
2025-04-02,0050,42.8234,44.0
2025-04-07,0050,38.5411,39.6
2025-04-08,0050,37.288,38.3125
2025-04-09,0050,35.5726,36.55
2025-04-10,0050,39.125,40.2
2025-04-11,0050,40.0375,41.1375
2025-04-14,0050,39.8307,40.925
2025-04-15,0050,40.2321,41.3375
2025-04-16,0050,39.5022,40.5875
2025-04-17,0050,39.0642,40.1375
2025-04-18,0050,39.1494,40.225
2025-04-21,0050,38.5898,39.65
2025-04-22,0050,37.945,38.9875
2025-04-23,0050,39.6238,40.7125
2025-04-24,0050,39.3927,40.475
2025-04-25,0050,40.3295,41.4375
2025-04-28,0050,40.6701,41.7875
2025-04-29,0050,40.8283,41.95
2025-04-30,0050,41.0229,42.15
2025-05-02,0050,42.2151,43.375
2025-05-05,0050,41.838,42.9875
2025-05-06,0050,41.6069,42.75
2025-05-07,0050,41.4487,42.5875
2025-05-08,0050,41.9962,43.15
2025-05-09,0050,42.5193,43.6875
2025-05-12,0050,42.9938,44.175
2025-05-13,0050,43.5169,44.7125
2025-05-14,0050,44.5023,45.725
2025-05-15,0050,44.405,45.625
2025-05-16,0050,44.5266,45.75
2025-05-19,0050,43.9062,45.1125
2025-05-20,0050,43.9913,45.2
2025-05-21,0050,44.6726,45.9
2025-05-22,0050,44.186,45.4
2025-05-23,0050,44.0035,45.2125
2025-05-26,0050,43.9549,45.1625
2025-05-27,0050,43.5656,44.7625
2025-05-28,0050,43.6385,44.8375
2025-05-29,0050,43.7359,44.9375
2025-06-02,0050,42.7991,43.975
2025-06-03,0050,43.1032,44.2875
2025-06-04,0050,44.113,45.325
2025-06-05,0050,44.1982,45.4125
2025-06-06,0050,44.2712,45.4875
2025-06-09,0050,44.697,45.925
2025-06-10,0050,45.9014,47.1625
2025-06-11,0050,45.9014,47.1625
2025-06-12,0050,45.9014,47.1625
2025-06-13,0050,45.9014,47.1625
2025-06-16,0050,45.9014,47.1625
2025-06-17,0050,45.9014,47.1625
2025-06-18,0050,46.298,47.57
2025-06-19,0050,45.8405,47.1
2025-06-20,0050,45.7724,47.03
2025-06-23,0050,45.3928,46.64
2025-06-24,0050,46.2201,47.49
2025-06-25,0050,46.8917,48.18
2025-06-26,0050,46.9501,48.24
2025-06-27,0050,46.9987,48.29
2025-06-30,0050,47.0668,48.36
2025-07-01,0050,47.3394,48.64
2025-07-02,0050,47.3491,48.65
2025-07-03,0050,48.0012,49.32
2025-07-04,0050,47.5535,48.86
2025-07-07,0050,47.2712,48.57
2025-07-08,0050,47.0571,48.35
2025-07-09,0050,47.5437,48.85
2025-07-10,0050,48.0888,49.41
2025-07-11,0050,48.2932,49.62
2025-07-14,0050,48.0109,49.33
2025-07-15,0050,48.663,50.0
2025-07-16,0050,49.0523,50.4
2025-07-17,0050,49.3443,50.7
2025-07-18,0050,50.0742,51.45
2025-07-21,0050,49.888,50.9
2025-07-22,0050,49.545,50.55
2025-07-23,0050,49.692,50.7
2025-07-24,0050,49.986,51.0
2025-07-25,0050,49.888,50.9
2025-07-28,0050,50.035,51.05
2025-07-29,0050,49.4469,50.45
2025-07-30,0050,49.986,51.0
2025-07-31,0050,50.5251,51.55
2025-08-01,0050,50.084,51.1
2025-08-04,0050,49.79,50.8
2025-08-05,0050,50.4271,51.45
2025-08-06,0050,49.986,51.0
2025-08-07,0050,51.4072,52.45
2025-08-08,0050,51.4072,52.45
2025-08-11,0050,51.7992,52.85
2025-08-12,0050,51.8482,52.9
2025-08-13,0050,52.2893,53.35
2025-08-14,0050,52.0933,53.15
2025-08-15,0050,52.0933,53.15
2025-08-18,0050,52.2403,53.3
2025-08-19,0050,52.1423,53.2
2025-08-20,0050,50.6721,51.7
2025-08-21,0050,50.9661,52.0
2025-08-22,0050,50.7211,51.75
2025-08-25,0050,51.6522,52.7
2025-08-26,0050,51.7012,52.75
2025-08-27,0050,51.9463,53.0
2025-08-28,0050,51.4562,52.5
2025-08-29,0050,51.4562,52.5
2025-09-01,0050,50.9661,52.0
2025-09-02,0050,50.9661,52.0
2025-09-03,0050,50.9171,51.95
2025-09-04,0050,51.2602,52.3
2025-09-05,0050,51.7992,52.85
2025-09-08,0050,52.2893,53.35
2025-09-09,0050,52.8284,53.9
2025-09-10,0050,53.8575,54.95
2025-09-11,0050,54.3475,55.45
2025-09-12,0050,54.8866,56.0
2025-09-15,0050,54.8866,56.0
2025-09-16,0050,55.6217,56.75
2025-09-17,0050,55.2296,56.35
2025-09-18,0050,55.8177,56.95
2025-09-19,0050,55.8667,57.0
2025-09-22,0050,56.2588,57.4
2025-09-23,0050,57.2879,58.45
2025-09-24,0050,57.2389,58.4
2025-09-25,0050,57.0429,58.2
2025-09-26,0050,56.1118,57.25
2025-09-30,0050,56.6508,57.8
2025-10-01,0050,56.9449,58.1
2025-10-02,0050,58.023,59.2
2025-10-03,0050,58.8561,60.05
2025-10-07,0050,60.4733,61.7
2025-10-08,0050,59.9342,61.15
2025-10-09,0050,60.3753,61.6
2025-10-13,0050,59.7872,61.0
2025-10-14,0050,59.4932,60.7
2025-10-15,0050,60.5713,61.8
2025-10-16,0050,61.7474,63.0
2025-10-17,0050,60.8163,62.05
2025-10-20,0050,61.8454,63.1
2025-10-21,0050,61.9435,63.2
2025-10-22,0050,61.4534,62.7
2025-10-23,0050,61.1104,62.35
2025-10-27,0050,62.5315,63.8
2025-10-28,0050,62.0905,63.35
2025-10-29,0050,63.1196,64.4
2025-10-30,0050,63.1196,64.4
2025-10-31,0050,63.4626,64.75
2025-11-03,0050,62.8746,64.15
2025-11-04,0050,62.6785,63.95
2025-11-05,0050,61.8945,63.15
2025-11-06,0050,62.0415,63.3
2025-11-07,0050,61.3064,62.55
2025-11-10,0050,62.0905,63.35
2025-11-11,0050,61.6494,62.9
2025-11-12,0050,61.9435,63.2
2025-11-13,0050,61.6494,62.9
2025-11-14,0050,60.4733,61.7
2025-11-17,0050,60.6693,61.9
2025-11-18,0050,59.2481,60.45
2025-11-19,0050,58.8561,60.05
2025-11-20,0050,60.6693,61.9
2025-11-21,0050,58.6601,59.85
2025-11-24,0050,58.366,59.55
2025-11-25,0050,59.1501,60.35
2025-11-26,0050,60.1302,61.35
2025-11-27,0050,60.6693,61.9
2025-11-28,0050,61.1104,62.35
2025-12-01,0050,60.2773,61.5
2025-12-02,0050,60.4733,61.7
2025-12-03,0050,61.0613,62.3
2025-12-04,0050,60.9633,62.2
2025-12-05,0050,61.5024,62.75
2025-12-08,0050,62.4335,63.7
2025-12-09,0050,62.3355,63.6
2025-12-10,0050,62.7766,64.05
2025-12-11,0050,62.0905,63.35
2025-12-12,0050,62.1885,63.45
2025-12-15,0050,61.5514,62.8
2025-12-16,0050,61.0123,62.25
2025-12-17,0050,60.6693,61.9
2025-12-18,0050,60.6693,61.9
2025-12-19,0050,61.2574,62.5
2025-12-22,0050,62.1395,63.4
2025-12-23,0050,62.4335,63.7
2025-12-24,0050,62.5805,63.85
2025-12-26,0050,63.1196,64.4
2025-12-29,0050,63.9527,65.25
2025-12-30,0050,63.8547,65.15
2025-12-31,0050,64.2957,65.6
2026-01-02,0050,65.6189,66.95
2026-01-05,0050,68.1182,69.5
2026-01-06,0050,69.0003,70.4
2026-01-07,0050,68.4612,69.85
2026-01-08,0050,68.7063,70.1
2026-01-09,0050,68.4612,69.85
2026-01-12,0050,68.9513,70.35
2026-01-13,0050,69.2943,70.7
2026-01-14,0050,69.3433,70.75
2026-01-15,0050,69.2453,70.65
2026-01-16,0050,70.5685,72.0
2026-01-19,0050,71.1566,72.6
2026-01-20,0050,71.1566,72.6
2026-01-21,0050,70.4215,71.85
2026-01-22,0050,71.3657,71.8
2026-01-23,0050,71.813,72.25
2026-01-26,0050,71.813,72.25
2026-01-27,0050,72.6082,73.05
2026-01-28,0050,73.7512,74.2
2026-01-29,0050,73.3039,73.75
2026-01-30,0050,72.1609,72.6
2026-02-02,0050,71.0675,71.5
2026-02-03,0050,72.5088,72.95
2026-02-04,0050,72.4591,72.9
2026-02-05,0050,71.5645,72.0
2026-02-06,0050,71.4651,71.9
2026-02-09,0050,73.5027,73.95
2026-02-10,0050,75.0434,75.5
2026-02-11,0050,76.7331,77.2
2026-02-23,0050,76.9319,77.4
2026-02-24,0050,78.9198,79.4
2026-02-25,0050,80.6095,81.1
2026-02-26,0050,80.6592,81.15
2026-03-02,0050,79.864,80.35
2026-03-03,0050,78.2737,78.75
2026-03-04,0050,75.1427,75.6
2026-03-05,0050,76.9319,77.4
2026-03-06,0050,76.3852,76.85
2026-03-09,0050,73.1548,73.6
2026-03-10,0050,74.7452,75.2
2026-03-11,0050,77.727,78.2
2026-03-12,0050,76.1367,76.6
2026-03-13,0050,75.4906,75.95
2026-03-16,0050,75.1427,75.6
2026-03-17,0050,76.1864,76.65
2026-03-18,0050,77.3294,77.8
2026-03-19,0050,75.5403,76.0
2026-03-20,0050,75.4409,75.9
2026-03-23,0050,73.8009,74.25
2026-03-24,0050,73.95,74.4
2026-03-25,0050,75.7391,76.2
2026-03-26,0050,75.3415,75.8
2026-03-27,0050,74.5464,75.0
2026-03-30,0050,73.453,73.9
2026-03-31,0050,71.9124,72.35
2026-04-01,0050,74.9936,75.45
2026-04-02,0050,73.5027,73.95
2026-04-07,0050,74.8446,75.3
2026-04-08,0050,78.721,79.2
2026-04-09,0050,78.6713,79.15
2026-04-10,0050,80.2616,80.75
2026-04-13,0050,80.1125,80.6
2026-04-14,0050,82.5974,83.1
2026-04-15,0050,83.641,84.15
2026-04-16,0050,84.4859,85.0
2026-04-17,0050,83.641,84.15
2026-04-20,0050,84.0386,84.55
2026-04-21,0050,85.4798,86.0
2026-04-22,0050,85.8277,86.35
2026-04-23,0050,85.8277,86.35
2026-04-24,0050,89.4059,89.95
2026-04-27,0050,92.4375,93.0
2026-04-28,0050,91.4436,92.0
2026-04-29,0050,90.2011,90.75
2026-04-30,0050,89.9526,90.5
2026-05-04,0050,94.0278,94.6
2026-05-05,0050,94.0278,94.6
2026-05-06,0050,95.1709,95.75
2026-05-07,0050,97.1091,97.7
2026-05-08,0050,96.4133,97.0
2026-05-11,0050,96.3139,96.9
2026-05-12,0050,96.2642,96.85
2026-05-13,0050,94.9224,95.5
2026-05-14,0050,95.4691,96.05
2026-05-15,0050,94.823,95.4
2026-05-18,0050,94.326,94.9
2026-05-19,0050,92.5369,93.1
2026-05-20,0050,91.9405,92.5
2026-05-21,0050,95.2703,95.85
2026-05-22,0050,96.7115,97.3
2026-05-25,0050,100.1903,100.8
2026-05-26,0050,99.4946,100.1
2026-05-27,0050,101.9297,102.55
2026-05-28,0050,99.8921,100.5
2026-05-29,0050,104.7625,105.4
2026-06-01,0050,104.8619,105.5
2026-06-02,0050,105.0607,105.7
2026-06-03,0050,106.9492,107.6
2026-06-04,0050,105.4583,106.1
2026-06-05,0050,103.5201,104.15
2026-06-08,0050,100.3394,100.95
2026-06-09,0050,102.874,103.5
2026-06-10,0050,99.6436,100.25
2026-06-11,0050,99.2461,99.85
2026-06-12,0050,101.3334,101.95
2026-06-15,0050,104.6134,105.25
2026-06-16,0050,105.2595,105.9
2026-06-17,0050,105.3589,106.0
2026-06-18,0050,106.651,107.3
2026-06-22,0050,110.4777,111.15
2026-06-23,0050,109.4341,110.1
2026-06-24,0050,106.5019,107.15
2026-06-25,0050,106.5516,107.2
2026-06-26,0050,102.4764,103.1
2026-06-29,0050,103.8182,104.45
2026-06-30,0050,107.148,107.8
2026-07-01,0050,108.6886,109.35
2026-07-02,0050,108.1419,108.8
2026-07-03,0050,107.6947,108.35
2026-07-06,0050,107.5953,108.25
2026-07-07,0050,105.5577,106.2
2026-07-08,0050,105.4086,106.05
2026-07-09,0050,105.1601,105.8
2026-07-10,0050,105.1601,105.8
2026-07-13,0050,105.3589,106.0
2026-07-14,0050,103.7685,104.4
2026-07-15,0050,105.6571,106.3
2026-07-16,0050,105.7565,106.4
2026-07-17,0050,99.5443,100.15
2026-07-20,0050,98.6,99.2
2026-07-21,0050,102.5,102.5
2026-07-22,0050,103.85,103.85
2026-07-23,0050,103.9,103.9
2026-07-24,0050,101.7,101.7
2026-07-27,0050,101.45,101.45
2026-07-28,0050,97.15,97.15
2026-07-29,0050,93.7,93.7
2026-07-30,0050,93.5,93.5
2026-07-31,0050,102.85,102.85
2026-08-03,0050,102.0,102.0
2026-08-04,0050,100.65,100.65
2026-08-05,0050,103.8,103.8
2026-08-06,0050,103.3,103.3
2026-08-07,0050,102.85,102.85
2026-08-10,0050,104.25,104.25
2026-08-11,0050,104.6,104.6
2026-08-12,0050,105.2,105.2
2026-08-13,0050,106.7,106.7
2026-08-14,0050,106.4,106.4
2026-08-17,0050,106.45,106.45
2026-08-18,0050,104.9,104.9
2026-08-19,0050,103.1,103.1
2026-08-20,0050,103.8,103.8
2026-08-21,0050,104.65,104.65
2026-08-24,0050,103.8,103.8
2026-08-25,0050,104.4,104.4
2026-08-26,0050,105.9,105.9
2026-08-27,0050,106.05,106.05
2026-08-28,0050,106.95,106.95
2026-08-31,0050,106.25,106.25
2026-09-01,0050,108.45,108.45
2026-09-02,0050,106.8,106.8
2026-09-03,0050,106.2,106.2
2026-09-04,0050,107.9,107.9
2026-09-07,0050,109.9,109.9
2026-09-08,0050,109.65,109.65
2026-09-09,0050,109.65,109.65
2026-09-10,0050,109.15,109.15
2026-09-11,0050,107.7,107.7
2026-09-14,0050,106.9,106.9
2026-09-15,0050,106.25,106.25
2026-09-16,0050,106.9,106.9
2026-09-17,0050,108.05,108.05
2026-09-18,0050,109.85,109.85
2026-09-21,0050,111.35,111.35
2026-09-22,0050,111.85,111.85
2026-09-23,0050,112.45,112.45
2026-09-24,0050,112.4,112.4
2026-09-29,0050,111.3,111.3
2026-09-30,0050,112.05,112.05
2026-10-01,0050,112.9,112.9
2026-10-02,0050,112.8,112.8
2026-10-05,0050,115.95,115.95
2026-10-06,0050,116.5,116.5
2026-10-07,0050,,
2020-10-07,2330,398.1239,443.0
2020-10-08,2330,407.1108,453.0
2020-10-12,2330,413.4018,460.0
2020-10-13,2330,415.1992,462.0
2020-10-14,2330,412.503,459.0
2020-10-15,2330,407.1108,453.0
2020-10-16,2330,403.5161,449.0
2020-10-19,2330,411.155,457.5
2020-10-20,2330,405.3135,451.0
2020-10-21,2330,407.1108,453.0
2020-10-22,2330,408.9083,455.0
2020-10-23,2330,406.2122,452.0
2020-10-26,2330,404.4149,450.0
2020-10-27,2330,401.7187,447.0
2020-10-28,2330,399.0226,444.0
2020-10-29,2330,392.7317,437.0
2020-10-30,2330,388.2382,432.0
2020-11-02,2330,391.3836,435.5
2020-11-03,2330,396.3265,441.0
2020-11-04,2330,404.4149,450.0
2020-11-05,2330,405.3135,451.0
2020-11-06,2330,406.6616,452.5
2020-11-09,2330,412.0538,458.5
2020-11-10,2330,405.3135,451.0
2020-11-11,2330,410.7057,457.0
2020-11-12,2330,411.6045,458.0
2020-11-13,2330,415.1992,462.0
2020-11-16,2330,434.9706,484.0
2020-11-17,2330,436.3187,485.5
2020-11-18,2330,446.6537,497.0
2020-11-19,2330,440.3628,490.0
2020-11-20,2330,438.5654,488.0
2020-11-23,2330,446.2043,496.5
2020-11-24,2330,442.1601,492.0
2020-11-25,2330,437.6667,487.0
2020-11-26,2330,439.4642,489.0
2020-11-27,2330,439.4642,489.0
2020-11-30,2330,431.825,480.5
2020-12-01,2330,440.3628,490.0
2020-12-02,2330,448.451,499.0
2020-12-03,2330,446.6537,497.0
2020-12-04,2330,452.0459,503.0
2020-12-07,2330,461.9316,514.0
2020-12-08,2330,470.9186,524.0
2020-12-09,2330,467.3238,520.0
2020-12-10,2330,460.1341,512.0
2020-12-11,2330,463.729,516.0
2020-12-14,2330,456.5393,508.0
2020-12-15,2330,452.9446,504.0
2020-12-16,2330,460.1341,512.0
2020-12-17,2330,458.7795,508.0
2020-12-18,2330,460.5857,510.0
2020-12-21,2330,466.0044,516.0
2020-12-22,2330,459.6826,509.0
2020-12-23,2330,459.6826,509.0
2020-12-24,2330,460.5857,510.0
2020-12-25,2330,461.4888,511.0
2020-12-28,2330,465.1013,515.0
2020-12-29,2330,465.1013,515.0
2020-12-30,2330,474.1324,525.0
2020-12-31,2330,478.6479,530.0
2021-01-04,2330,484.0665,536.0
2021-01-05,2330,489.4852,542.0
2021-01-06,2330,495.807,549.0
2021-01-07,2330,510.2567,565.0
2021-01-08,2330,523.8032,580.0
2021-01-11,2330,527.4157,584.0
2021-01-12,2330,533.7377,591.0
2021-01-13,2330,546.381,605.0
2021-01-14,2330,534.6407,592.0
2021-01-15,2330,542.7687,601.0
2021-01-18,2330,548.1873,607.0
2021-01-19,2330,566.2493,627.0
2021-01-20,2330,584.3116,647.0
2021-01-21,2330,607.7924,673.0
2021-01-22,2330,586.1177,649.0
2021-01-25,2330,571.668,633.0
2021-01-26,2330,557.2184,617.0
2021-01-27,2330,555.4122,615.0
2021-01-28,2330,542.7687,601.0
2021-01-29,2330,533.7377,591.0
2021-02-01,2330,551.7996,611.0
2021-02-02,2330,570.765,632.0
2021-02-03,2330,568.9587,630.0
2021-02-04,2330,566.2493,627.0
2021-02-05,2330,570.765,632.0
2021-02-17,2330,598.7615,663.0
2021-02-18,2330,596.0521,660.0
2021-02-19,2330,588.8272,652.0
2021-02-22,2330,587.0209,650.0
2021-02-23,2330,578.8931,641.0
2021-02-24,2330,564.4434,625.0
2021-02-25,2330,573.4744,635.0
2021-02-26,2330,547.2842,606.0
2021-03-02,2330,549.9935,609.0
2021-03-03,2330,561.7339,622.0
2021-03-04,2330,542.7687,601.0
2021-03-05,2330,542.7687,601.0
2021-03-08,2330,540.0593,598.0
2021-03-09,2330,537.3499,595.0
2021-03-10,2330,539.1561,597.0
2021-03-11,2330,549.9935,609.0
2021-03-12,2330,554.509,614.0
2021-03-15,2330,551.7996,611.0
2021-03-16,2330,553.606,613.0
2021-03-17,2330,547.7118,604.0
2021-03-18,2330,545.8981,602.0
2021-03-19,2330,535.9232,591.0
2021-03-22,2330,537.7369,593.0
2021-03-23,2330,538.6436,594.0
2021-03-24,2330,522.3211,576.0
2021-03-25,2330,521.4145,575.0
2021-03-26,2330,535.0165,590.0
2021-03-29,2330,543.1776,599.0
2021-03-30,2330,541.3639,597.0
2021-03-31,2330,532.296,587.0
2021-04-01,2330,545.8981,602.0
2021-04-07,2330,553.1525,610.0
2021-04-08,2330,555.873,613.0
2021-04-09,2330,553.1525,610.0
2021-04-12,2330,548.6185,605.0
2021-04-13,2330,548.6185,605.0
2021-04-14,2330,554.9662,612.0
2021-04-15,2330,561.3139,619.0
2021-04-16,2330,553.1525,610.0
2021-04-19,2330,546.8049,603.0
2021-04-20,2330,545.8981,602.0
2021-04-21,2330,536.8301,592.0
2021-04-22,2330,535.9232,591.0
2021-04-23,2330,545.8981,602.0
2021-04-26,2330,553.1525,610.0
2021-04-27,2330,553.1525,610.0
2021-04-28,2330,545.8981,602.0
2021-04-29,2330,544.0844,600.0
2021-05-03,2330,533.2027,588.0
2021-05-04,2330,535.9232,591.0
2021-05-05,2330,530.4825,585.0
2021-05-06,2330,532.296,587.0
2021-05-07,2330,543.1776,599.0
2021-05-10,2330,534.1094,589.0
2021-05-11,2330,517.7872,571.0
2021-05-12,2330,507.8121,560.0
2021-05-13,2330,496.0237,547.0
2021-05-14,2330,505.0918,557.0
2021-05-17,2330,497.8373,549.0
2021-05-18,2330,518.694,572.0
2021-05-19,2330,514.16,567.0
2021-05-20,2330,514.16,567.0
2021-05-21,2330,519.6005,573.0
2021-05-24,2330,515.0667,568.0
2021-05-25,2330,528.6688,583.0
2021-05-26,2330,530.4825,585.0
2021-05-27,2330,527.7621,582.0
2021-05-28,2330,535.0165,590.0
2021-05-31,2330,541.3639,597.0
2021-06-01,2330,542.2709,598.0
2021-06-02,2330,539.5504,595.0
2021-06-03,2330,540.4572,596.0
2021-06-04,2330,539.5504,595.0
2021-06-07,2330,536.8301,592.0
2021-06-08,2330,534.1094,589.0
2021-06-09,2330,531.3892,586.0
2021-06-10,2330,543.1776,599.0
2021-06-11,2330,545.8981,602.0
2021-06-15,2330,552.2458,609.0
2021-06-16,2330,548.6185,605.0
2021-06-17,2330,551.8056,606.0
2021-06-18,2330,549.0737,603.0
2021-06-21,2330,530.8625,583.0
2021-06-22,2330,526.3094,578.0
2021-06-23,2330,541.7893,595.0
2021-06-24,2330,537.2364,590.0
2021-06-25,2330,538.147,591.0
2021-06-28,2330,537.2364,590.0
2021-06-29,2330,541.7893,595.0
2021-06-30,2330,541.7893,595.0
2021-07-01,2330,539.9681,593.0
2021-07-02,2330,535.4152,588.0
2021-07-05,2330,538.147,591.0
2021-07-06,2330,539.0576,592.0
2021-07-07,2330,540.8787,594.0
2021-07-08,2330,535.4152,588.0
2021-07-09,2330,531.7731,584.0
2021-07-12,2330,539.9681,593.0
2021-07-13,2330,552.7161,607.0
2021-07-14,2330,558.1796,613.0
2021-07-15,2330,559.09,614.0
2021-07-16,2330,536.3259,589.0
2021-07-19,2330,529.9518,582.0
2021-07-20,2330,529.0413,581.0
2021-07-21,2330,532.6835,585.0
2021-07-22,2330,538.147,591.0
2021-07-23,2330,532.6835,585.0
2021-07-26,2330,528.1306,580.0
2021-07-27,2330,528.1306,580.0
2021-07-28,2330,527.2201,579.0
2021-07-29,2330,530.8625,583.0
2021-07-30,2330,528.1306,580.0
2021-08-02,2330,537.2364,590.0
2021-08-03,2330,540.8787,594.0
2021-08-04,2330,542.6999,596.0
2021-08-05,2330,542.6999,596.0
2021-08-06,2330,538.147,591.0
2021-08-09,2330,541.7893,595.0
2021-08-10,2330,538.147,591.0
2021-08-11,2330,537.2364,590.0
2021-08-12,2330,533.5941,586.0
2021-08-13,2330,529.0413,581.0
2021-08-16,2330,531.7731,584.0
2021-08-17,2330,531.7731,584.0
2021-08-18,2330,522.6672,574.0
2021-08-19,2330,509.0087,559.0
2021-08-20,2330,502.6347,552.0
2021-08-23,2330,515.3828,566.0
2021-08-24,2330,520.8461,572.0
2021-08-25,2330,532.6835,585.0
2021-08-26,2330,540.8787,594.0
2021-08-27,2330,545.4315,599.0
2021-08-30,2330,550.895,605.0
2021-08-31,2330,559.09,614.0
2021-09-01,2330,558.1796,613.0
2021-09-02,2330,552.7161,607.0
2021-09-03,2330,564.5533,620.0
2021-09-06,2330,574.5698,631.0
2021-09-07,2330,567.285,623.0
2021-09-08,2330,563.643,619.0
2021-09-09,2330,563.643,619.0
2021-09-10,2330,566.3747,622.0
2021-09-13,2330,560.0007,615.0
2021-09-14,2330,558.1796,613.0
2021-09-15,2330,552.7161,607.0
2021-09-16,2330,548.8285,600.0
2021-09-17,2330,548.8285,600.0
2021-09-22,2330,536.0226,586.0
2021-09-23,2330,537.8519,588.0
2021-09-24,2330,546.9991,598.0
2021-09-27,2330,550.658,602.0
2021-09-28,2330,543.3403,594.0
2021-09-29,2330,530.5342,580.0
2021-09-30,2330,530.5342,580.0
2021-10-01,2330,525.0459,574.0
2021-10-04,2330,523.2166,572.0
2021-10-05,2330,523.2166,572.0
2021-10-06,2330,522.3019,571.0
2021-10-07,2330,530.5342,580.0
2021-10-08,2330,525.9607,575.0
2021-10-12,2330,525.9607,575.0
2021-10-13,2330,522.3019,571.0
2021-10-14,2330,524.1313,573.0
2021-10-15,2330,548.8285,600.0
2021-10-18,2330,539.6814,590.0
2021-10-19,2330,548.8285,600.0
2021-10-20,2330,546.9991,598.0
2021-10-21,2330,545.1698,596.0
2021-10-22,2330,548.8285,600.0
2021-10-25,2330,542.4256,593.0
2021-10-26,2330,547.9139,599.0
2021-10-27,2330,547.9139,599.0
2021-10-28,2330,544.255,595.0
2021-10-29,2330,539.6814,590.0
2021-11-01,2330,539.6814,590.0
2021-11-02,2330,541.511,592.0
2021-11-03,2330,541.511,592.0
2021-11-04,2330,536.9373,587.0
2021-11-05,2330,548.8285,600.0
2021-11-08,2330,550.658,602.0
2021-11-09,2330,558.8906,611.0
2021-11-10,2330,559.8051,612.0
2021-11-11,2330,554.317,606.0
2021-11-12,2330,552.4875,604.0
2021-11-15,2330,556.1462,608.0
2021-11-16,2330,557.9756,610.0
2021-11-17,2330,557.9756,610.0
2021-11-18,2330,560.7199,613.0
2021-11-19,2330,565.2935,618.0
2021-11-22,2330,562.5493,615.0
2021-11-23,2330,559.8051,612.0
2021-11-24,2330,551.5726,603.0
2021-11-25,2330,551.5726,603.0
2021-11-26,2330,545.1698,596.0
2021-11-29,2330,542.4256,593.0
2021-11-30,2330,545.1698,596.0
2021-12-01,2330,548.8285,600.0
2021-12-02,2330,562.5493,615.0
2021-12-03,2330,556.1462,608.0
2021-12-06,2330,548.8285,600.0
2021-12-07,2330,555.2316,607.0
2021-12-08,2330,550.658,602.0
2021-12-09,2330,556.1462,608.0
2021-12-10,2330,553.4022,605.0
2021-12-13,2330,549.7433,601.0
2021-12-14,2330,547.9139,599.0
2021-12-15,2330,548.8285,600.0
2021-12-16,2330,555.9503,605.0
2021-12-17,2330,557.788,607.0
2021-12-20,2330,549.5177,598.0
2021-12-21,2330,548.5988,597.0
2021-12-22,2330,551.3556,600.0
2021-12-23,2330,556.8692,606.0
2021-12-24,2330,555.0314,604.0
2021-12-27,2330,556.8692,606.0
2021-12-28,2330,565.1396,615.0
2021-12-29,2330,566.0585,616.0
2021-12-30,2330,565.1396,615.0
2022-01-03,2330,579.8424,631.0
2022-01-04,2330,602.8155,656.0
2022-01-05,2330,597.3019,650.0
2022-01-06,2330,591.7886,644.0
2022-01-07,2330,582.5992,634.0
2022-01-10,2330,590.8694,643.0
2022-01-11,2330,598.221,651.0
2022-01-12,2330,606.4911,660.0
2022-01-13,2330,607.4102,661.0
2022-01-14,2330,617.5184,672.0
2022-01-17,2330,627.6265,683.0
2022-01-18,2330,608.3289,662.0
2022-01-19,2330,600.9777,654.0
2022-01-20,2330,598.221,651.0
2022-01-21,2330,589.0317,641.0
2022-01-24,2330,600.0587,653.0
2022-01-25,2330,589.0317,641.0
2022-01-26,2330,584.437,636.0
2022-02-07,2330,583.5181,635.0
2022-02-08,2330,577.0856,628.0
2022-02-09,2330,581.68,633.0
2022-02-10,2330,596.3829,649.0
2022-02-11,2330,597.3019,650.0
2022-02-14,2330,585.3559,637.0
2022-02-15,2330,581.68,633.0
2022-02-16,2330,593.6262,646.0
2022-02-17,2330,592.7072,645.0
2022-02-18,2330,585.3559,637.0
2022-02-21,2330,580.7614,632.0
2022-02-22,2330,576.1666,627.0
2022-02-23,2330,574.3287,625.0
2022-02-24,2330,555.0314,604.0
2022-02-25,2330,555.0314,604.0
2022-03-01,2330,555.0314,604.0
2022-03-02,2330,552.2746,601.0
2022-03-03,2330,553.1935,602.0
2022-03-04,2330,546.7609,595.0
2022-03-07,2330,529.3014,576.0
2022-03-08,2330,517.3554,563.0
2022-03-09,2330,521.9499,568.0
2022-03-10,2330,539.4095,587.0
2022-03-11,2330,528.3823,575.0
2022-03-14,2330,525.6257,572.0
2022-03-15,2330,512.7608,558.0
2022-03-16,2330,515.3004,558.0
2022-03-17,2330,537.4637,582.0
2022-03-18,2330,536.5403,581.0
2022-03-21,2330,541.1577,586.0
2022-03-22,2330,538.3871,583.0
2022-03-23,2330,544.8514,590.0
2022-03-24,2330,545.775,591.0
2022-03-25,2330,552.2393,598.0
2022-03-28,2330,539.3107,584.0
2022-03-29,2330,543.9283,589.0
2022-03-30,2330,554.0862,600.0
2022-03-31,2330,551.316,597.0
2022-04-01,2330,543.9283,589.0
2022-04-06,2330,533.7698,578.0
2022-04-07,2330,522.6881,566.0
2022-04-08,2330,523.6115,567.0
2022-04-11,2330,515.3004,558.0
2022-04-12,2330,514.3768,557.0
2022-04-13,2330,529.1523,573.0
2022-04-14,2330,529.1523,573.0
2022-04-15,2330,518.9943,562.0
2022-04-18,2330,518.0707,561.0
2022-04-19,2330,521.7646,565.0
2022-04-20,2330,526.3821,570.0
2022-04-21,2330,521.7646,565.0
2022-04-22,2330,515.3004,558.0
2022-04-25,2330,505.1421,547.0
2022-04-26,2330,504.2186,546.0
2022-04-27,2330,485.7491,526.0
2022-04-28,2330,490.3664,531.0
2022-04-29,2330,496.8308,538.0
2022-05-03,2330,490.3664,531.0
2022-05-04,2330,493.1369,534.0
2022-05-05,2330,500.5246,542.0
2022-05-06,2330,487.5959,528.0
2022-05-09,2330,480.2081,520.0
2022-05-10,2330,478.3612,518.0
2022-05-11,2330,481.1317,521.0
2022-05-12,2330,466.356,505.0
2022-05-13,2330,471.8969,511.0
2022-05-16,2330,480.2081,520.0
2022-05-17,2330,489.4428,530.0
2022-05-18,2330,496.8308,538.0
2022-05-19,2330,482.055,522.0
2022-05-20,2330,489.4428,530.0
2022-05-23,2330,487.5959,528.0
2022-05-24,2330,480.2081,520.0
2022-05-25,2330,483.9021,524.0
2022-05-26,2330,474.6673,514.0
2022-05-27,2330,489.4428,530.0
2022-05-30,2330,505.1421,547.0
2022-05-31,2330,517.1472,560.0
2022-06-01,2330,506.989,549.0
2022-06-02,2330,498.6778,540.0
2022-06-06,2330,498.6778,540.0
2022-06-07,2330,494.0602,535.0
2022-06-08,2330,502.3718,544.0
2022-06-09,2330,499.6012,541.0
2022-06-10,2330,489.4428,530.0
2022-06-13,2330,476.5143,516.0
2022-06-14,2330,473.7438,513.0
2022-06-15,2330,470.0499,509.0
2022-06-16,2330,471.6747,508.0
2022-06-17,2330,465.1753,501.0
2022-06-20,2330,462.3898,498.0
2022-06-21,2330,468.8893,505.0
2022-06-22,2330,459.14,494.5
2022-06-23,2330,450.7837,485.5
2022-06-24,2330,451.7121,486.5
2022-06-27,2330,462.8541,498.5
2022-06-28,2330,461.9256,497.5
2022-06-29,2330,455.8904,491.0
2022-06-30,2330,441.963,476.0
2022-07-01,2330,421.0719,453.5
2022-07-04,2330,408.5372,440.0
2022-07-05,2330,414.1082,446.0
2022-07-06,2330,404.359,435.5
2022-07-07,2330,424.7858,457.5
2022-07-08,2330,433.6065,467.0
2022-07-11,2330,428.9641,462.0
2022-07-12,2330,417.3579,449.5
2022-07-13,2330,436.8562,470.5
2022-07-14,2330,441.0345,475.0
2022-07-15,2330,457.2831,492.5
2022-07-18,2330,460.0686,495.5
2022-07-19,2330,455.8904,491.0
2022-07-20,2330,459.6043,495.0
2022-07-21,2330,465.1753,501.0
2022-07-22,2330,467.0323,503.0
2022-07-25,2330,463.7826,499.5
2022-07-26,2330,459.6043,495.0
2022-07-27,2330,466.1038,502.0
2022-07-28,2330,465.1753,501.0
2022-07-29,2330,472.6032,509.0
2022-08-01,2330,467.9608,504.0
2022-08-02,2330,456.8188,492.0
2022-08-03,2330,465.1753,501.0
2022-08-04,2330,464.2469,500.0
2022-08-05,2330,479.1028,516.0
2022-08-08,2330,475.3887,512.0
2022-08-09,2330,473.5317,510.0
2022-08-10,2330,464.2469,500.0
2022-08-11,2330,477.2457,514.0
2022-08-12,2330,480.0313,517.0
2022-08-15,2330,485.6022,523.0
2022-08-16,2330,487.4591,525.0
2022-08-17,2330,489.3161,527.0
2022-08-18,2330,482.8167,520.0
2022-08-19,2330,481.8882,519.0
2022-08-22,2330,475.3887,512.0
2022-08-23,2330,467.9608,504.0
2022-08-24,2330,467.0323,503.0
2022-08-25,2330,471.6747,508.0
2022-08-26,2330,475.3887,512.0
2022-08-29,2330,462.8541,498.5
2022-08-30,2330,460.5329,496.0
2022-08-31,2330,468.8893,505.0
2022-09-01,2330,455.4261,490.5
2022-09-02,2330,450.3194,485.0
2022-09-05,2330,451.248,486.0
2022-09-06,2330,454.0334,489.0
2022-09-07,2330,438.7133,472.5
2022-09-08,2330,441.0345,475.0
2022-09-12,2330,451.7121,486.5
2022-09-13,2330,457.7474,493.0
2022-09-14,2330,445.6769,480.0
2022-09-15,2330,444.9766,476.5
2022-09-16,2330,440.7742,472.0
2022-09-19,2330,436.105,467.0
2022-09-20,2330,444.9766,476.5
2022-09-21,2330,439.8404,471.0
2022-09-22,2330,433.7704,464.5
2022-09-23,2330,424.8989,455.0
2022-09-26,2330,416.9613,446.5
2022-09-27,2330,418.362,448.0
2022-09-28,2330,409.0236,438.0
2022-09-29,2330,406.222,435.0
2022-09-30,2330,394.0821,422.0
2022-10-03,2330,389.4128,417.0
2022-10-04,2330,400.619,429.0
2022-10-05,2330,415.5605,445.0
2022-10-06,2330,421.1636,451.0
2022-10-07,2330,409.0236,438.0
2022-10-11,2330,374.9382,401.5
2022-10-12,2330,371.2029,397.5
2022-10-13,2330,368.8683,395.0
2022-10-14,2330,384.7436,412.0
2022-10-17,2330,370.7359,397.0
2022-10-18,2330,380.0744,407.0
2022-10-19,2330,369.3352,395.5
2022-10-20,2330,371.2029,397.5
2022-10-21,2330,363.7321,389.5
2022-10-24,2330,361.3975,387.0
2022-10-25,2330,346.456,371.0
2022-10-26,2330,351.1253,376.0
2022-10-27,2330,359.9968,385.5
2022-10-28,2330,354.3937,379.5
2022-10-31,2330,364.199,390.0
2022-11-01,2330,365.5998,391.5
2022-11-02,2330,368.8683,395.0
2022-11-03,2330,358.596,384.0
2022-11-04,2330,356.7283,382.0
2022-11-07,2330,364.199,390.0
2022-11-08,2330,372.6037,399.0
2022-11-09,2330,389.4128,417.0
2022-11-10,2330,380.5414,407.5
2022-11-11,2330,412.292,441.5
2022-11-14,2330,415.5605,445.0
2022-11-15,2330,448.245,480.0
2022-11-16,2330,454.7819,487.0
2022-11-17,2330,452.9142,485.0
2022-11-18,2330,454.7819,487.0
2022-11-21,2330,450.1127,482.0
2022-11-22,2330,458.5173,491.0
2022-11-23,2330,459.4511,492.0
2022-11-24,2330,463.1865,496.0
2022-11-25,2330,465.0541,498.0
2022-11-28,2330,448.7119,480.5
2022-11-29,2330,454.7819,487.0
2022-11-30,2330,457.5834,490.0
2022-12-01,2330,465.5211,498.5
2022-12-02,2330,459.9181,492.5
2022-12-05,2330,456.6496,489.0
2022-12-06,2330,446.3773,478.0
2022-12-07,2330,443.5758,475.0
2022-12-08,2330,440.3074,471.5
2022-12-09,2330,449.6457,481.5
2022-12-12,2330,443.5758,475.0
2022-12-13,2330,440.3074,471.5
2022-12-14,2330,448.7119,480.5
2022-12-15,2330,451.2947,480.5
2022-12-16,2330,442.3722,471.0
2022-12-19,2330,438.1457,466.5
2022-12-20,2330,429.6927,457.5
2022-12-21,2330,431.1015,459.0
2022-12-22,2330,439.5545,468.0
2022-12-23,2330,427.3446,455.0
2022-12-26,2330,428.7536,456.5
2022-12-27,2330,429.2231,457.0
2022-12-28,2330,423.5878,451.0
2022-12-29,2330,418.8917,446.0
2022-12-30,2330,421.2398,448.5
2023-01-03,2330,425.4662,453.0
2023-01-04,2330,422.179,449.5
2023-01-05,2330,430.632,458.5
2023-01-06,2330,430.632,458.5
2023-01-09,2330,451.7644,481.0
2023-01-10,2330,456.4605,486.0
2023-01-11,2330,455.0516,484.5
2023-01-12,2330,456.9301,486.5
2023-01-13,2330,469.6096,500.0
2023-01-16,2330,474.3057,505.0
2023-01-17,2330,472.4272,503.0
2023-01-30,2330,509.996,543.0
2023-01-31,2330,490.2723,522.0
2023-02-01,2330,497.7861,530.0
2023-02-02,2330,507.1783,540.0
2023-02-03,2330,509.0567,542.0
2023-02-06,2330,494.0293,526.0
2023-02-07,2330,491.2116,523.0
2023-02-08,2330,507.1783,540.0
2023-02-09,2330,507.1783,540.0
2023-02-10,2330,511.8744,545.0
2023-02-13,2330,508.1175,541.0
2023-02-14,2330,511.8744,545.0
2023-02-15,2330,493.09,525.0
2023-02-16,2330,495.9077,528.0
2023-02-17,2330,486.5155,518.0
2023-02-20,2330,485.5764,517.0
2023-02-21,2330,484.6371,516.0
2023-02-22,2330,476.1841,507.0
2023-02-23,2330,486.5155,518.0
2023-02-24,2330,479.9409,511.0
2023-03-01,2330,490.2723,522.0
2023-03-02,2330,487.4547,519.0
2023-03-03,2330,484.6371,516.0
2023-03-06,2330,489.3331,521.0
2023-03-07,2330,492.1508,524.0
2023-03-08,2330,489.3331,521.0
2023-03-09,2330,490.2723,522.0
2023-03-10,2330,481.8194,513.0
2023-03-13,2330,484.6371,516.0
2023-03-14,2330,479.0017,510.0
2023-03-15,2330,479.9409,511.0
2023-03-16,2330,476.8718,505.0
2023-03-17,2330,489.1477,518.0
2023-03-20,2330,483.4819,512.0
2023-03-21,2330,488.2035,517.0
2023-03-22,2330,503.3121,533.0
2023-03-23,2330,508.0338,538.0
2023-03-24,2330,508.978,539.0
2023-03-27,2330,501.4236,531.0
2023-03-28,2330,495.7578,525.0
2023-03-29,2330,500.4793,530.0
2023-03-30,2330,505.2008,535.0
2023-03-31,2330,503.3121,533.0
2023-04-06,2330,500.4793,530.0
2023-04-07,2330,501.4236,531.0
2023-04-10,2330,499.535,529.0
2023-04-11,2330,494.8135,524.0
2023-04-12,2330,491.0363,520.0
2023-04-13,2330,481.5933,510.0
2023-04-14,2330,487.2591,516.0
2023-04-17,2330,491.0363,520.0
2023-04-18,2330,486.3148,515.0
2023-04-19,2330,481.5933,510.0
2023-04-20,2330,484.4261,513.0
2023-04-21,2330,482.5376,511.0
2023-04-24,2330,478.7604,507.0
2023-04-25,2330,470.2617,498.0
2023-04-26,2330,464.1237,491.5
2023-04-27,2330,466.0124,493.5
2023-04-28,2330,474.0388,502.0
2023-05-02,2330,473.0946,501.0
2023-05-03,2330,468.3731,496.0
2023-05-04,2330,470.2617,498.0
2023-05-05,2330,472.1503,500.0
2023-05-08,2330,475.9275,504.0
2023-05-09,2330,481.5933,510.0
2023-05-10,2330,474.9832,503.0
2023-05-11,2330,471.206,499.0
2023-05-12,2330,468.3731,496.0
2023-05-15,2330,467.9009,495.5
2023-05-16,2330,476.8718,505.0
2023-05-17,2330,490.0919,519.0
2023-05-18,2330,500.4793,530.0
2023-05-19,2330,502.3679,532.0
2023-05-22,2330,501.4236,531.0
2023-05-23,2330,500.4793,530.0
2023-05-24,2330,495.7578,525.0
2023-05-25,2330,512.7552,543.0
2023-05-26,2330,534.4741,566.0
2023-05-29,2330,536.3627,568.0
2023-05-30,2330,534.4741,566.0
2023-05-31,2330,526.9197,558.0
2023-06-01,2330,520.3096,551.0
2023-06-02,2330,530.6968,562.0
2023-06-05,2330,524.0867,555.0
2023-06-06,2330,528.8083,560.0
2023-06-07,2330,536.3627,568.0
2023-06-08,2330,527.864,559.0
2023-06-09,2330,533.5298,565.0
2023-06-12,2330,542.0285,574.0
2023-06-13,2330,559.9702,593.0
2023-06-14,2330,557.1373,590.0
2023-06-15,2330,560.6949,591.0
2023-06-16,2330,558.7975,589.0
2023-06-19,2330,553.105,583.0
2023-06-20,2330,553.105,583.0
2023-06-21,2330,551.2077,581.0
2023-06-26,2330,544.5666,574.0
2023-06-27,2330,542.6692,572.0
2023-06-28,2330,544.5666,574.0
2023-06-29,2330,543.6179,573.0
2023-06-30,2330,546.4641,576.0
2023-07-03,2330,549.3102,579.0
2023-07-04,2330,555.0024,585.0
2023-07-05,2330,552.1564,582.0
2023-07-06,2330,536.0281,565.0
2023-07-07,2330,536.0281,565.0
2023-07-10,2330,536.0281,565.0
2023-07-11,2330,547.4127,577.0
2023-07-12,2330,548.3615,578.0
2023-07-13,2330,555.0024,585.0
2023-07-14,2330,560.6949,591.0
2023-07-17,2330,560.6949,591.0
2023-07-18,2330,551.2077,581.0
2023-07-19,2330,551.2077,581.0
2023-07-20,2330,549.3102,579.0
2023-07-21,2330,531.2844,560.0
2023-07-24,2330,529.387,558.0
2023-07-25,2330,539.8231,569.0
2023-07-26,2330,536.9768,566.0
2023-07-27,2330,539.8231,569.0
2023-07-28,2330,537.9255,567.0
2023-07-31,2330,536.0281,565.0
2023-08-01,2330,537.9255,567.0
2023-08-02,2330,532.2332,561.0
2023-08-04,2330,525.5921,554.0
2023-08-07,2330,529.387,558.0
2023-08-08,2330,523.6948,552.0
2023-08-09,2330,525.5921,554.0
2023-08-10,2330,522.746,551.0
2023-08-11,2330,518.0024,546.0
2023-08-14,2330,513.2588,541.0
2023-08-15,2330,514.2076,542.0
2023-08-16,2330,514.2076,542.0
2023-08-17,2330,516.105,544.0
2023-08-18,2330,511.3613,539.0
2023-08-21,2330,509.4639,537.0
2023-08-22,2330,513.2588,541.0
2023-08-23,2330,523.6948,552.0
2023-08-24,2330,535.0795,564.0
2023-08-25,2330,518.0024,546.0
2023-08-28,2330,520.8486,549.0
2023-08-29,2330,523.6948,552.0
2023-08-30,2330,526.541,555.0
2023-08-31,2330,520.8486,549.0
2023-09-01,2330,519.8998,548.0
2023-09-04,2330,528.4384,557.0
2023-09-05,2330,523.6948,552.0
2023-09-06,2330,521.7972,550.0
2023-09-07,2330,514.2076,542.0
2023-09-08,2330,511.3613,539.0
2023-09-11,2330,508.5151,536.0
2023-09-12,2330,516.105,544.0
2023-09-13,2330,513.2588,541.0
2023-09-14,2330,524.7069,550.0
2023-09-15,2330,532.3391,558.0
2023-09-18,2330,515.1668,540.0
2023-09-19,2330,513.2587,538.0
2023-09-20,2330,510.3967,535.0
2023-09-21,2330,502.7646,527.0
2023-09-22,2330,497.9946,522.0
2023-09-25,2330,500.8566,525.0
2023-09-26,2330,495.1325,519.0
2023-09-27,2330,497.9946,522.0
2023-09-28,2330,498.9486,523.0
2023-10-02,2330,508.4887,533.0
2023-10-03,2330,504.6726,529.0
2023-10-04,2330,496.0865,520.0
2023-10-05,2330,503.7186,528.0
2023-10-06,2330,507.5347,532.0
2023-10-11,2330,518.9828,544.0
2023-10-12,2330,524.7069,550.0
2023-10-13,2330,527.5688,553.0
2023-10-16,2330,519.9368,545.0
2023-10-17,2330,525.6609,551.0
2023-10-18,2330,515.1668,540.0
2023-10-19,2330,520.8909,546.0
2023-10-20,2330,530.431,556.0
2023-10-23,2330,518.9828,544.0
2023-10-24,2330,518.9828,544.0
2023-10-25,2330,518.9828,544.0
2023-10-26,2330,506.5807,531.0
2023-10-27,2330,508.4887,533.0
2023-10-30,2330,507.5347,532.0
2023-10-31,2330,504.6726,529.0
2023-11-01,2330,503.7186,528.0
2023-11-02,2330,521.8448,547.0
2023-11-03,2330,523.753,549.0
2023-11-06,2330,524.7069,550.0
2023-11-07,2330,529.4769,555.0
2023-11-08,2330,530.431,556.0
2023-11-09,2330,531.3849,557.0
2023-11-10,2330,531.3849,557.0
2023-11-13,2330,544.7412,571.0
2023-11-14,2330,545.6953,572.0
2023-11-15,2330,554.2812,581.0
2023-11-16,2330,556.1893,583.0
2023-11-17,2330,553.3271,580.0
2023-11-20,2330,550.4653,577.0
2023-11-21,2330,558.0974,585.0
2023-11-22,2330,550.4653,577.0
2023-11-23,2330,551.4193,578.0
2023-11-24,2330,548.5572,575.0
2023-11-27,2330,541.879,568.0
2023-11-28,2330,548.5572,575.0
2023-11-29,2330,547.6032,574.0
2023-11-30,2330,550.4653,577.0
2023-12-01,2330,552.3732,579.0
2023-12-04,2330,547.6032,574.0
2023-12-05,2330,543.7872,570.0
2023-12-06,2330,543.7872,570.0
2023-12-07,2330,539.9711,566.0
2023-12-08,2330,543.7872,570.0
2023-12-11,2330,547.6032,574.0
2023-12-12,2330,551.4193,578.0
2023-12-13,2330,550.4653,577.0
2023-12-14,2330,558.1372,582.0
2023-12-15,2330,561.0142,585.0
2023-12-18,2330,561.0142,585.0
2023-12-19,2330,561.0142,585.0
2023-12-20,2330,561.0142,585.0
2023-12-21,2330,553.3422,577.0
2023-12-22,2330,558.1372,582.0
2023-12-25,2330,557.1782,581.0
2023-12-26,2330,561.9733,586.0
2023-12-27,2330,567.7272,592.0
2023-12-28,2330,568.6861,593.0
2023-12-29,2330,568.6861,593.0
2024-01-02,2330,568.6861,593.0
2024-01-03,2330,554.3013,578.0
2024-01-04,2330,556.2191,580.0
2024-01-05,2330,552.3834,576.0
2024-01-08,2330,559.0963,583.0
2024-01-09,2330,561.9733,586.0
2024-01-10,2330,560.0553,584.0
2024-01-11,2330,561.9733,586.0
2024-01-12,2330,560.0553,584.0
2024-01-15,2330,561.9733,586.0
2024-01-16,2330,556.2191,580.0
2024-01-17,2330,557.1782,581.0
2024-01-18,2330,563.8913,588.0
2024-01-19,2330,600.3332,626.0
2024-01-22,2330,600.3332,626.0
2024-01-23,2330,602.2511,628.0
2024-01-24,2330,601.2921,627.0
2024-01-25,2330,615.6772,642.0
2024-01-26,2330,617.5953,644.0
2024-01-29,2330,621.4312,648.0
2024-01-30,2330,615.6772,642.0
2024-01-31,2330,602.2511,628.0
2024-02-01,2330,602.2511,628.0
2024-02-02,2330,608.9642,635.0
2024-02-05,2330,619.5132,646.0
2024-02-15,2330,668.4221,697.0
2024-02-16,2330,654.9961,683.0
2024-02-19,2330,650.2011,678.0
2024-02-20,2330,658.8321,687.0
2024-02-21,2330,653.0782,681.0
2024-02-22,2330,663.627,692.0
2024-02-23,2330,668.4221,697.0
2024-02-26,2330,669.3811,698.0
2024-02-27,2330,669.3811,698.0
2024-02-29,2330,661.709,690.0
2024-03-01,2330,660.7501,689.0
2024-03-04,2330,695.274,725.0
2024-03-05,2330,700.0691,730.0
2024-03-06,2330,704.864,735.0
2024-03-07,2330,728.8389,760.0
2024-03-08,2330,751.8549,784.0
2024-03-11,2330,734.593,766.0
2024-03-12,2330,738.429,770.0
2024-03-13,2330,747.0601,779.0
2024-03-14,2330,751.8549,784.0
2024-03-15,2330,722.1259,753.0
2024-03-18,2330,736.0962,764.0
2024-03-19,2330,734.1693,762.0
2024-03-20,2330,730.3154,758.0
2024-03-21,2330,755.3657,784.0
2024-03-22,2330,756.3292,785.0
2024-03-25,2330,751.5118,780.0
2024-03-26,2330,753.4388,782.0
2024-03-27,2330,750.5483,779.0
2024-03-28,2330,740.9136,769.0
2024-03-29,2330,747.658,776.0
2024-04-01,2330,741.8771,770.0
2024-04-02,2330,761.1467,790.0
2024-04-03,2330,751.5118,780.0
2024-04-08,2330,754.4023,783.0
2024-04-09,2330,789.0875,819.0
2024-04-10,2330,785.2335,815.0
2024-04-11,2330,790.051,820.0
2024-04-12,2330,788.1239,818.0
2024-04-15,2330,776.5622,806.0
2024-04-16,2330,759.2197,788.0
2024-04-17,2330,774.6353,804.0
2024-04-18,2330,774.6353,804.0
2024-04-19,2330,722.6075,750.0
2024-04-22,2330,714.8997,742.0
2024-04-23,2330,726.4615,754.0
2024-04-24,2330,754.4023,783.0
2024-04-25,2330,738.0231,766.0
2024-04-26,2330,753.4388,782.0
2024-04-29,2330,765.9639,795.0
2024-04-30,2330,761.1467,790.0
2024-05-02,2330,743.8041,772.0
2024-05-03,2330,751.5118,780.0
2024-05-06,2330,757.2927,786.0
2024-05-07,2330,770.7814,800.0
2024-05-08,2330,772.7083,802.0
2024-05-09,2330,766.9275,796.0
2024-05-10,2330,772.7083,802.0
2024-05-13,2330,789.0875,819.0
2024-05-14,2330,794.8682,825.0
2024-05-15,2330,808.3571,839.0
2024-05-16,2330,810.2838,841.0
2024-05-17,2330,804.5032,835.0
2024-05-20,2330,804.5032,835.0
2024-05-21,2330,810.2838,841.0
2024-05-22,2330,832.4438,864.0
2024-05-23,2330,843.0421,875.0
2024-05-24,2330,835.3343,867.0
2024-05-27,2330,837.2614,869.0
2024-05-28,2330,833.4073,865.0
2024-05-29,2330,825.6995,857.0
2024-05-30,2330,807.3936,838.0
2024-05-31,2330,791.0144,821.0
2024-06-03,2330,815.1013,846.0
2024-06-04,2330,808.3571,839.0
2024-06-05,2330,822.8091,854.0
2024-06-06,2330,861.3481,894.0
2024-06-07,2330,846.896,879.0
2024-06-11,2330,850.7499,883.0
2024-06-12,2330,875.8004,909.0
2024-06-13,2330,888.8573,919.0
2024-06-14,2330,891.759,922.0
2024-06-17,2330,890.7917,921.0
2024-06-18,2330,912.0701,943.0
2024-06-19,2330,948.8238,981.0
2024-06-20,2330,948.8238,981.0
2024-06-21,2330,938.1846,970.0
2024-06-24,2330,909.1685,940.0
2024-06-25,2330,914.0046,945.0
2024-06-26,2330,928.5126,960.0
2024-06-27,2330,928.5126,960.0
2024-06-28,2330,934.3158,966.0
2024-07-01,2330,936.2502,968.0
2024-07-02,2330,928.5126,960.0
2024-07-03,2330,946.8893,979.0
2024-07-04,2330,972.0367,1005.0
2024-07-05,2330,972.0367,1005.0
2024-07-08,2330,1001.0527,1035.0
2024-07-09,2330,1005.8887,1040.0
2024-07-10,2330,1010.7245,1045.0
2024-07-11,2330,1044.5767,1080.0
2024-07-12,2330,1005.8887,1040.0
2024-07-15,2330,1005.8887,1040.0
2024-07-16,2330,1020.3967,1055.0
2024-07-17,2330,996.2166,1030.0
2024-07-18,2330,972.0367,1005.0
2024-07-19,2330,938.1846,970.0
2024-07-22,2330,908.2015,939.0
2024-07-23,2330,946.8893,979.0
2024-07-26,2330,893.6934,924.0
2024-07-29,2330,913.0373,944.0
2024-07-30,2330,909.1685,940.0
2024-07-31,2330,903.3654,934.0
2024-08-01,2330,928.5126,960.0
2024-08-02,2330,873.3821,903.0
2024-08-05,2330,788.2685,815.0
2024-08-06,2330,851.1365,880.0
2024-08-07,2330,889.8245,920.0
2024-08-08,2330,866.6117,896.0
2024-08-09,2330,903.3654,934.0
2024-08-12,2330,909.1685,940.0
2024-08-13,2330,910.1357,941.0
2024-08-14,2330,916.9062,948.0
2024-08-15,2330,912.0701,943.0
2024-08-16,2330,937.2174,969.0
2024-08-19,2330,941.0862,973.0
2024-08-20,2330,941.0862,973.0
2024-08-21,2330,926.5782,958.0
2024-08-22,2330,919.8077,951.0
2024-08-23,2330,917.8733,949.0
2024-08-26,2330,918.8406,950.0
2024-08-27,2330,911.103,942.0
2024-08-28,2330,932.3813,964.0
2024-08-29,2330,912.0701,943.0
2024-08-30,2330,913.0373,944.0
2024-09-02,2330,916.9062,948.0
2024-09-03,2330,909.1685,940.0
2024-09-04,2330,859.8414,889.0
2024-09-05,2330,872.415,902.0
2024-09-06,2330,887.8902,918.0
2024-09-09,2330,869.5133,899.0
2024-09-10,2330,874.3494,904.0
2024-09-11,2330,871.4478,901.0
2024-09-12,2330,913.223,940.0
2024-09-13,2330,920.0236,947.0
2024-09-16,2330,920.0236,947.0
2024-09-18,2330,914.1945,941.0
2024-09-19,2330,932.6533,960.0
2024-09-20,2330,945.2828,973.0
2024-09-23,2330,949.1689,977.0
2024-09-24,2330,958.8842,987.0
2024-09-25,2330,976.3714,1005.0
2024-09-26,2330,986.0865,1015.0
2024-09-27,2330,971.5138,1000.0
2024-09-30,2330,929.7387,957.0
2024-10-01,2330,944.3114,972.0
2024-10-04,2330,949.1689,977.0
2024-10-07,2330,976.3714,1005.0
2024-10-08,2330,981.2288,1010.0
2024-10-09,2330,990.944,1020.0
2024-10-11,2330,1015.232,1045.0
2024-10-14,2330,1015.232,1045.0
2024-10-15,2330,1039.5198,1070.0
2024-10-16,2330,1015.232,1045.0
2024-10-17,2330,1005.5167,1035.0
2024-10-18,2330,1054.0924,1085.0
2024-10-21,2330,1054.0924,1085.0
2024-10-22,2330,1044.3772,1075.0
2024-10-23,2330,1029.8047,1060.0
2024-10-24,2330,1029.8047,1060.0
2024-10-25,2330,1034.6621,1065.0
2024-10-28,2330,1020.0894,1050.0
2024-10-29,2330,1010.3745,1040.0
2024-10-30,2330,1000.6592,1030.0
2024-11-01,2330,995.8017,1025.0
2024-11-04,2330,1010.3745,1040.0
2024-11-05,2330,1020.0894,1050.0
2024-11-06,2330,1029.8047,1060.0
2024-11-07,2330,1034.6621,1065.0
2024-11-08,2330,1058.9501,1090.0
2024-11-11,2330,1054.0924,1085.0
2024-11-12,2330,1020.0894,1050.0
2024-11-13,2330,1005.5167,1035.0
2024-11-14,2330,1005.5167,1035.0
2024-11-15,2330,1005.5167,1035.0
2024-11-18,2330,995.8017,1025.0
2024-11-19,2330,1010.3745,1040.0
2024-11-20,2330,995.8017,1025.0
2024-11-21,2330,981.2288,1010.0
2024-11-22,2330,1010.3745,1040.0
2024-11-25,2330,1000.6592,1030.0
2024-11-26,2330,981.2288,1010.0
2024-11-27,2330,971.5138,1000.0
2024-11-28,2330,976.3714,1005.0
2024-11-29,2330,967.6277,996.0
2024-12-02,2330,1005.5167,1035.0
2024-12-03,2330,1024.947,1055.0
2024-12-04,2330,1039.5198,1070.0
2024-12-05,2330,1044.3772,1075.0
2024-12-06,2330,1034.6621,1065.0
2024-12-09,2330,1044.3772,1075.0
2024-12-10,2330,1034.6621,1065.0
2024-12-11,2330,1015.232,1045.0
2024-12-12,2330,1033.7612,1060.0
2024-12-13,2330,1038.6373,1065.0
2024-12-16,2330,1058.1425,1085.0
2024-12-17,2330,1048.3899,1075.0
2024-12-18,2330,1058.1425,1085.0
2024-12-19,2330,1043.5135,1070.0
2024-12-20,2330,1009.38,1035.0
2024-12-23,2330,1053.2662,1080.0
2024-12-24,2330,1053.2662,1080.0
2024-12-25,2330,1058.1425,1085.0
2024-12-26,2330,1058.1425,1085.0
2024-12-27,2330,1063.0186,1090.0
2024-12-30,2330,1063.0186,1090.0
2024-12-31,2330,1048.3899,1075.0
2025-01-02,2330,1038.6373,1065.0
2025-01-03,2330,1048.3899,1075.0
2025-01-06,2330,1097.1522,1125.0
2025-01-07,2330,1102.0286,1130.0
2025-01-08,2330,1077.6475,1105.0
2025-01-09,2330,1072.7711,1100.0
2025-01-10,2330,1072.7711,1100.0
2025-01-13,2330,1048.3899,1075.0
2025-01-14,2330,1063.0186,1090.0
2025-01-15,2330,1038.6373,1065.0
2025-01-16,2330,1077.6475,1105.0
2025-01-17,2330,1092.276,1120.0
2025-01-20,2330,1092.276,1120.0
2025-01-21,2330,1092.276,1120.0
2025-01-22,2330,1106.9047,1135.0
2025-02-03,2330,1043.5135,1070.0
2025-02-04,2330,1067.8948,1095.0
2025-02-05,2330,1082.5236,1110.0
2025-02-06,2330,1087.3997,1115.0
2025-02-07,2330,1097.1522,1125.0
2025-02-10,2330,1077.6475,1105.0
2025-02-11,2330,1082.5236,1110.0
2025-02-12,2330,1072.7711,1100.0
2025-02-13,2330,1063.0186,1090.0
2025-02-14,2330,1033.7612,1060.0
2025-02-17,2330,1058.1425,1085.0
2025-02-18,2330,1072.7711,1100.0
2025-02-19,2330,1063.0186,1090.0
2025-02-20,2330,1053.2662,1080.0
2025-02-21,2330,1067.8948,1095.0
2025-02-24,2330,1048.3899,1075.0
2025-02-25,2330,1028.885,1055.0
2025-02-26,2330,1033.7612,1060.0
2025-02-27,2330,1014.2563,1040.0
2025-03-03,2330,994.7513,1020.0
2025-03-04,2330,975.2464,1000.0
2025-03-05,2330,994.7513,1020.0
2025-03-06,2330,980.1227,1005.0
2025-03-07,2330,980.1227,1005.0
2025-03-10,2330,973.2959,998.0
2025-03-11,2330,946.9643,971.0
2025-03-12,2330,963.5435,988.0
2025-03-13,2330,941.1129,965.0
2025-03-14,2330,935.2614,959.0
2025-03-17,2330,945.989,970.0
2025-03-18,2330,951.3779,971.0
2025-03-19,2330,932.7618,952.0
2025-03-20,2330,965.095,985.0
2025-03-21,2330,952.3577,972.0
2025-03-24,2330,952.3577,972.0
2025-03-25,2330,969.994,990.0
2025-03-26,2330,960.196,980.0
2025-03-27,2330,938.6407,958.0
2025-03-28,2330,932.7618,952.0
2025-03-31,2330,891.6106,910.0
2025-04-01,2330,924.9236,944.0
2025-04-02,2330,922.9639,942.0
2025-04-07,2330,830.8635,848.0
2025-04-08,2330,799.5102,816.0
2025-04-09,2330,769.1367,785.0
2025-04-10,2330,845.5604,863.0
2025-04-11,2330,871.035,889.0
2025-04-14,2330,847.52,865.0
2025-04-15,2330,859.2775,877.0
2025-04-16,2330,837.7221,855.0
2025-04-17,2330,829.8837,847.0
2025-04-18,2330,832.8231,850.0
2025-04-21,2330,818.1262,835.0
2025-04-22,2330,799.5102,816.0
2025-04-23,2330,855.3583,873.0
2025-04-24,2330,846.5402,864.0
2025-04-25,2330,870.0552,888.0
2025-04-28,2330,878.8734,897.0
2025-04-29,2330,883.7723,902.0
2025-04-30,2330,889.6511,908.0
2025-05-02,2330,930.8022,950.0
2025-05-05,2330,919.0447,938.0
2025-05-06,2330,901.4085,920.0
2025-05-07,2330,909.2468,928.0
2025-05-08,2330,899.449,918.0
2025-05-09,2330,929.8225,949.0
2025-05-12,2330,937.6609,957.0
2025-05-13,2330,949.4183,969.0
2025-05-14,2330,978.8121,999.0
2025-05-15,2330,972.9334,993.0
2025-05-16,2330,977.8323,998.0
2025-05-19,2330,964.1152,984.0
2025-05-20,2330,958.2365,978.0
2025-05-21,2330,969.994,990.0
2025-05-22,2330,962.1556,982.0
2025-05-23,2330,964.1152,984.0
2025-05-26,2330,956.2769,976.0
2025-05-27,2330,945.4992,965.0
2025-05-28,2330,947.4588,967.0
2025-05-29,2330,947.4588,967.0
2025-06-02,2330,926.8831,946.0
2025-06-03,2330,930.8022,950.0
2025-06-04,2330,969.994,990.0
2025-06-05,2330,977.8323,998.0
2025-06-06,2330,974.8929,995.0
2025-06-09,2330,984.6909,1005.0
2025-06-10,2330,1023.8826,1045.0
2025-06-11,2330,1043.4783,1065.0
2025-06-12,2330,1028.2272,1045.0
2025-06-13,2330,1013.4679,1030.0
2025-06-16,2330,1008.5482,1025.0
2025-06-17,2330,1028.2272,1045.0
2025-06-18,2330,1038.0667,1055.0
2025-06-19,2330,1018.3876,1035.0
2025-06-20,2330,1038.0667,1055.0
2025-06-23,2330,1003.6284,1020.0
2025-06-24,2330,1033.1469,1050.0
2025-06-25,2330,1052.826,1070.0
2025-06-26,2330,1057.7455,1075.0
2025-06-27,2330,1062.6654,1080.0
2025-06-30,2330,1042.9865,1060.0
2025-07-01,2330,1067.5852,1085.0
2025-07-02,2330,1067.5852,1085.0
2025-07-03,2330,1072.505,1090.0
2025-07-04,2330,1067.5852,1085.0
2025-07-07,2330,1062.6654,1080.0
2025-07-08,2330,1062.6654,1080.0
2025-07-09,2330,1072.505,1090.0
2025-07-10,2330,1082.3445,1100.0
2025-07-11,2330,1082.3445,1100.0
2025-07-14,2330,1077.4244,1095.0
2025-07-15,2330,1092.1838,1110.0
2025-07-16,2330,1111.8629,1130.0
2025-07-17,2330,1111.8629,1130.0
2025-07-18,2330,1136.4615,1155.0
2025-07-21,2330,1131.5419,1150.0
2025-07-22,2330,1111.8629,1130.0
2025-07-23,2330,1126.6221,1145.0
2025-07-24,2330,1126.6221,1145.0
2025-07-25,2330,1126.6221,1145.0
2025-07-28,2330,1126.6221,1145.0
2025-07-29,2330,1116.7827,1135.0
2025-07-30,2330,1136.4615,1155.0
2025-07-31,2330,1141.3815,1160.0
2025-08-04,2330,1116.7827,1135.0
2025-08-05,2330,1131.5419,1150.0
2025-08-06,2330,1106.943,1125.0
2025-08-07,2330,1161.0604,1180.0
2025-08-08,2330,1156.1406,1175.0
2025-08-11,2330,1161.0604,1180.0
2025-08-12,2330,1161.0604,1180.0
2025-08-13,2330,1180.7395,1200.0
2025-08-14,2330,1156.1406,1175.0
2025-08-15,2330,1161.0604,1180.0
2025-08-18,2330,1161.0604,1180.0
2025-08-19,2330,1165.9801,1185.0
2025-08-20,2330,1116.7827,1135.0
2025-08-21,2330,1131.5419,1150.0
2025-08-22,2330,1116.7827,1135.0
2025-08-25,2330,1151.2208,1170.0
2025-08-26,2330,1156.1406,1175.0
2025-08-27,2330,1170.8998,1190.0
2025-08-28,2330,1141.3815,1160.0
2025-08-29,2330,1141.3815,1160.0
2025-09-01,2330,1146.301,1165.0
2025-09-02,2330,1141.3815,1160.0
2025-09-03,2330,1141.3815,1160.0
2025-09-04,2330,1141.3815,1160.0
2025-09-05,2330,1161.0604,1180.0
2025-09-08,2330,1161.0604,1180.0
2025-09-09,2330,1180.7395,1200.0
2025-09-10,2330,1205.338,1225.0
2025-09-11,2330,1220.0973,1240.0
2025-09-12,2330,1239.7764,1260.0
2025-09-15,2330,1234.8564,1255.0
2025-09-16,2330,1264.493,1280.0
2025-09-17,2330,1249.6748,1265.0
2025-09-18,2330,1269.4325,1285.0
2025-09-19,2330,1249.6748,1265.0
2025-09-22,2330,1279.3114,1295.0
2025-09-23,2330,1323.7664,1340.0
2025-09-24,2330,1323.7664,1340.0
2025-09-25,2330,1304.0087,1320.0
2025-09-26,2330,1284.2509,1300.0
2025-09-30,2330,1289.1903,1305.0
2025-10-01,2330,1308.948,1325.0
2025-10-02,2330,1348.4635,1365.0
2025-10-03,2330,1383.0394,1400.0
2025-10-07,2330,1417.6155,1435.0
2025-10-08,2330,1397.8578,1415.0
2025-10-09,2330,1422.5548,1440.0
2025-10-13,2330,1397.8578,1415.0
2025-10-14,2330,1407.7366,1425.0
2025-10-15,2330,1447.252,1465.0
2025-10-16,2330,1467.0095,1485.0
2025-10-17,2330,1432.4337,1450.0
2025-10-20,2330,1462.0702,1480.0
2025-10-21,2330,1462.0702,1480.0
2025-10-22,2330,1442.3126,1460.0
2025-10-23,2330,1432.4337,1450.0
2025-10-27,2330,1462.0702,1480.0
2025-10-28,2330,1457.1307,1475.0
2025-10-29,2330,1486.7673,1505.0
2025-10-30,2330,1486.7673,1505.0
2025-10-31,2330,1481.8279,1500.0
2025-11-03,2330,1491.7067,1510.0
2025-11-04,2330,1486.7673,1505.0
2025-11-05,2330,1442.3126,1460.0
2025-11-06,2330,1447.252,1465.0
2025-11-07,2330,1442.3126,1460.0
2025-11-10,2330,1457.1307,1475.0
2025-11-11,2330,1447.252,1465.0
2025-11-12,2330,1457.1307,1475.0
2025-11-13,2330,1442.3126,1460.0
2025-11-14,2330,1412.676,1430.0
2025-11-17,2330,1427.4943,1445.0
2025-11-18,2330,1387.9788,1405.0
2025-11-19,2330,1378.1,1395.0
2025-11-20,2330,1437.3732,1455.0
2025-11-21,2330,1368.2212,1385.0
2025-11-24,2330,1358.3422,1375.0
2025-11-25,2330,1397.8578,1415.0
2025-11-26,2330,1422.5548,1440.0
2025-11-27,2330,1417.6155,1435.0
2025-11-28,2330,1422.5548,1440.0
2025-12-01,2330,1392.9183,1410.0
2025-12-02,2330,1412.676,1430.0
2025-12-03,2330,1432.4337,1450.0
2025-12-04,2330,1427.4943,1445.0
2025-12-05,2330,1442.3126,1460.0
2025-12-08,2330,1476.8884,1495.0
2025-12-09,2330,1462.0702,1480.0
2025-12-10,2330,1486.7673,1505.0
2025-12-11,2330,1457.032,1470.0
2025-12-12,2330,1466.9437,1480.0
2025-12-15,2330,1437.2084,1450.0
2025-12-16,2330,1422.3407,1435.0
2025-12-17,2330,1417.3849,1430.0
2025-12-18,2330,1417.3849,1430.0
2025-12-19,2330,1417.3849,1430.0
2025-12-22,2330,1452.076,1465.0
2025-12-23,2330,1476.8555,1490.0
2025-12-24,2330,1481.8114,1495.0
2025-12-26,2330,1496.679,1510.0
2025-12-29,2330,1516.5028,1530.0
2025-12-30,2330,1506.5909,1520.0
2025-12-31,2330,1536.3263,1550.0
2026-01-02,2330,1571.0175,1585.0
2026-01-05,2330,1655.2676,1670.0
2026-01-06,2330,1689.9589,1705.0
2026-01-07,2330,1660.2234,1675.0
2026-01-08,2330,1670.1353,1685.0
2026-01-09,2330,1665.1794,1680.0
2026-01-12,2330,1675.0912,1690.0
2026-01-13,2330,1694.9148,1710.0
2026-01-14,2330,1694.9148,1710.0
2026-01-15,2330,1675.0912,1690.0
2026-01-16,2330,1724.65,1740.0
2026-01-19,2330,1744.4738,1760.0
2026-01-20,2330,1759.3413,1775.0
2026-01-21,2330,1724.65,1740.0
2026-01-22,2330,1744.4738,1760.0
2026-01-23,2330,1754.3855,1770.0
2026-01-26,2330,1739.5178,1755.0
2026-01-27,2330,1764.2972,1780.0
2026-01-28,2330,1803.9443,1820.0
2026-01-29,2330,1789.0767,1805.0
2026-01-30,2330,1759.3413,1775.0
2026-02-02,2330,1749.4294,1765.0
2026-02-03,2330,1784.1208,1800.0
2026-02-04,2330,1769.2531,1785.0
2026-02-05,2330,1749.4294,1765.0
2026-02-06,2330,1764.2972,1780.0
2026-02-09,2330,1798.9884,1815.0
2026-02-10,2330,1863.4149,1880.0
2026-02-11,2330,1898.1062,1915.0
2026-02-23,2330,1883.2385,1900.0
2026-02-24,2330,1947.6653,1965.0
2026-02-25,2330,1997.224,2015.0
2026-02-26,2330,1977.4005,1995.0
2026-03-02,2330,1957.577,1975.0
2026-03-03,2330,1917.9298,1935.0
2026-03-04,2330,1848.5474,1865.0
2026-03-05,2330,1883.2385,1900.0
2026-03-06,2330,1873.3269,1890.0
2026-03-09,2330,1794.0325,1810.0
2026-03-10,2330,1833.6797,1850.0
2026-03-11,2330,1922.8857,1940.0
2026-03-12,2330,1868.3708,1885.0
2026-03-13,2330,1848.5474,1865.0
2026-03-16,2330,1828.7239,1845.0
2026-03-17,2330,1859.5505,1870.0
2026-03-18,2330,1894.355,1905.0
2026-03-19,2330,1839.6624,1850.0
2026-03-20,2330,1829.7181,1840.0
2026-03-23,2330,1799.8857,1810.0
2026-03-24,2330,1799.8857,1810.0
2026-03-25,2330,1834.6903,1845.0
2026-03-26,2330,1829.7181,1840.0
2026-03-27,2330,1809.83,1820.0
2026-03-30,2330,1770.0535,1780.0
2026-03-31,2330,1750.1653,1760.0
2026-04-01,2330,1844.6343,1855.0
2026-04-02,2330,1799.8857,1810.0
2026-04-07,2330,1849.6064,1860.0
2026-04-08,2330,1939.1035,1950.0
2026-04-09,2330,1944.0756,1955.0
2026-04-10,2330,1988.8241,2000.0
2026-04-13,2330,1978.8801,1990.0
2026-04-14,2330,2043.5167,2055.0
2026-04-15,2330,2068.3772,2080.0
2026-04-16,2330,2073.3491,2085.0
2026-04-17,2330,2018.6565,2030.0
2026-04-20,2330,2013.6844,2025.0
2026-04-21,2330,2038.5448,2050.0
2026-04-22,2330,2038.5448,2050.0
2026-04-23,2330,2068.3772,2080.0
2026-04-24,2330,2172.7905,2185.0
2026-04-27,2330,2252.3433,2265.0
2026-04-28,2330,2202.6228,2215.0
2026-04-29,2330,2167.8184,2180.0
2026-04-30,2330,2123.0698,2135.0
2026-05-04,2330,2262.2876,2275.0
2026-05-05,2330,2237.427,2250.0
2026-05-06,2330,2237.427,2250.0
2026-05-07,2330,2297.0918,2310.0
2026-05-08,2330,2277.2036,2290.0
2026-05-11,2330,2222.5107,2235.0
2026-05-12,2330,2242.3992,2255.0
2026-05-13,2330,2207.5947,2220.0
2026-05-14,2330,2257.3154,2270.0
2026-05-15,2330,2252.3433,2265.0
2026-05-18,2330,2227.4829,2240.0
2026-05-19,2330,2192.6785,2205.0
2026-05-20,2330,2172.7905,2185.0
2026-05-21,2330,2217.5391,2230.0
2026-05-22,2330,2242.3992,2255.0
2026-05-25,2330,2297.0918,2310.0
2026-05-26,2330,2257.3154,2270.0
2026-05-27,2330,2287.1477,2300.0
2026-05-28,2330,2282.1755,2295.0
2026-05-29,2330,2341.8406,2355.0
2026-06-01,2330,2341.8406,2355.0
2026-06-02,2330,2366.7007,2380.0
2026-06-03,2330,2411.4492,2425.0
2026-06-04,2330,2371.6729,2385.0
2026-06-05,2330,2351.7847,2365.0
2026-06-08,2330,2282.1755,2295.0
2026-06-09,2330,2292.1199,2305.0
2026-06-10,2330,2242.3992,2255.0
2026-06-11,2330,2243.3962,2250.0
2026-06-12,2330,2303.2202,2310.0
2026-06-15,2330,2368.0293,2375.0
2026-06-16,2330,2392.9561,2400.0
2026-06-17,2330,2378.0,2385.0
2026-06-18,2330,2402.9268,2410.0
2026-06-22,2330,2502.6331,2510.0
2026-06-23,2330,2482.6919,2490.0
2026-06-24,2330,2382.9854,2390.0
2026-06-25,2330,2382.9854,2390.0
2026-06-26,2330,2333.1321,2340.0
2026-06-29,2330,2363.0442,2370.0
2026-06-30,2330,2402.9268,2410.0
2026-07-01,2330,2497.6479,2505.0
2026-07-02,2330,2457.7651,2465.0
2026-07-03,2330,2437.824,2445.0
2026-07-06,2330,2452.78,2460.0
2026-07-07,2330,2432.8386,2440.0
2026-07-08,2330,2457.7651,2465.0
2026-07-09,2330,2407.9121,2415.0
2026-07-10,2330,2407.9121,2415.0
2026-07-13,2330,2432.8386,2440.0
2026-07-14,2330,2412.8972,2420.0
2026-07-15,2330,2432.8386,2440.0
2026-07-16,2330,2462.7505,2470.0
2026-07-17,2330,2283.2788,2290.0
2026-07-20,2330,2313.1909,2320.0
2026-07-21,2330,2402.9268,2410.0
2026-07-22,2330,2392.9561,2400.0
2026-07-23,2330,2397.9414,2405.0
2026-07-24,2330,2343.1028,2350.0
2026-07-27,2330,2343.1028,2350.0
2026-07-28,2330,2273.3081,2280.0
2026-07-29,2330,2193.543,2200.0
2026-07-30,2330,2198.5283,2205.0
2026-07-31,2330,2417.8826,2425.0
2026-08-03,2330,2363.0442,2370.0
2026-08-04,2330,2313.1909,2320.0
2026-08-05,2330,2397.9414,2405.0
2026-08-06,2330,2358.0588,2365.0
2026-08-07,2330,2363.0442,2370.0
2026-08-10,2330,2373.0146,2380.0
2026-08-11,2330,2387.9707,2395.0
2026-08-12,2330,2407.9121,2415.0
2026-08-13,2330,2427.8533,2435.0
2026-08-14,2330,2387.9707,2395.0
2026-08-17,2330,2392.9561,2400.0
2026-08-18,2330,2373.0146,2380.0
2026-08-19,2330,2343.1028,2350.0
2026-08-20,2330,2368.0293,2375.0
2026-08-21,2330,2402.9268,2410.0
2026-08-24,2330,2368.0293,2375.0
2026-08-25,2330,2392.9561,2400.0
2026-08-26,2330,2407.9121,2415.0
2026-08-27,2330,2402.9268,2410.0
2026-08-28,2330,2412.8972,2420.0
2026-08-31,2330,2397.9414,2405.0
2026-09-01,2330,2432.8386,2440.0
2026-09-02,2330,2378.0,2385.0
2026-09-03,2330,2382.9854,2390.0
2026-09-04,2330,2402.9268,2410.0
2026-09-07,2330,2452.78,2460.0
2026-09-08,2330,2462.7505,2470.0
2026-09-09,2330,2457.7651,2465.0
2026-09-10,2330,2442.8093,2450.0
2026-09-11,2330,2402.9268,2410.0
2026-09-14,2330,2373.0146,2380.0
2026-09-15,2330,2378.0,2385.0
2026-09-16,2330,2380.0,2380.0
2026-09-17,2330,2425.0,2425.0
2026-09-18,2330,2460.0,2460.0
2026-09-21,2330,2480.0,2480.0
2026-09-22,2330,2460.0,2460.0
2026-09-23,2330,2500.0,2500.0
2026-09-24,2330,2475.0,2475.0
2026-09-29,2330,2475.0,2475.0
2026-09-30,2330,2480.0,2480.0
2026-10-01,2330,2510.0,2510.0
2026-10-02,2330,2500.0,2500.0
2026-10-05,2330,2575.0,2575.0
2026-10-06,2330,2585.0,2585.0
2026-10-07,2330,2585.0,2585.0
