date,above_ma20,up_pct,limit_up,limit_down,ew_ret,mkt20,n_liquid,n_traded
2025-10-02,36.0,32.71,22,2,-0.146,-0.3,1361,1871
2025-10-03,35.72,36.89,22,3,-0.004,-0.77,1366,1873
2025-10-07,40.42,50.51,33,2,0.492,-0.65,1373,1881
2025-10-08,41.47,40.78,20,2,0.022,-0.42,1365,1876
2025-10-09,41.37,39.39,30,2,0.033,-0.49,1356,1876
2025-10-13,35.08,22.98,27,4,-0.84,0.13,1354,1880
2025-10-14,27.23,21.84,17,6,-1.236,-1.11,1348,1877
2025-10-15,31.77,52.66,29,0,0.587,-0.92,1347,1878
2025-10-16,37.82,64.52,17,2,0.795,0.33,1351,1880
2025-10-17,36.89,33.39,22,1,-0.31,-0.54,1350,1875
2025-10-20,38.65,43.88,43,0,0.348,-0.19,1353,1871
2025-10-21,44.22,53.74,36,1,0.627,-0.38,1357,1885
2025-10-22,51.18,57.18,27,4,0.431,0.08,1354,1880
2025-10-23,46.59,30.77,17,2,-0.334,-0.55,1350,1872
2025-10-27,48.3,45.03,34,1,0.288,0.09,1350,1883
2025-10-28,42.37,23.21,14,2,-0.596,-0.54,1350,1887
2025-10-29,43.55,39.06,24,7,0.043,-0.45,1348,1887
2025-10-30,38.07,28.43,18,5,-0.511,0.66,1345,1882
2025-10-31,37.53,41.77,14,1,0.081,-0.4,1351,1884
2025-11-03,39.63,40.86,28,2,0.088,-0.17,1355,1882
2025-11-04,28.59,20.64,11,8,-1.188,-1.21,1350,1870
2025-11-05,27.28,33.96,18,2,-0.254,-1.46,1349,1861
2025-11-06,36.1,66.2,29,0,0.896,-1.06,1349,1870
2025-11-07,32.44,27.04,23,6,-0.734,-1.81,1350,1871
2025-11-10,30.69,34.66,24,5,-0.318,-2.15,1349,1864
2025-11-11,31.79,42.51,29,10,-0.048,-1.37,1343,1875
2025-11-12,39.97,66.52,31,6,0.939,0.8,1346,1882
2025-11-13,42.23,43.95,33,3,0.195,0.41,1345,1877
2025-11-14,35.6,24.88,19,2,-0.9,-1.28,1351,1881
2025-11-17,30.89,25.57,16,5,-0.806,-1.77,1353,1885
2025-11-18,19.68,11.13,5,8,-1.867,-3.94,1357,1886
2025-11-19,17.79,26.51,6,3,-0.702,-5.21,1360,1882
2025-11-20,25.28,76.77,18,2,1.337,-4.35,1357,1877
2025-11-21,17.79,13.8,7,14,-1.768,-5.73,1355,1870
2025-11-24,24.83,66.68,25,1,0.891,-5.16,1353,1870
2025-11-25,29.02,64.64,32,2,0.982,-3.66,1351,1878
2025-11-26,43.13,76.14,35,2,1.31,-2.44,1347,1886
2025-11-27,48.4,51.7,23,0,0.513,-1.43,1345,1880
2025-11-28,57.29,57.72,21,0,0.685,-0.84,1344,1878
2025-12-01,50.3,30.32,20,1,-0.393,-1.31,1340,1880
2025-12-02,53.33,47.45,24,1,0.225,0.1,1335,1880
2025-12-03,62.63,58.51,28,0,0.649,1.0,1330,1887
2025-12-04,68.52,48.96,26,1,0.355,0.46,1328,1881
2025-12-05,62.09,32.59,21,2,-0.174,1.03,1319,1878
2025-12-08,64.89,43.1,30,3,0.268,1.62,1310,1877
2025-12-09,63.15,41.46,28,3,0.148,1.82,1308,1879
2025-12-10,58.39,34.73,26,0,-0.181,0.69,1305,1880
2025-12-11,58.76,38.66,31,0,-0.055,0.44,1302,1883
2025-12-12,62.76,50.61,23,1,0.413,1.77,1297,1885
2025-12-15,64.95,47.16,38,2,0.277,2.88,1284,1881
2025-12-16,50.35,21.6,28,3,-0.767,4.04,1281,1889
2025-12-17,50.74,44.48,29,3,0.154,4.93,1283,1893
2025-12-18,45.3,32.96,10,1,-0.425,3.11,1276,1884
2025-12-19,52.76,64.79,17,1,0.774,5.78,1270,1883
2025-12-22,62.77,64.78,35,1,0.974,5.86,1273,1891
2025-12-23,59.5,35.2,25,1,0.061,4.9,1279,1892
2025-12-24,54.23,34.12,15,1,-0.044,3.5,1278,1896
2025-12-26,55.13,43.23,30,0,0.333,3.31,1277,1892
2025-12-29,58.61,47.84,38,4,0.288,2.9,1283,1898
2025-12-30,52.07,32.46,26,1,-0.083,3.22,1281,1901
2025-12-31,50.62,38.98,25,1,0.03,3.02,1288,1901
2026-01-02,53.99,49.84,45,1,0.554,2.93,1291,1914
2026-01-05,42.97,21.28,37,6,-0.965,1.57,1301,1917
2026-01-06,48.17,51.51,36,0,0.564,2.32,1310,1916
2026-01-07,56.33,55.32,50,1,0.732,2.8,1328,1916
2026-01-08,51.57,34.76,30,1,-0.448,2.18,1336,1910
2026-01-09,55.48,49.42,39,3,0.32,2.7,1332,1904
2026-01-12,62.41,59.62,63,1,1.062,3.85,1346,1907
2026-01-13,58.18,35.8,43,3,-0.126,3.29,1351,1919
2026-01-14,71.11,74.1,76,0,1.564,4.61,1364,1919
2026-01-15,72.12,47.14,44,1,0.32,5.76,1363,1922
2026-01-16,68.79,39.35,56,4,0.167,5.77,1381,1921
2026-01-19,70.11,51.61,72,1,0.809,7.08,1402,1928
2026-01-20,68.84,35.74,51,2,0.148,6.42,1412,1925
2026-01-21,59.41,22.82,37,5,-0.879,4.47,1419,1911
2026-01-22,62.73,52.88,45,1,0.6,5.03,1430,1912
2026-01-23,64.78,44.44,43,3,0.155,5.24,1434,1917
2026-01-26,69.49,53.13,64,0,0.727,5.65,1439,1916
2026-01-27,65.33,36.92,47,2,-0.137,5.2,1442,1923
2026-01-28,64.74,42.75,48,0,0.303,5.61,1455,1925
2026-01-29,55.22,24.27,22,6,-0.899,4.63,1456,1916
2026-01-30,38.13,16.99,19,4,-1.402,2.59,1458,1919
2026-02-02,25.27,16.16,19,16,-1.621,1.92,1460,1918
2026-02-03,27.45,58.17,39,1,0.754,2.11,1457,1915
2026-02-04,37.72,72.4,48,2,1.293,2.68,1453,1913
2026-02-05,32.39,30.65,29,2,-0.682,2.43,1454,1912
2026-02-06,21.29,17.01,10,17,-1.457,0.62,1456,1916
2026-02-09,25.85,52.01,36,2,0.525,0.08,1447,1913
2026-02-10,27.19,47.7,23,2,0.114,0.32,1449,1916
2026-02-11,31.15,49.97,26,5,0.271,-0.95,1451,1931
2026-02-23,45.14,73.41,80,2,1.797,0.5,1451,1933
2026-02-24,51.8,51.34,70,3,0.866,1.2,1446,1934
2026-02-25,54.01,44.95,60,2,0.404,0.8,1446,1931
2026-02-26,59.65,56.3,68,4,0.868,1.52,1445,1936
2026-03-02,56.64,32.76,69,6,-0.08,2.34,1446,1932
2026-03-03,45.13,17.95,30,15,-1.335,0.37,1447,1933
2026-03-04,23.32,6.42,10,63,-3.726,-3.52,1458,1931
2026-03-05,34.48,81.61,49,7,1.982,-2.32,1453,1925
2026-03-06,40.01,53.4,49,5,0.616,-1.58,1447,1925
2026-03-09,19.52,7.29,17,105,-3.832,-5.64,1450,1921
2026-03-10,26.8,71.99,39,13,1.323,-3.52,1448,1921
2026-03-11,43.79,81.99,103,6,2.357,0.16,1450,1927
2026-03-12,40.3,35.65,64,7,-0.067,1.74,1444,1924
2026-03-13,41.99,38.81,56,3,0.177,1.16,1448,1922
2026-03-16,45.25,49.95,72,3,0.6,0.47,1454,1926
2026-03-17,53.88,63.33,73,2,1.058,2.23,1457,1928
2026-03-18,57.42,52.56,84,0,0.831,4.6,1463,1931
2026-03-19,47.61,24.26,64,2,-0.531,3.5,1462,1929
2026-03-20,48.29,40.73,54,10,-0.02,3.36,1462,1920
2026-03-23,35.27,15.42,25,38,-1.928,1.1,1466,1919
2026-03-24,34.2,38.5,21,17,-0.398,-1.08,1465,1922
2026-03-25,43.9,76.9,70,1,1.69,-0.27,1467,1922
2026-03-26,41.76,32.92,38,7,-0.465,-1.14,1463,1923
2026-03-27,43.28,40.52,45,2,0.175,-1.82,1458,1905
2026-03-30,37.43,22.47,44,4,-0.923,-2.65,1456,1905
2026-03-31,25.46,12.85,12,33,-2.157,-3.46,1457,1915
2026-04-01,38.32,84.05,67,4,1.985,2.27,1443,1925
2026-04-02,31.99,22.31,29,11,-0.879,-0.6,1438,1923
2026-04-07,36.05,46.95,55,9,0.405,-0.81,1437,1915
2026-04-08,50.18,77.7,105,11,2.117,5.33,1427,1928
2026-04-09,47.99,38.68,66,10,0.095,4.05,1417,1926
2026-04-10,52.01,50.0,75,3,0.628,2.29,1415,1926
2026-04-13,55.78,52.49,117,3,1.019,3.41,1418,1924
2026-04-14,61.66,54.84,58,4,0.684,3.93,1424,1933
2026-04-15,63.96,51.37,65,0,0.577,3.91,1426,1935
2026-04-16,70.7,60.75,70,0,0.915,3.76,1430,1934
2026-04-17,70.17,46.98,93,0,0.706,3.63,1428,1937
2026-04-20,68.9,44.09,122,2,0.633,4.84,1434,1939
2026-04-21,72.34,51.16,99,1,0.882,5.79,1439,1945
2026-04-22,72.82,48.66,102,1,0.793,8.72,1446,1942
2026-04-23,56.82,13.59,34,41,-2.325,6.62,1459,1942
2026-04-24,52.67,30.41,44,10,-0.488,4.34,1460,1937
2026-04-27,46.79,24.92,39,19,-0.987,3.79,1466,1926
2026-04-28,51.2,57.84,70,6,0.93,4.57,1463,1919
2026-04-29,54.1,46.2,50,2,0.289,5.85,1462,1922
2026-04-30,48.26,33.13,46,4,-0.128,8.05,1465,1932
2026-05-04,52.52,52.14,96,1,1.044,7.05,1468,1939
2026-05-05,57.17,59.14,94,3,1.182,9.28,1471,1941
2026-05-06,53.52,37.76,45,10,-0.252,8.56,1478,1941
2026-05-07,56.72,53.34,93,4,0.823,7.19,1488,1946
2026-05-08,51.8,35.1,46,13,-0.477,6.57,1502,1943
2026-05-11,53.08,49.36,100,6,0.803,6.76,1511,1943
2026-05-12,50.13,32.62,75,1,-0.014,5.67,1508,1950
2026-05-13,45.52,30.49,56,14,-0.549,4.37,1507,1935
2026-05-14,44.69,34.78,66,10,-0.134,3.64,1524,1935
2026-05-15,38.78,24.36,46,30,-1.036,1.63,1529,1946
2026-05-18,40.36,43.82,62,9,0.287,1.21,1536,1942
2026-05-19,37.32,34.87,38,22,-0.613,-0.04,1522,1936
2026-05-20,38.91,43.34,57,10,0.182,-0.74,1524,1929
2026-05-21,51.39,77.3,104,4,2.048,0.5,1516,1934
2026-05-22,58.58,59.93,113,3,1.578,4.51,1509,1949
2026-05-25,60.87,48.59,125,3,1.044,6.12,1523,1955
2026-05-26,60.05,39.21,86,5,0.183,7.38,1522,1951
2026-05-27,55.0,30.07,48,10,-0.512,5.84,1529,1949
2026-05-28,49.97,36.0,65,8,-0.392,5.12,1535,1953
2026-05-29,59.17,70.11,83,2,1.489,6.83,1548,1957
2026-06-01,71.33,63.6,117,3,1.416,7.22,1559,1956
2026-06-02,70.01,43.98,83,6,0.126,6.1,1564,1953
2026-06-03,78.94,65.98,101,3,1.42,7.88,1572,1955
2026-06-04,75.56,42.47,74,11,-0.196,6.79,1571,1952
2026-06-05,70.76,33.98,52,17,-0.644,6.61,1570,1945
2026-06-08,49.08,9.72,33,83,-3.078,2.5,1569,1944
2026-06-09,57.72,69.8,107,3,1.717,4.28,1568,1944
2026-06-10,47.97,23.78,32,40,-1.814,2.95,1574,1943
2026-06-11,45.4,39.25,42,12,-0.17,2.91,1575,1949
2026-06-12,53.34,72.84,65,5,1.338,5.38,1571,1948
2026-06-15,59.44,64.32,102,5,1.415,6.57,1573,1948
2026-06-16,50.41,28.62,51,4,-0.561,6.62,1577,1950
2026-06-17,54.74,57.99,66,1,0.943,7.43,1573,1947
2026-06-18,57.0,56.41,99,4,1.099,6.44,1572,1941
2026-06-22,60.76,49.82,117,3,0.894,5.72,1575,1949
2026-06-23,50.57,21.74,43,10,-1.308,3.26,1568,1950
2026-06-24,50.26,45.58,51,5,0.313,3.39,1564,1946
2026-06-25,46.75,35.29,39,3,-0.356,3.55,1553,1944
2026-06-26,28.65,8.08,18,41,-2.775,1.08,1550,1942
2026-06-29,33.1,56.77,37,11,0.448,0.04,1547,1943
2026-06-30,42.47,70.91,99,5,1.729,0.35,1533,1939
2026-07-01,42.26,38.25,68,4,-0.034,0.19,1524,1945
2026-07-02,50.36,60.62,87,2,1.045,-0.18,1511,1940
2026-07-03,66.56,73.6,90,3,1.566,1.58,1513,1947
2026-07-06,66.93,48.08,62,9,0.226,2.47,1506,1955
2026-07-07,44.8,13.43,12,45,-2.518,3.06,1500,1951
2026-07-08,43.31,37.6,32,5,-0.111,1.21,1494,1947
2026-07-09,40.69,37.8,42,8,-0.222,2.85,1487,1942
2026-07-13,33.74,28.92,43,28,-1.001,1.99,1479,1943
2026-07-14,25.61,18.02,20,10,-1.665,-1.03,1484,1942
2026-07-15,35.74,78.68,54,0,1.631,-0.82,1480,1942
2026-07-16,33.27,32.18,27,9,-0.666,-0.92,1479,1939
2026-07-17,18.84,7.47,8,134,-3.943,-5.72,1481,1942
2026-07-20,18.64,32.07,19,34,-1.098,-7.77,1481,1946
2026-07-21,25.19,79.59,72,5,1.836,-6.91,1473,1940
2026-07-22,25.6,54.74,53,4,0.804,-4.91,1465,1940
2026-07-23,23.19,33.47,17,8,-0.465,-5.65,1462,1936
2026-07-24,21.66,28.71,14,19,-1.118,-6.37,1459,1926
2026-07-27,21.66,40.06,20,12,-0.216,-3.91,1454,1922
2026-07-28,12.22,7.44,4,95,-3.462,-7.65,1457,1922
2026-07-29,11.2,17.29,10,113,-2.633,-11.61,1464,1937
2026-07-30,8.96,23.42,5,50,-1.775,-13.15,1462,1934
2026-07-31,13.81,84.89,200,1,3.599,-10.95,1455,1939
2026-08-03,17.75,62.4,106,1,1.561,-10.96,1442,1936
2026-08-04,22.49,60.25,79,2,1.301,-10.0,1432,1922
2026-08-05,34.36,64.82,75,2,1.35,-6.43,1423,1930
2026-08-06,39.72,49.87,47,3,0.498,-5.86,1420,1933
2026-08-07,42.99,42.82,27,9,-0.236,-5.87,1419,1929
2026-08-10,58.22,68.34,76,4,1.547,-3.45,1412,1936
2026-08-11,57.92,36.59,26,12,-0.242,-2.05,1402,1946
2026-08-12,64.66,56.82,53,2,0.822,-2.83,1395,1943
2026-08-13,66.76,40.53,43,4,0.166,-2.02,1396,1944
2026-08-14,60.68,28.6,29,5,-0.58,1.41,1391,1944
2026-08-17,61.01,46.55,32,5,0.205,2.75,1380,1944
2026-08-18,52.75,21.64,17,4,-1.087,-0.2,1382,1936
2026-08-19,52.25,36.31,17,3,-0.188,-1.18,1378,1925
2026-08-20,60.97,65.32,28,0,0.742,0.02,1376,1926
2026-08-21,64.7,51.55,25,2,0.292,1.44,1374,1940
2026-08-24,60.86,31.64,19,6,-0.365,1.29,1372,1934
2026-08-25,57.37,40.55,28,1,0.19,5.12,1363,1921
2026-08-26,69.08,72.14,66,1,1.392,9.47,1339,1935
2026-08-27,67.24,48.25,52,0,0.526,12.03,1331,1940
2026-08-28,63.53,36.46,36,4,0.043,8.19,1327,1942
2026-08-31,52.98,31.07,23,7,-0.458,6.04,1325,1931
2026-09-01,56.33,53.56,36,3,0.584,5.28,1326,1923
2026-09-02,53.11,35.6,24,0,-0.18,3.69,1318,1924
2026-09-03,38.68,18.78,11,8,-1.422,1.71,1316,1922
2026-09-04,47.34,65.94,36,4,1.048,3.02,1316,1926
2026-09-07,45.18,37.62,31,3,-0.048,1.41,1308,1938
2026-09-08,36.32,26.53,19,4,-0.698,0.94,1305,1945
2026-09-09,42.76,51.58,23,0,0.463,0.58,1305,1933
2026-09-10,37.2,25.73,21,1,-0.544,-0.13,1293,1928
2026-09-11,29.33,21.67,17,10,-1.039,-0.59,1292,1924
2026-09-14,26.93,34.36,25,9,-0.214,-1.01,1292,1924
2026-09-15,20.85,22.6,23,4,-0.718,-0.64,1290,1929
2026-09-16,29.99,67.63,45,1,1.222,0.76,1287,1931
2026-09-17,39.19,63.77,41,2,0.735,0.76,1286,1932
2026-09-18,52.02,67.68,66,0,1.343,1.81,1290,1937
2026-09-21,55.88,47.39,66,1,0.47,2.67,1292,1937
2026-09-22,51.08,30.76,26,6,-0.266,2.2,1298,1941
2026-09-23,50.58,37.58,31,4,-0.005,0.79,1301,1937
2026-09-24,51.54,39.77,23,2,0.169,0.43,1300,1931
2026-09-29,51.46,39.37,45,2,0.215,0.61,1302,1933
2026-09-30,62.09,68.9,57,1,1.065,2.15,1303,1942
2026-10-01,62.85,38.69,50,4,0.159,1.72,1303,1941
2026-10-02,67.46,48.17,55,5,0.579,2.49,1303,1937
2026-10-05,62.42,33.8,49,4,-0.032,3.93,1304,1941
2026-10-06,61.38,39.33,31,6,-0.111,2.74,1305,1940
2026-10-07,66.33,51.68,34,6,0.446,3.25,1304,1935
2026-10-08,64.82,40.11,38,5,0.03,4.0,1302,1937
