date,code,market,kind,prev_close,ref_price,factor,src
2024-08-26,3481,TWSE,減資（退還股款）,14.55,15.17,0.95912986,TWTAUU
2024-09-02,4154,TPEX,減資（彌補虧損）,14.5,21.0,0.69047619,revivt
2024-09-09,2911,TWSE,減資（彌補虧損）,7.2,9.6,0.75,TWTAUU
2024-09-16,5227,TPEX,減資（彌補虧損）,28.0,34.18,0.81919251,revivt
2024-09-30,2489,TWSE,減資（退還股款）,20.3,21.21,0.95709571,TWTAUU
2024-09-30,4946,TPEX,減資（彌補虧損）,33.8,46.49,0.72703807,revivt
2024-09-30,5348,TPEX,減資（彌補虧損）,13.5,26.45,0.51039698,revivt
2024-09-30,6208,TPEX,減資（現金減資）,54.2,65.25,0.83065134,revivt
2024-09-30,8034,TPEX,減資（現金減資）,18.9,19.89,0.95022624,revivt
2024-10-07,3171,TPEX,減資（現金減資）,26.5,43.0,0.61627907,revivt
2024-10-21,5469,TWSE,減資（退還股款）,51.9,55.54,0.93446165,TWTAUU
2024-10-21,6161,TPEX,減資（現金減資）,45.55,57.4,0.79355401,revivt
2024-10-21,8249,TWSE,減資（退還股款）,48.95,53.27,0.9189037,TWTAUU
2024-10-28,6164,TWSE,減資（退還股款）,14.75,15.93,0.92592593,TWTAUU
2024-11-11,3041,TWSE,減資（彌補虧損）,19.75,32.91,0.60012154,TWTAUU
2024-11-11,3356,TWSE,減資（退還股款）,62.1,65.28,0.95128676,TWTAUU
2024-11-11,5515,TWSE,減資（退還股款）,21.9,24.87,0.88057901,TWTAUU
2024-11-11,8476,TWSE,變更面額,58.8,29.4,2.0,TWTB8U
2024-11-25,3494,TWSE,減資（彌補虧損）,7.88,17.51,0.45002856,TWTAUU
2024-12-30,1538,TWSE,減資（彌補虧損）,17.35,28.91,0.60013836,TWTAUU
2025-01-13,2740,TPEX,減資（彌補虧損）,21.55,39.18,0.55002552,revivt
2025-01-20,3115,TPEX,減資（彌補虧損）,9.5,12.89,0.73700543,revivt
2025-02-12,2025,TWSE,減資（彌補虧損）,10.5,17.09,0.61439438,TWTAUU
2025-06-23,2371,TWSE,減資（退還股款）,40.15,41.73,0.96213755,TWTAUU
2025-06-30,4763,TWSE,變更面額,885.0,88.5,10.0,TWTB8U
2025-07-14,4414,TWSE,減資（彌補虧損）,3.17,12.03,0.2635079,TWTAUU
2025-07-21,6919,TWSE,變更面額,1215.0,121.5,10.0,TWTB8U
2025-08-11,8291,TPEX,減資（彌補虧損）,6.82,25.26,0.26999208,revivt
2025-08-25,2327,TWSE,變更面額,546.0,136.5,4.0,TWTB8U
2025-08-25,3290,TPEX,減資（現金減資）,28.65,36.64,0.78193231,revivt
2025-09-15,2101,TWSE,減資（退還股款）,40.0,44.08,0.90744102,TWTAUU
2025-09-15,3321,TWSE,減資（彌補虧損）,7.62,13.93,0.54702082,TWTAUU
2025-09-30,6120,TWSE,減資（退還股款）,10.9,11.0,0.99090909,TWTAUU
2025-10-03,4806,TPEX,減資（彌補虧損）,7.54,15.08,0.5,revivt
2025-10-07,2352,TWSE,減資（退還股款）,30.15,34.57,0.87214348,TWTAUU
2025-10-07,2489,TWSE,減資（退還股款）,13.35,13.73,0.97232338,TWTAUU
2025-10-07,2607,TWSE,減資（退還股款）,35.0,60.0,0.58333333,TWTAUU
2025-10-07,3057,TWSE,減資（彌補虧損）,9.32,14.31,0.6512928,TWTAUU
2025-10-07,9924,TWSE,減資（退還股款）,44.8,53.5,0.83738318,TWTAUU
2025-10-20,2314,TWSE,減資（彌補虧損）,10.3,24.46,0.42109567,TWTAUU
2025-10-20,6167,TPEX,減資（現金減資）,11.95,12.17,0.98192276,revivt
2025-11-03,2832,TWSE,減資（退還股款）,36.0,47.14,0.76368265,TWTAUU
2025-11-11,4950,TPEX,減資（彌補虧損）,10.3,26.18,0.3934301,revivt
2025-11-12,5301,TPEX,減資（彌補虧損）,6.41,13.89,0.46148308,revivt
2025-11-17,8422,TWSE,變更面額,250.0,25.0,10.0,TWTB8U
2025-11-24,1808,TWSE,減資（退還股款）,34.45,37.16,0.92707212,TWTAUU
2025-11-24,6465,TPEX,減資（彌補虧損）,15.65,17.25,0.90724638,revivt
2025-11-24,9927,TWSE,減資（退還股款）,52.4,69.11,0.75821155,TWTAUU
2025-12-08,8103,TWSE,減資（退還股款）,74.7,86.11,0.86749506,TWTAUU
2025-12-22,3593,TWSE,減資（彌補虧損）,8.1,13.5,0.6,TWTAUU
2025-12-29,4530,TPEX,減資（彌補虧損）,12.3,31.32,0.39272031,revivt
2026-01-12,1414,TWSE,減資（退還股款）,17.45,18.27,0.95511768,TWTAUU
2026-01-12,8093,TPEX,減資（彌補虧損）,13.0,21.67,0.59990771,revivt
2026-01-19,7780,TWSE,變更面額,185.0,18.5,10.0,TWTB8U
2026-02-03,4174,TPEX,減資（彌補虧損）,27.6,55.2,0.5,revivt
2026-04-13,5381,TPEX,減資（彌補虧損）,22.5,26.47,0.85001889,revivt
2026-06-29,2380,TWSE,減資（彌補虧損）,6.6,23.86,0.27661358,TWTAUU
2026-06-30,3152,TPEX,減資（現金減資）,208.0,360.24,0.57739285,revivt
2026-08-03,1459,TWSE,減資（退還股款）,11.85,12.46,0.95104334,TWTAUU
2026-08-24,6176,TWSE,減資（退還股款）,81.3,105.06,0.77384352,TWTAUU
2026-08-25,6241,TPEX,減資（彌補虧損）,13.85,18.98,0.72971549,revivt
2026-09-07,1563,TWSE,減資（退還股款）,66.0,84.66,0.77958894,TWTAUU
2026-09-07,6949,TWSE,變更面額,1490.0,74.5,20.0,TWTB8U
2026-09-09,6461,TPEX,減資（彌補虧損）,16.65,26.92,0.61849926,revivt
2026-09-14,6129,TPEX,減資（彌補虧損）,13.1,14.76,0.88753388,revivt
2026-09-21,2321,TWSE,減資（彌補虧損）,15.1,27.61,0.5469033,TWTAUU
2026-09-21,3356,TWSE,減資（退還股款）,59.4,68.04,0.87301587,TWTAUU
2026-09-21,3591,TWSE,減資（退還股款）,23.65,25.22,0.93774782,TWTAUU
2026-09-21,3710,TPEX,減資（彌補虧損）,5.13,8.32,0.61658654,revivt
2026-09-21,8059,TPEX,減資（彌補虧損）,13.4,22.33,0.60008957,revivt
2026-09-21,8277,TPEX,減資（彌補虧損）,8.05,18.67,0.431173,revivt
2026-09-29,1441,TWSE,減資（彌補虧損）,8.72,10.13,0.86080948,TWTAUU
2026-09-29,6550,TWSE,減資（彌補虧損）,9.92,19.09,0.51964379,TWTAUU
2026-10-02,4806,TPEX,減資（彌補虧損）,10.4,14.87,0.69939475,revivt
2026-10-05,2601,TWSE,減資（彌補虧損）,5.91,7.06,0.83711048,TWTAUU
2026-10-07,4527,TPEX,減資（現金減資）,40.9,44.33,0.92262576,revivt
2026-10-07,5301,TPEX,減資（彌補虧損）,4.99,6.1,0.81803279,revivt
2026-10-12,2323,TWSE,減資（退還股款）,11.0,10.88,1.01102941,TWTAUU
2026-10-12,3085,TPEX,減資（彌補虧損）,12.1,15.59,0.77613855,revivt
2026-10-19,2067,TPEX,減資（彌補虧損）,4.8,6.4,0.75,revivt
2026-10-19,3625,TPEX,減資（彌補虧損）,10.1,19.86,0.50855992,revivt
2026-10-19,3632,TPEX,減資（彌補虧損）,7.1,13.2,0.53787879,revivt
2026-10-19,4155,TWSE,減資（退還股款）,14.2,14.68,0.96730245,TWTAUU
2026-10-19,6167,TPEX,減資（現金減資）,10.3,10.31,0.99903007,revivt
2026-10-19,6173,TPEX,減資（現金減資）,284.0,301.49,0.94198813,revivt
