asof,code,name,weight
2026-09-25,2330,台積電,57.35
2026-09-25,2454,聯發科,5.64
2026-09-25,2308,台達電,3.47
2026-09-25,2317,鴻海,2.98
2026-09-25,3711,日月光投控,1.89
2026-09-25,2383,台光電,1.56
2026-09-25,2303,聯電,1.47
2026-09-25,3037,欣興,1.29
2026-09-25,1303,南亞,1.17
2026-09-25,2881,富邦金,1.17
2026-09-25,2891,中信金,1.12
2026-09-25,3017,奇鋐,1.07
2026-09-25,2882,國泰金,1.03
2026-09-25,2345,智邦,0.98
2026-09-25,2887,台新新光金,0.88
2026-09-25,2382,廣達,0.87
2026-09-25,2327,國巨*,0.84
2026-09-25,2059,川湖,0.76
2026-09-25,2885,元大金,0.73
2026-09-25,6669,緯穎,0.72
2026-09-25,2360,致茂,0.71
2026-09-25,3008,大立光,0.7
2026-09-25,2357,華碩,0.66
2026-09-25,2884,玉山金,0.62
2026-09-25,2408,南亞科,0.61
2026-09-25,2301,光寶科,0.58
2026-09-25,2886,兆豐金,0.56
2026-09-25,2344,華邦電,0.55
2026-09-25,2890,永豐金,0.53
2026-09-25,3231,緯創,0.53
2026-09-25,2883,凱基金,0.52
2026-09-25,2412,中華電,0.51
2026-09-25,3653,健策,0.51
2026-09-25,3443,創意,0.48
2026-09-25,2368,金像電,0.39
2026-09-25,2892,第一金,0.39
2026-09-25,2880,華南金,0.38
2026-09-25,3665,貿聯-KY,0.38
2026-09-25,1216,統一,0.37
2026-09-25,4958,臻鼎-KY,0.37
2026-09-25,7769,鴻勁,0.33
2026-09-25,2395,研華,0.31
2026-09-25,3661,世芯-KY,0.31
2026-09-25,2449,京元電子,0.29
2026-09-25,5880,合庫金,0.27
2026-09-25,8046,南電,0.26
2026-09-25,2603,長榮,0.25
2026-09-25,4904,遠傳,0.18
2026-09-25,3045,台灣大,0.16
2026-09-25,6505,台塑化,0.08
