date,ew_ret,ew_close,ma200,close_above,above,n_stocks,gap,tr_0050,ma200_0050,above_0050,ret_mode
2021-10-04,0.0,100.0,,,,49,0,29.3757,29.5581,1,cross_gap
2021-10-05,0.72345,100.7234,,,,49,0,29.3316,29.5772,0,cross_gap
2021-10-06,-0.11518,100.6074,,,,49,0,29.3426,29.5947,0,cross_gap
2021-10-07,2.09661,102.7168,,,,1778,0,29.861,29.6147,0,cross_gap
2021-10-08,0.13131,102.8517,,,,1792,0,29.6074,29.635,1,cross_gap
2021-10-12,-1.05975,101.7617,,,,1793,0,29.3095,29.6537,0,cross_gap
2021-10-13,-0.88844,100.8576,,,,1802,0,29.2102,29.6724,0,cross_gap
2021-10-14,0.37661,101.2374,,,,1792,0,29.2874,29.6928,0,cross_gap
2021-10-15,1.1455,102.3971,,,,1801,0,30.0596,29.7147,0,cross_gap
2021-10-18,0.26862,102.6722,,,,1791,0,29.9713,29.7368,1,cross_gap
2021-10-19,1.00709,103.7062,,,,1800,0,30.214,29.7606,1,cross_gap
2021-10-20,0.27142,103.9877,,,,1798,0,30.1368,29.7828,1,cross_gap
2021-10-21,0.27808,104.2768,,,,1794,0,30.0265,29.8059,1,cross_gap
2021-10-22,0.04185,104.3205,,,,1791,0,30.1148,29.8292,1,cross_gap
2021-10-25,0.53692,104.8806,,,,1801,0,30.0927,29.8518,1,cross_gap
2021-10-26,0.26286,105.1563,,,,1806,0,30.3464,29.8754,1,cross_gap
2021-10-27,0.72581,105.9195,,,,1803,0,30.3464,29.8979,1,cross_gap
2021-10-28,0.31376,106.2518,,,,1800,0,30.2581,29.9201,1,cross_gap
2021-10-29,0.28032,106.5497,,,,1802,0,29.9603,29.939,1,cross_gap
2021-11-01,1.03933,107.6571,,,,1801,0,30.1148,29.9579,1,cross_gap
2021-11-02,-0.85416,106.7375,,,,1806,0,30.0596,29.9743,1,cross_gap
2021-11-03,0.70869,107.494,,,,1803,0,30.1368,29.9908,1,cross_gap
2021-11-04,0.28711,107.8026,,,,1808,0,30.0375,30.0054,1,cross_gap
2021-11-05,0.17398,107.9901,,,,1801,0,30.4678,30.0189,1,cross_gap
2021-11-08,0.13424,108.1351,,,,1811,0,30.7104,30.0312,1,cross_gap
2021-11-09,0.39726,108.5647,,,,1806,0,31.0414,30.0439,1,cross_gap
2021-11-10,0.32107,108.9133,,,,1815,0,30.9972,30.0566,1,cross_gap
2021-11-11,0.02155,108.9367,,,,1810,0,30.7214,30.0646,1,cross_gap
2021-11-12,0.20347,109.1584,,,,1807,0,30.8207,30.0743,1,cross_gap
2021-11-15,0.82903,110.0633,,,,1812,0,31.0965,30.085,1,cross_gap
2021-11-16,0.21697,110.3021,,,,1815,0,31.1517,30.096,1,cross_gap
2021-11-17,0.4931,110.846,,,,1817,0,31.251,30.1037,1,cross_gap
2021-11-18,0.02104,110.8694,,,,1817,0,31.4275,30.112,1,cross_gap
2021-11-19,-0.1271,110.7284,,,,1813,0,31.5047,30.1156,1,cross_gap
2021-11-22,0.71499,111.5201,,,,1805,0,31.4275,30.1215,1,cross_gap
2021-11-23,-0.92163,110.4923,,,,1805,0,31.1296,30.1279,1,cross_gap
2021-11-24,0.75765,111.3295,,,,1809,0,30.9972,30.1367,1,cross_gap
2021-11-25,0.02287,111.3549,,,,1812,0,30.9862,30.1453,1,cross_gap
2021-11-26,-1.40549,109.7899,,,,1801,0,30.4788,30.1542,1,cross_gap
2021-11-29,-0.38282,109.3696,,,,1802,0,30.4788,30.1656,1,cross_gap
2021-11-30,0.92112,110.377,,,,1808,0,30.4456,30.1739,1,cross_gap
2021-12-01,0.62504,111.0669,,,,1802,0,30.9531,30.1808,1,cross_gap
2021-12-02,-0.65455,110.3399,,,,1803,0,31.284,30.1894,1,cross_gap
2021-12-03,0.72598,111.1409,,,,1813,0,31.273,30.1988,1,cross_gap
2021-12-06,0.41836,111.6059,,,,1806,0,31.1847,30.2064,1,cross_gap
2021-12-07,0.29644,111.9368,,,,1812,0,31.284,30.2082,1,cross_gap
2021-12-08,0.64309,112.6566,,,,1816,0,31.4054,30.2108,1,cross_gap
2021-12-09,0.07429,112.7403,,,,1815,0,31.3282,30.2146,1,cross_gap
2021-12-10,0.03015,112.7743,,,,1812,0,31.3172,30.2185,1,cross_gap
2021-12-13,0.50331,113.3419,,,,1814,0,31.2179,30.2222,1,cross_gap
2021-12-14,-1.42071,111.7316,,,,1811,0,30.909,30.2266,1,cross_gap
2021-12-15,0.75814,112.5787,,,,1815,0,30.9531,30.23,1,cross_gap
2021-12-16,0.70717,113.3748,,,,1809,0,31.3392,30.2399,1,cross_gap
2021-12-17,-0.49456,112.8141,,,,1816,0,31.3061,30.2496,1,cross_gap
2021-12-20,-0.03127,112.7789,,,,1800,0,31.0304,30.2558,1,cross_gap
2021-12-21,0.58901,113.4431,,,,1807,0,31.295,30.2662,1,cross_gap
2021-12-22,0.3495,113.8396,,,,1814,0,31.295,30.2775,1,cross_gap
2021-12-23,0.48055,114.3867,,,,1807,0,31.4715,30.2898,1,cross_gap
2021-12-24,0.02895,114.4198,,,,1808,0,31.5598,30.3031,1,cross_gap
2021-12-27,0.58302,115.0869,,,,1817,0,31.8025,30.317,1,cross_gap
2021-12-28,0.13614,115.2436,,,,1815,0,32.0562,30.329,1,cross_gap
2021-12-29,0.66519,116.0102,,,,1819,0,32.1996,30.3412,1,cross_gap
2021-12-30,0.25061,116.3009,,,,1817,0,32.1003,30.3533,1,cross_gap
2022-01-03,-0.10931,116.1738,,,,1810,0,32.2989,30.3659,1,cross_gap
2022-01-04,0.18246,116.3857,,,,1814,0,33.0049,30.3832,1,cross_gap
2022-01-05,-0.48902,115.8166,,,,1819,0,32.9387,30.3995,1,cross_gap
2022-01-06,-0.26312,115.5118,,,,1807,0,32.6298,30.4165,1,cross_gap
2022-01-07,-1.0709,114.2748,,,,1819,0,32.343,30.4315,1,cross_gap
2022-01-10,0.37483,114.7032,,,,1816,0,32.5526,30.4472,1,cross_gap
2022-01-11,-1.17326,113.3574,,,,1821,0,32.7181,30.4661,1,cross_gap
2022-01-12,-0.13536,113.204,,,,1813,0,32.9938,30.4859,1,cross_gap
2022-01-13,-0.07934,113.1141,,,,1810,0,33.1593,30.5039,1,cross_gap
2022-01-14,-1.13593,111.8292,,,,1829,0,33.1593,30.5206,1,cross_gap
2022-01-17,0.96335,112.9066,,,,1821,0,33.5344,30.5388,1,cross_gap
2022-01-18,0.01712,112.9259,,,,1806,0,33.1593,30.5563,1,cross_gap
2022-01-19,-0.4122,112.4604,,,,1809,0,32.7622,30.5708,1,cross_gap
2022-01-20,0.29347,112.7904,,,,1806,0,32.8945,30.5836,1,cross_gap
2022-01-21,-1.68197,110.8933,,,,1820,0,32.1619,30.5923,1,cross_gap
2022-01-24,-0.46874,110.3735,,,,1815,0,32.4662,30.6029,1,cross_gap
2022-01-25,-1.44959,108.7736,,,,1825,0,31.9364,30.6116,1,cross_gap
2022-01-26,0.25511,109.0511,,,,1828,0,31.9138,30.6203,1,cross_gap
2022-02-07,2.13313,111.3773,,,,1824,0,32.0829,30.629,1,cross_gap
2022-02-08,1.21924,112.7352,,,,1816,0,32.2182,30.6371,1,cross_gap
2022-02-09,1.03276,113.8995,,,,1819,0,32.3309,30.6455,1,cross_gap
2022-02-10,0.00238,113.9022,,,,1822,0,32.7029,30.6555,1,cross_gap
2022-02-11,-0.01659,113.8833,,,,1825,0,32.6804,30.6657,1,cross_gap
2022-02-14,-1.43632,112.2476,,,,1825,0,32.1731,30.6748,1,cross_gap
2022-02-15,0.19403,112.4654,,,,1829,0,32.0266,30.6832,1,cross_gap
2022-02-16,0.99004,113.5788,,,,1822,0,32.5564,30.6928,1,cross_gap
2022-02-17,0.04965,113.6352,,,,1832,0,32.579,30.7004,1,cross_gap
2022-02-18,0.46473,114.1633,,,,1829,0,32.4888,30.7074,1,cross_gap
2022-02-21,0.24201,114.4396,,,,1828,0,32.4211,30.715,1,cross_gap
2022-02-22,-1.49328,112.7307,,,,1829,0,31.9815,30.7202,1,cross_gap
2022-02-23,0.8824,113.7254,,,,1825,0,32.0717,30.7285,1,cross_gap
2022-02-24,-2.38236,111.0161,,,,1834,0,31.2938,30.7341,1,cross_gap
2022-02-25,0.7242,111.8201,,,,1829,0,31.2262,30.7409,1,cross_gap
2022-03-01,1.32895,113.3061,,,,1830,0,31.6658,30.7486,1,cross_gap
2022-03-02,0.19299,113.5248,,,,1814,0,31.4854,30.7526,1,cross_gap
2022-03-03,0.38861,113.9659,,,,1831,0,31.5531,30.758,1,cross_gap
2022-03-04,-0.6383,113.2385,,,,1829,0,31.2148,30.7675,1,cross_gap
2022-03-07,-2.72246,110.1556,,,,1829,0,30.2116,30.7762,1,cross_gap
2022-03-08,-2.03755,107.9111,,,,1833,0,29.569,30.7837,0,cross_gap
2022-03-09,1.36797,109.3873,,,,1823,0,29.8734,30.7912,0,cross_gap
2022-03-10,1.52698,111.0577,,,,1822,0,30.7414,30.8057,0,cross_gap
2022-03-11,-0.39249,110.6218,,,,1819,0,30.3018,30.8117,0,cross_gap
2022-03-14,0.16928,110.809,,,,1831,0,30.3018,30.8186,0,cross_gap
2022-03-15,-1.72825,108.894,,,,1822,0,29.6818,30.8234,0,cross_gap
2022-03-16,0.1815,109.0916,,,,1827,0,29.8058,30.8268,0,cross_gap
2022-03-17,1.98108,111.2528,,,,1829,0,30.7528,30.8352,0,cross_gap
2022-03-18,0.55096,111.8658,,,,1824,0,30.6851,30.8407,0,cross_gap
2022-03-21,0.59389,112.5301,,,,1810,0,30.8879,30.8472,0,cross_gap
2022-03-22,0.53239,113.1292,,,,1824,0,30.8428,30.8545,1,cross_gap
2022-03-23,0.54629,113.7472,,,,1835,0,31.136,30.8607,0,cross_gap
2022-03-24,0.16697,113.9372,,,,1831,0,31.1134,30.8654,1,cross_gap
2022-03-25,-0.3506,113.5377,,,,1824,0,31.1585,30.8697,1,cross_gap
2022-03-28,-0.20332,113.3069,,,,1827,0,30.8203,30.8723,1,cross_gap
2022-03-29,0.15558,113.4831,,,,1833,0,30.8542,30.8752,0,cross_gap
2022-03-30,0.62179,114.1888,,,,1830,0,31.2375,30.8807,0,cross_gap
2022-03-31,-0.35761,113.7804,,,,1822,0,31.136,30.8853,1,cross_gap
2022-04-01,0.02168,113.8051,,,,1829,0,30.8767,30.8895,1,cross_gap
2022-04-06,-0.01444,113.7887,,,,1824,0,30.7189,30.894,0,cross_gap
2022-04-07,-1.57105,112.001,,,,1823,0,30.1665,30.8934,0,cross_gap
2022-04-08,0.97869,113.0971,,,,1828,0,30.3356,30.8932,0,cross_gap
2022-04-11,-1.3516,111.5685,,,,1830,0,29.8621,30.8897,0,cross_gap
2022-04-12,-0.28547,111.25,,,,1817,0,29.8847,30.8865,0,cross_gap
2022-04-13,1.11743,112.4931,,,,1826,0,30.4483,30.8866,0,cross_gap
2022-04-14,0.1108,112.6178,,,,1824,0,30.3356,30.8864,0,cross_gap
2022-04-15,-0.88765,111.6181,,,,1821,0,29.817,30.8873,0,cross_gap
2022-04-18,-0.34811,111.2296,,,,1822,0,29.6592,30.8872,0,cross_gap
2022-04-19,0.47802,111.7613,,,,1817,0,29.7607,30.8852,0,cross_gap
2022-04-20,0.52338,112.3462,,,,1821,0,29.9072,30.8843,0,cross_gap
2022-04-21,0.35195,112.7416,,,,1823,0,29.9298,30.8833,0,cross_gap
2022-04-22,-0.42882,112.2582,,,,1815,0,29.6705,30.8807,0,cross_gap
2022-04-25,-2.82936,109.082,,,,1823,0,29.1407,30.875,0,cross_gap
2022-04-26,-0.19466,108.8696,,,,1816,0,29.1407,30.8678,0,cross_gap
2022-04-27,-1.45083,107.2901,,,,1826,0,28.5319,30.8583,0,cross_gap
2022-04-28,0.55786,107.8886,,,,1822,0,28.656,30.8494,0,cross_gap
2022-04-29,0.53948,108.4707,,,,1823,0,29.028,30.841,0,cross_gap
2022-05-03,-0.0997,108.3625,,,,1809,0,28.8138,30.8313,0,cross_gap
2022-05-04,0.1336,108.5073,,,,1806,0,28.8138,30.8224,0,cross_gap
2022-05-05,0.84468,109.4239,,,,1816,0,29.1407,30.8153,0,cross_gap
2022-05-06,-0.97898,108.3526,,,,1813,0,28.5544,30.8065,0,cross_gap
2022-05-09,-2.25157,105.913,,,,1827,0,28.081,30.794,0,cross_gap
2022-05-10,0.33342,106.2661,,,,1824,0,27.957,30.7796,0,cross_gap
2022-05-11,-0.60903,105.6189,,,,1813,0,28.0021,30.765,0,cross_gap
2022-05-12,-2.12878,103.3705,,,,1824,0,27.337,30.7457,0,cross_gap
2022-05-13,1.37348,104.7903,,,,1825,0,27.585,30.7297,0,cross_gap
2022-05-16,0.24273,105.0447,,,,1804,0,27.7316,30.7161,0,cross_gap
2022-05-17,1.07547,106.1744,,,,1812,0,28.0359,30.7054,0,cross_gap
2022-05-18,1.01063,107.2474,,,,1815,0,28.3403,30.6963,0,cross_gap
2022-05-19,-0.58392,106.6212,,,,1805,0,27.7992,30.6834,0,cross_gap
2022-05-20,0.55683,107.2149,,,,1807,0,28.1036,30.6721,0,cross_gap
2022-05-23,0.4759,107.7251,,,,1817,0,28.1599,30.6624,0,cross_gap
2022-05-24,-1.04314,106.6014,,,,1805,0,27.8443,30.6511,0,cross_gap
2022-05-25,0.92238,107.5847,,,,1818,0,28.0585,30.6433,0,cross_gap
2022-05-26,-0.27594,107.2878,,,,1820,0,27.709,30.6313,0,cross_gap
2022-05-27,0.80581,108.1523,,,,1813,0,28.2952,30.6227,0,cross_gap
2022-05-30,1.34108,109.6027,,,,1832,0,28.9829,30.6155,0,cross_gap
2022-05-31,0.26277,109.8907,,,,1813,0,29.2647,30.6091,0,cross_gap
2022-06-01,0.48896,110.4281,,,,1813,0,29.1181,30.6011,0,cross_gap
2022-06-02,0.02377,110.4543,,,,1810,0,28.8138,30.5918,0,cross_gap
2022-06-06,0.1563,110.6269,,,,1821,0,29.0166,30.5838,0,cross_gap
2022-06-07,0.04443,110.6761,,,,1824,0,28.7236,30.5747,0,cross_gap
2022-06-08,0.30958,111.0187,,,,1823,0,29.0392,30.5681,0,cross_gap
2022-06-09,0.34816,111.4052,,,,1827,0,28.949,30.5615,0,cross_gap
2022-06-10,-0.03037,111.3714,,,,1820,0,28.656,30.5537,0,cross_gap
2022-06-13,-1.6545,109.5288,,,,1818,0,27.8555,30.5433,0,cross_gap
2022-06-14,-0.423,109.0655,,,,1815,0,27.8104,30.5331,0,cross_gap
2022-06-15,0.36134,109.4596,,,,1822,0,27.6752,30.5233,0,cross_gap
2022-06-16,-1.43525,107.8885,,,,1827,0,27.6188,30.5126,0,cross_gap
2022-06-17,-0.79107,107.0351,,,,1825,0,27.2468,30.5034,0,cross_gap
2022-06-20,-2.93482,103.8938,,,,1829,0,26.9988,30.4942,0,cross_gap
2022-06-21,2.40309,106.3904,,,,1828,0,27.5512,30.4837,0,cross_gap
2022-06-22,-2.16278,104.0895,,,,1829,0,26.9424,30.4698,0,cross_gap
2022-06-23,-0.14314,103.9405,,,,1822,0,26.5817,30.4526,0,cross_gap
2022-06-24,1.0325,105.0136,,,,1818,0,26.638,30.4347,0,cross_gap
2022-06-27,1.83831,106.9441,,,,1827,0,27.2694,30.4186,0,cross_gap
2022-06-28,-0.7993,106.0893,,,,1821,0,27.01,30.3998,0,cross_gap
2022-06-29,-0.31085,105.7595,,,,1818,0,26.7847,30.3789,0,cross_gap
2022-06-30,-2.29937,103.3277,,,,1819,0,26.1082,30.3539,0,cross_gap
2022-07-01,-3.43446,99.779,,,,1833,0,25.1501,30.3253,0,cross_gap
2022-07-04,0.11852,99.8972,,,,1817,0,24.902,30.2933,0,cross_gap
2022-07-05,1.33128,101.2272,,,,1827,0,25.026,30.2612,0,cross_gap
2022-07-06,-2.14771,99.0531,,,,1825,0,24.5412,30.2274,0,cross_gap
2022-07-07,1.77304,100.8093,,,,1816,0,25.274,30.1986,0,cross_gap
2022-07-08,1.04613,101.8639,,,,1822,0,25.5333,30.1715,0,cross_gap
2022-07-11,-0.16812,101.6927,,,,1814,0,25.3079,30.1414,0,cross_gap
2022-07-12,-2.53491,99.1149,,,,1814,0,24.6991,30.1089,0,cross_gap
2022-07-13,1.63466,100.7351,,,,1822,0,25.5784,30.0806,0,cross_gap
2022-07-14,1.0168,101.7593,,,,1808,0,25.7024,30.0538,0,cross_gap
2022-07-15,0.28579,102.0502,,,,1828,0,26.0406,30.0295,0,cross_gap
2022-07-18,1.30441,103.3813,,,,1828,0,26.1551,30.0053,0,cross_gap
2022-07-19,0.54275,103.9424,,,,1821,0,26.178,29.9848,0,cross_gap
2022-07-20,0.33303,104.2886,,,,1829,0,26.3498,29.9644,0,cross_gap
2022-07-21,1.03661,105.3696,,,,1828,0,26.6475,29.9435,0,cross_gap
2022-07-22,0.13375,105.5106,,,,1821,0,26.7506,29.9229,0,cross_gap
2022-07-25,0.35185,105.8818,,,,1820,0,26.7277,29.9032,0,cross_gap
2022-07-26,-0.77781,105.0582,,,,1814,0,26.4872,29.8856,0,cross_gap
2022-07-27,0.68151,105.7742,,,,1820,0,26.7277,29.868,0,cross_gap
2022-07-28,-0.1925,105.5706,109.2345,0,,1814,0,26.7735,29.8542,0,cross_gap
2022-07-29,0.88201,106.5018,109.267,0,0,1827,0,27.0254,29.8424,0,cross_gap
2022-08-01,0.4785,107.0114,109.2985,0,0,1820,0,26.9452,29.8305,0,cross_gap
2022-08-02,-1.2972,105.6232,109.3235,0,0,1816,0,26.5161,29.8163,0,cross_gap
2022-08-03,-0.75655,104.8241,109.3341,0,0,1821,0,26.6768,29.8004,0,cross_gap
2022-08-04,-0.35204,104.4551,109.3421,0,0,1816,0,26.7456,29.7861,0,cross_gap
2022-08-05,1.75019,106.2833,109.3647,0,0,1833,0,27.4225,29.7767,0,cross_gap
2022-08-08,0.21275,106.5094,109.393,0,0,1823,0,27.3652,29.7674,0,cross_gap
2022-08-09,0.56256,107.1086,109.4223,0,0,1817,0,27.3422,29.7577,0,cross_gap
2022-08-10,0.24277,107.3686,109.4472,0,0,1828,0,27.0554,29.7427,0,cross_gap
2022-08-11,0.66746,108.0852,109.4742,0,0,1829,0,27.5487,29.7306,0,cross_gap
2022-08-12,0.81851,108.9699,109.5006,0,0,1832,0,27.7209,29.7181,0,cross_gap
2022-08-15,0.92494,109.9778,109.5305,1,0,1830,0,27.9733,29.7073,0,cross_gap
2022-08-16,0.19963,110.1974,109.5601,1,1,1832,0,28.0192,29.6973,0,cross_gap
2022-08-17,0.38648,110.6233,109.5916,1,1,1830,0,28.0307,29.6868,0,cross_gap
2022-08-18,0.67185,111.3665,109.6241,1,1,1823,0,27.8471,29.6756,0,cross_gap
2022-08-19,0.575,112.0068,109.6583,1,1,1830,0,27.893,29.6634,0,cross_gap
2022-08-22,-0.03096,111.9722,109.6886,1,1,1804,0,27.5487,29.6494,0,cross_gap
2022-08-23,-0.46369,111.453,109.7146,1,1,1823,0,27.1242,29.6337,0,cross_gap
2022-08-24,0.28472,111.7703,109.7407,1,1,1828,0,27.0554,29.6192,0,cross_gap
2022-08-25,0.92159,112.8004,109.7664,1,1,1830,0,27.3079,29.6051,0,cross_gap
2022-08-26,0.4997,113.364,109.7995,1,1,1830,0,27.4455,29.5921,0,cross_gap
2022-08-29,-1.58806,111.5637,109.8199,1,1,1824,0,26.7456,29.5751,0,cross_gap
2022-08-30,1.05464,112.7403,109.8446,1,1,1828,0,26.7915,29.5589,0,cross_gap
2022-08-31,0.7702,113.6086,109.8727,1,1,1832,0,26.9866,29.5415,0,cross_gap
2022-09-01,-0.97026,112.5064,109.8945,1,1,1821,0,26.4244,29.52,0,cross_gap
2022-09-02,-0.0254,112.4778,109.9141,1,1,1820,0,26.1375,29.4955,0,cross_gap
2022-09-05,-1.05217,111.2943,109.926,1,1,1829,0,26.1948,29.4715,0,cross_gap
2022-09-06,-1.2569,109.8955,109.9308,0,1,1839,0,26.3669,29.4497,0,cross_gap
2022-09-07,-0.69762,109.1288,109.9306,0,0,1822,0,25.7474,29.4244,0,cross_gap
2022-09-08,1.43592,110.6958,109.9338,1,0,1834,0,25.931,29.3985,0,cross_gap
2022-09-12,0.90715,111.7,109.9408,1,1,1830,0,26.4817,29.3752,0,cross_gap
2022-09-13,0.31988,112.0573,109.9468,1,1,1833,0,26.6194,29.352,0,cross_gap
2022-09-14,-0.14543,111.8943,109.952,1,1,1825,0,26.0801,29.3253,0,cross_gap
2022-09-15,0.17556,112.0908,109.9588,1,1,1833,0,26.1261,29.2984,0,cross_gap
2022-09-16,-0.58707,111.4327,109.9583,1,1,1832,0,25.8277,29.2704,0,cross_gap
2022-09-19,-1.18935,110.1074,109.9564,1,1,1737,1,25.7129,29.2433,0,cross_gap
2022-09-20,0.50286,110.6611,109.9531,1,1,1738,1,25.9424,29.2181,0,cross_gap
2022-09-21,-0.81702,109.757,109.9451,0,1,1736,1,25.7245,29.1917,0,cross_gap
2022-09-22,0.13048,109.9002,109.9456,0,1,1736,0,25.4146,29.1664,0,cross_gap
2022-09-23,-1.32674,108.4421,109.941,0,0,1797,0,25.1737,29.1399,0,cross_gap
2022-09-26,-3.55965,104.5819,109.912,0,0,1817,0,24.7033,29.1112,0,cross_gap
2022-09-27,0.83682,105.4571,109.884,0,0,1820,0,24.6689,29.0798,0,cross_gap
2022-09-28,-3.77376,101.4774,109.8397,0,0,1830,0,24.1525,29.0441,0,cross_gap
2022-09-29,1.46916,102.9682,109.7988,0,0,1819,0,24.0722,29.0081,0,cross_gap
2022-09-30,0.4552,103.437,109.758,0,0,1811,0,23.7395,28.9709,0,cross_gap
2022-10-03,-0.2075,103.2223,109.7144,0,0,1814,0,23.4526,28.9317,0,cross_gap
2022-10-04,1.70555,104.9828,109.676,0,0,1826,0,24.0493,28.8949,0,cross_gap
2022-10-05,0.08942,105.0767,109.6377,0,0,1831,0,24.6114,28.8614,0,cross_gap
2022-10-06,0.29844,105.3903,109.6008,0,0,1814,0,24.7836,28.8287,0,cross_gap
2022-10-07,-0.34368,105.0281,109.5592,0,0,1801,0,24.3706,28.7945,0,cross_gap
2022-10-11,-3.22964,101.6361,109.5087,0,0,1815,0,23.1084,28.7554,0,cross_gap
2022-10-12,-0.10289,101.5315,109.4535,0,0,1827,0,22.9937,28.7156,0,cross_gap
2022-10-13,-3.93834,97.5328,109.3743,0,0,1837,0,22.7183,28.6725,0,cross_gap
2022-10-14,2.67585,100.1427,109.3109,0,0,1836,0,23.3723,28.6329,0,cross_gap
2022-10-17,-0.59813,99.5437,109.2447,0,0,1805,0,22.9362,28.5924,0,cross_gap
2022-10-18,0.69103,100.2316,109.1787,0,0,1811,0,23.2002,28.5519,0,cross_gap
2022-10-19,-0.25364,99.9773,109.1094,0,0,1809,0,22.8904,28.5099,0,cross_gap
2022-10-20,-0.91071,99.0668,109.0328,0,0,1811,0,22.7642,28.4664,0,cross_gap
2022-10-21,-1.00118,98.075,108.9511,0,0,1813,0,22.6953,28.422,0,cross_gap
2022-10-24,0.62576,98.6887,108.8691,0,0,1814,0,22.6265,28.3762,0,cross_gap
2022-10-25,-1.09502,97.608,108.7809,0,0,1819,0,22.1905,28.3268,0,cross_gap
2022-10-26,-0.16229,97.4496,108.6881,0,0,1816,0,22.397,28.2778,0,cross_gap
2022-10-27,1.6892,99.0958,108.6021,0,0,1815,0,22.7183,28.2309,0,cross_gap
2022-10-28,-1.34773,97.7602,108.51,0,0,1800,0,22.4314,28.1816,0,cross_gap
2022-10-31,1.10233,98.8379,108.4222,0,0,1810,0,22.7297,28.1302,0,cross_gap
2022-11-01,1.13847,99.9631,108.343,0,0,1812,0,22.8559,28.0798,0,cross_gap
2022-11-02,0.95182,100.9146,108.27,0,0,1817,0,22.9478,28.0314,0,cross_gap
2022-11-03,0.35682,101.2746,108.205,0,0,1807,0,22.6494,27.9829,0,cross_gap
2022-11-04,0.81795,102.103,108.142,0,0,1824,0,22.6838,27.9336,0,cross_gap
2022-11-07,1.06101,103.1863,108.0911,0,0,1829,0,23.074,27.8853,0,cross_gap
2022-11-08,0.07648,103.2653,108.0414,0,0,1825,0,23.315,27.837,0,cross_gap
2022-11-09,0.93639,104.2322,107.997,0,0,1827,0,23.9804,27.7911,0,cross_gap
2022-11-10,-0.48569,103.726,107.9565,0,0,1820,0,23.7509,27.744,0,cross_gap
2022-11-11,0.51756,104.2628,107.9133,0,0,1838,0,25.013,27.7014,0,cross_gap
2022-11-14,0.9319,105.2345,107.8748,0,0,1830,0,25.2425,27.6618,0,cross_gap
2022-11-15,0.42303,105.6796,107.8409,0,0,1831,0,26.321,27.6296,0,cross_gap
2022-11-16,-0.30049,105.3621,107.8038,0,0,1833,0,26.2752,27.5965,0,cross_gap
2022-11-17,1.01238,106.4287,107.7815,0,0,1829,0,26.2867,27.5671,0,cross_gap
2022-11-18,-0.25199,106.1605,107.7604,0,0,1838,0,26.2178,27.5359,0,cross_gap
2022-11-21,0.11427,106.2819,107.748,0,0,1825,0,26.1261,27.5069,0,cross_gap
2022-11-22,-0.21211,106.0564,107.733,0,0,1820,0,26.344,27.479,0,cross_gap
2022-11-23,0.57376,106.6649,107.7094,0,0,1830,0,26.5276,27.4512,0,cross_gap
2022-11-24,0.63765,107.3451,107.6825,0,0,1837,0,26.7801,27.424,0,cross_gap
2022-11-25,-0.35586,106.9631,107.6478,0,0,1830,0,26.7801,27.3963,0,cross_gap
2022-11-28,0.38112,107.3707,107.6151,0,0,1811,0,26.2407,27.364,0,cross_gap
2022-11-29,0.63984,108.0577,107.586,1,0,1828,0,26.4817,27.333,0,cross_gap
2022-11-30,1.21306,109.3685,107.5716,1,1,1836,0,26.6998,27.3056,0,cross_gap
2022-12-01,0.9183,110.3729,107.5611,1,1,1838,0,27.1587,27.2813,0,cross_gap
2022-12-02,0.5106,110.9364,107.5479,1,1,1831,0,26.9177,27.2531,0,cross_gap
2022-12-05,0.69043,111.7024,107.5383,1,1,1833,0,26.9522,27.2249,0,cross_gap
2022-12-06,-1.1015,110.472,107.5198,1,1,1835,0,26.4588,27.1948,0,cross_gap
2022-12-07,-0.86315,109.5184,107.4952,1,1,1831,0,26.2982,27.1642,0,cross_gap
2022-12-08,0.46978,110.0329,107.4817,1,1,1821,0,25.9883,27.1342,0,cross_gap
2022-12-09,0.16749,110.2172,107.4642,1,1,1825,0,26.3899,27.1058,0,cross_gap
2022-12-12,-0.14894,110.0531,107.4594,1,1,1814,0,26.1375,27.08,0,cross_gap
2022-12-13,-0.05359,109.9941,107.4502,1,1,1825,0,26.0228,27.054,0,cross_gap
2022-12-14,0.85325,110.9326,107.4384,1,1,1833,0,26.344,27.0274,0,cross_gap
2022-12-15,0.32341,111.2914,107.4272,1,1,1830,0,26.3669,27.0018,0,cross_gap
2022-12-16,-1.04072,110.1332,107.408,1,1,1835,0,25.931,26.9737,0,cross_gap
2022-12-19,-0.33316,109.7662,107.3907,1,1,1825,0,25.7818,26.9465,0,cross_gap
2022-12-20,-2.0173,107.5519,107.3776,1,1,1837,0,25.3114,26.922,0,cross_gap
2022-12-21,0.53843,108.131,107.3787,1,1,1827,0,25.4146,26.9013,0,cross_gap
2022-12-22,0.72261,108.9124,107.3764,1,1,1820,0,25.8392,26.8811,0,cross_gap
2022-12-23,-0.08585,108.8189,107.3652,1,1,1808,0,25.4032,26.8544,0,cross_gap
2022-12-26,0.19304,109.0289,107.3572,1,1,1806,0,25.4949,26.8304,0,cross_gap
2022-12-27,0.19068,109.2368,107.3494,1,1,1825,0,25.6097,26.8069,0,cross_gap
2022-12-28,-1.0856,108.051,107.3451,1,1,1832,0,25.2425,26.7847,0,cross_gap
2022-12-29,-0.09214,107.9514,107.3394,1,1,1820,0,25.1278,26.7613,0,cross_gap
2022-12-30,0.2411,108.2117,107.3242,1,1,1832,0,25.2884,26.734,0,cross_gap
2023-01-03,0.33861,108.5781,107.3078,1,1,1821,0,25.4146,26.7076,0,cross_gap
2023-01-04,0.42373,109.0382,107.2903,1,1,1815,0,25.3573,26.68,0,cross_gap
2023-01-05,0.07592,109.1209,107.2703,1,1,1836,0,25.5408,26.6535,0,cross_gap
2023-01-06,0.24919,109.3929,107.2485,1,1,1829,0,25.6556,26.6261,0,cross_gap
2023-01-09,0.63325,110.0856,107.2293,1,1,1841,0,26.5736,26.6034,0,cross_gap
2023-01-10,-0.0984,109.9773,107.2115,1,1,1834,0,26.6768,26.581,0,cross_gap
2023-01-11,-0.0299,109.9444,107.1946,1,1,1841,0,26.6998,26.5604,1,cross_gap
2023-01-12,-0.40315,109.5011,107.1747,1,1,1833,0,26.585,26.539,1,cross_gap
2023-01-13,-0.31681,109.1542,107.1496,1,1,1830,0,26.8947,26.5173,1,cross_gap
2023-01-16,0.28801,109.4686,107.128,1,1,1832,0,27.1014,26.4971,1,cross_gap
2023-01-17,0.33916,109.8399,107.1082,1,1,1834,0,27.1014,26.4783,1,cross_gap
2023-01-30,1.42223,111.4021,107.0962,1,1,1849,0,28.3214,26.4663,1,cross_gap
2023-01-31,0.85749,112.3573,107.098,1,1,1849,0,27.7583,26.4542,1,cross_gap
2023-02-01,0.94667,113.421,107.0996,1,1,1840,0,27.9226,26.4422,1,cross_gap
2023-02-02,0.94281,114.4903,107.1143,1,1,1849,0,28.3918,26.4348,1,cross_gap
2023-02-03,-0.04061,114.4438,107.1302,1,1,1836,0,28.3918,26.4273,1,cross_gap
2023-02-06,0.07816,114.5333,107.1404,1,1,1845,0,27.9812,26.415,1,cross_gap
2023-02-07,0.49488,115.1001,107.1528,1,1,1847,0,27.9226,26.4029,1,cross_gap
2023-02-08,0.42924,115.5941,107.1727,1,1,1836,0,28.3566,26.3956,1,cross_gap
2023-02-09,0.12903,115.7433,107.1953,1,1,1844,0,28.3683,26.3892,1,cross_gap
2023-02-10,-0.78487,114.8349,107.2107,1,1,1832,0,28.3918,26.3823,1,cross_gap
2023-02-13,-0.00283,114.8316,107.2231,1,1,1838,0,28.3331,26.3745,1,cross_gap
2023-02-14,0.48518,115.3887,107.2363,1,1,1843,0,28.5443,26.3675,1,cross_gap
2023-02-15,0.03684,115.4313,107.2522,1,1,1840,0,27.8874,26.3586,1,cross_gap
2023-02-16,0.90116,116.4715,107.2891,1,1,1845,0,28.2275,26.3541,1,cross_gap
2023-02-17,0.4772,117.0273,107.3299,1,1,1844,0,27.8639,26.3477,1,cross_gap
2023-02-20,1.01882,118.2196,107.3846,1,1,1846,0,27.9226,26.3446,1,cross_gap
2023-02-21,0.33018,118.6099,107.4382,1,1,1857,0,27.9108,26.3409,1,cross_gap
2023-02-22,-0.23191,118.3348,107.4875,1,1,1857,0,27.6058,26.3338,1,cross_gap
2023-02-23,1.09152,119.6265,107.5438,1,1,1852,0,28.0164,26.3298,1,cross_gap
2023-02-24,-0.24341,119.3353,107.598,1,1,1855,0,27.8756,26.3251,1,cross_gap
2023-03-01,0.12154,119.4803,107.6482,1,1,1845,0,28.0047,26.3194,1,cross_gap
2023-03-02,0.48835,120.0638,107.7068,1,1,1854,0,27.9812,26.3166,1,cross_gap
2023-03-03,0.60916,120.7952,107.7812,1,1,1852,0,28.0047,26.3162,1,cross_gap
2023-03-06,0.97553,121.9736,107.8597,1,1,1856,0,28.2745,26.3178,1,cross_gap
2023-03-07,0.47734,122.5558,107.9444,1,1,1861,0,28.4622,26.3201,1,cross_gap
2023-03-08,0.4704,123.1323,108.0432,1,1,1858,0,28.2275,26.3245,1,cross_gap
2023-03-09,-0.26821,122.8021,108.1333,1,1,1861,0,28.2042,26.3276,1,cross_gap
2023-03-10,-1.63847,120.79,108.212,1,1,1852,0,27.7583,26.3278,1,cross_gap
2023-03-13,-0.55528,120.1193,108.2817,1,1,1861,0,27.8756,26.327,1,cross_gap
2023-03-14,-0.66321,119.3226,108.3421,1,1,1852,0,27.5706,26.3231,1,cross_gap
2023-03-15,0.26595,119.64,108.4072,1,1,1855,0,27.594,26.3221,1,cross_gap
2023-03-16,-1.55539,117.7791,108.46,1,1,1852,0,27.465,26.3189,1,cross_gap
2023-03-17,1.33423,119.3506,108.5182,1,1,1855,0,27.9108,26.3177,1,cross_gap
2023-03-20,0.69405,120.1789,108.586,1,1,1854,0,27.7114,26.317,1,cross_gap
2023-03-21,0.73246,121.0592,108.6534,1,1,1852,0,27.8404,26.3159,1,cross_gap
2023-03-22,0.86044,122.1008,108.7275,1,1,1858,0,28.3683,26.3192,1,cross_gap
2023-03-23,0.38587,122.572,108.7996,1,1,1856,0,28.5913,26.3207,1,cross_gap
2023-03-24,0.32846,122.9746,108.8664,1,1,1856,0,28.6734,26.3191,1,cross_gap
2023-03-27,0.12193,123.1245,108.9326,1,1,1859,0,28.4974,26.3153,1,cross_gap
2023-03-28,-0.97176,121.928,108.9901,1,1,1854,0,28.251,26.311,1,cross_gap
2023-03-29,0.20583,122.179,109.0487,1,1,1856,0,28.2979,26.3084,1,cross_gap
2023-03-30,0.50497,122.796,109.1096,1,1,1861,0,28.4387,26.3055,1,cross_gap
2023-03-31,0.39422,123.28,109.1726,1,1,1860,0,28.5326,26.3045,1,cross_gap
2023-04-06,0.26419,123.6057,109.2355,1,1,1860,0,28.3918,26.3013,1,cross_gap
2023-04-07,0.25192,123.9171,109.2981,1,1,1853,0,28.3918,26.2985,1,cross_gap
2023-04-10,0.56581,124.6183,109.3643,1,1,1864,0,28.3918,26.2972,1,cross_gap
2023-04-11,0.38316,125.0958,109.4422,1,1,1864,0,28.3566,26.2997,1,cross_gap
2023-04-12,0.69978,125.9711,109.5267,1,1,1859,0,28.2862,26.3021,1,cross_gap
2023-04-13,-0.18804,125.7343,109.6081,1,1,1856,0,28.0399,26.3039,1,cross_gap
2023-04-14,0.61463,126.5071,109.7012,1,1,1857,0,28.3097,26.3073,1,cross_gap
2023-04-17,0.97541,127.741,109.8047,1,1,1860,0,28.2393,26.3123,1,cross_gap
2023-04-18,-0.15705,127.5404,109.9229,1,1,1858,0,28.1455,26.318,1,cross_gap
2023-04-19,0.13845,127.717,110.0296,1,1,1859,0,27.9343,26.32,1,cross_gap
2023-04-20,-1.37763,125.9575,110.1389,1,1,1863,0,27.8991,26.3247,1,cross_gap
2023-04-21,-1.66496,123.8604,110.2385,1,1,1859,0,27.8287,26.331,1,cross_gap
2023-04-24,0.75173,124.7915,110.3374,1,1,1852,0,27.7231,26.3364,1,cross_gap
2023-04-25,-1.75848,122.597,110.4156,1,1,1856,0,27.3594,26.3369,1,cross_gap
2023-04-26,0.42169,123.114,110.5008,1,1,1848,0,27.242,26.338,1,cross_gap
2023-04-27,0.46366,123.6849,110.5904,1,1,1847,0,27.2186,26.3402,1,cross_gap
2023-04-28,1.22252,125.1969,110.6997,1,1,1862,0,27.5471,26.3474,1,cross_gap
2023-05-02,0.82102,126.2248,110.832,1,1,1856,0,27.6175,26.3597,1,cross_gap
2023-05-03,-0.35328,125.7789,110.9614,1,1,1848,0,27.5002,26.3727,1,cross_gap
2023-05-04,0.46126,126.3591,111.087,1,1,1854,0,27.5706,26.3854,1,cross_gap
2023-05-05,0.06267,126.4383,111.224,1,1,1852,0,27.641,26.4009,1,cross_gap
2023-05-08,0.20738,126.7005,111.3534,1,1,1857,0,27.817,26.4136,1,cross_gap
2023-05-09,-1.19595,125.1852,111.47,1,1,1852,0,27.8991,26.4255,1,cross_gap
2023-05-10,0.24057,125.4863,111.589,1,1,1857,0,27.641,26.4371,1,cross_gap
2023-05-11,-1.80974,123.2154,111.7095,1,1,1857,0,27.5823,26.4516,1,cross_gap
2023-05-12,0.63322,123.9956,111.8258,1,1,1859,0,27.5002,26.4612,1,cross_gap
2023-05-15,-0.55236,123.3107,111.9336,1,1,1864,0,27.5002,26.4702,1,cross_gap
2023-05-16,0.95055,124.4828,112.0457,1,1,1867,0,27.8287,26.4791,1,cross_gap
2023-05-17,1.01581,125.7473,112.1576,1,1,1864,0,28.2862,26.4897,1,cross_gap
2023-05-18,0.41207,126.2655,112.2692,1,1,1865,0,28.6617,26.5022,1,cross_gap
2023-05-19,-0.08221,126.1617,112.3785,1,1,1862,0,28.7438,26.5141,1,cross_gap
2023-05-22,0.95747,127.3697,112.4885,1,1,1858,0,28.6969,26.5244,1,cross_gap
2023-05-23,0.58605,128.1161,112.6016,1,1,1857,0,28.6734,26.534,1,cross_gap
2023-05-24,0.25415,128.4417,112.7144,1,1,1860,0,28.5326,26.543,1,cross_gap
2023-05-25,-0.24696,128.1245,112.8297,1,1,1860,0,28.8729,26.5549,1,cross_gap
2023-05-26,-0.54009,127.4325,112.938,1,1,1871,0,29.5533,26.5691,1,cross_gap
2023-05-29,1.07162,128.7981,113.0541,1,1,1863,0,29.741,26.5839,1,cross_gap
2023-05-30,-0.25988,128.4634,113.1639,1,1,1865,0,29.741,26.5975,1,cross_gap
2023-05-31,0.66538,129.3182,113.2755,1,1,1853,0,29.6002,26.6108,1,cross_gap
2023-06-01,0.4984,129.9627,113.3972,1,1,1864,0,29.3656,26.625,1,cross_gap
2023-06-02,0.44336,130.5389,113.5257,1,1,1867,0,29.741,26.6403,1,cross_gap
2023-06-05,0.7838,131.5621,113.6613,1,1,1869,0,29.6472,26.6548,1,cross_gap
2023-06-06,-0.21004,131.2857,113.7863,1,1,1863,0,29.7293,26.6664,1,cross_gap
2023-06-07,0.79424,132.3284,113.9154,1,1,1868,0,30.0578,26.6798,1,cross_gap
2023-06-08,-0.44053,131.7455,114.0386,1,1,1865,0,29.7645,26.692,1,cross_gap
2023-06-09,0.66689,132.6241,114.1648,1,1,1868,0,29.9874,26.7066,1,cross_gap
2023-06-12,-0.62555,131.7945,114.2834,1,1,1867,0,30.269,26.7202,1,cross_gap
2023-06-13,0.5777,132.5558,114.4013,1,1,1865,0,30.8673,26.7359,1,cross_gap
2023-06-14,0.22674,132.8564,114.5157,1,1,1862,0,30.8556,26.7504,1,cross_gap
2023-06-15,0.44675,133.4499,114.632,1,1,1865,0,30.9495,26.765,1,cross_gap
2023-06-16,4e-05,133.45,114.7461,1,1,1869,0,30.8673,26.7792,1,cross_gap
2023-06-19,0.25113,133.7851,114.8582,1,1,1862,0,30.7969,26.7939,1,cross_gap
2023-06-20,-0.04444,133.7257,114.9668,1,1,1855,0,30.6327,26.8076,1,cross_gap
2023-06-21,0.49973,134.3939,115.0789,1,1,1863,0,30.6327,26.8231,1,cross_gap
2023-06-26,-0.4237,133.8245,115.1908,1,1,1867,0,30.4449,26.8397,1,cross_gap
2023-06-27,-0.81447,132.7345,115.2956,1,1,1868,0,30.2456,26.8556,1,cross_gap
2023-06-28,0.50325,133.4025,115.3986,1,1,1864,0,30.2925,26.8705,1,cross_gap
2023-06-29,0.54252,134.1263,115.5024,1,1,1863,0,30.2808,26.8847,1,cross_gap
2023-06-30,0.38962,134.6488,115.6178,1,1,1867,0,30.2925,26.9024,1,cross_gap
2023-07-03,0.91643,135.8828,115.7335,1,1,1875,0,30.6679,26.9218,1,cross_gap
2023-07-04,0.10075,136.0197,115.8456,1,1,1867,0,30.7383,26.9406,1,cross_gap
2023-07-05,0.17723,136.2608,115.9644,1,1,1870,0,30.6913,26.9619,1,cross_gap
2023-07-06,-0.41431,135.6962,116.0805,1,1,1865,0,30.0109,26.9813,1,cross_gap
2023-07-07,-0.6168,134.8593,116.1983,1,1,1865,0,29.964,27.0001,1,cross_gap
2023-07-10,-0.08378,134.7463,116.3225,1,1,1870,0,29.9053,27.0178,1,cross_gap
2023-07-11,0.1751,134.9822,116.4518,1,1,1877,0,30.316,27.0407,1,cross_gap
2023-07-12,-0.52003,134.2803,116.5697,1,1,1862,0,30.3745,27.0629,1,cross_gap
2023-07-13,-0.08695,134.1635,116.682,1,1,1871,0,30.7148,27.0841,1,cross_gap
2023-07-14,0.91259,135.3879,116.7987,1,1,1875,0,31.0316,27.1061,1,cross_gap
2023-07-17,0.67505,136.3018,116.9207,1,1,1877,0,30.9729,27.1306,1,cross_gap
2023-07-18,-1.01003,134.9251,117.0349,1,1,1871,0,30.9134,27.1545,1,cross_gap
2023-07-19,-0.32467,134.4871,117.1502,1,1,1879,0,30.6515,27.1786,1,cross_gap
2023-07-20,0.9245,135.7304,117.2783,1,1,1867,0,30.7944,27.204,1,cross_gap
2023-07-21,-0.19138,135.4706,117.4023,1,1,1876,0,30.2825,27.2257,1,cross_gap
2023-07-24,-0.71523,134.5017,117.5261,1,1,1875,0,30.2944,27.2486,1,cross_gap
2023-07-25,0.91991,135.739,117.6553,1,1,1871,0,30.6753,27.2749,1,cross_gap
2023-07-26,-0.40658,135.1871,117.789,1,1,1872,0,30.5921,27.302,1,cross_gap
2023-07-27,1.01216,136.5554,117.9489,1,1,1874,0,30.8301,27.3326,1,cross_gap
2023-07-28,0.22499,136.8627,118.1059,1,1,1863,0,30.8301,27.3634,1,cross_gap
2023-07-31,-0.35964,136.3704,118.2803,1,1,1877,0,30.6635,27.396,1,cross_gap
2023-08-01,-0.20322,136.0933,118.446,1,1,1875,0,30.8182,27.4297,1,cross_gap
2023-08-02,-1.48469,134.0728,118.5992,1,1,1881,0,30.4373,27.4632,1,cross_gap
2023-08-04,0.57082,134.8381,118.7572,1,1,1868,0,30.2944,27.4974,1,cross_gap
2023-08-07,0.44233,135.4345,118.9095,1,1,1885,0,30.5921,27.5301,1,cross_gap
2023-08-08,-0.67671,134.518,119.0567,1,1,1873,0,30.2349,27.5582,1,cross_gap
2023-08-09,-0.42612,133.9448,119.1995,1,1,1879,0,30.2825,27.5857,1,cross_gap
2023-08-10,-1.68716,131.6849,119.3328,1,1,1874,0,30.092,27.6143,1,cross_gap
2023-08-11,-0.05536,131.612,119.4826,1,1,1876,0,30.0682,27.6491,1,cross_gap
2023-08-14,-1.86494,129.1575,119.6208,1,1,1875,0,29.6397,27.6824,1,cross_gap
2023-08-15,0.86258,130.2716,119.7845,1,1,1873,0,29.6874,27.7172,1,cross_gap
2023-08-16,-0.0654,130.1864,119.9347,1,1,1870,0,29.5326,27.748,1,cross_gap
2023-08-17,1.10779,131.6286,120.0951,1,1,1868,0,29.6635,27.7817,1,cross_gap
2023-08-18,-0.73052,130.667,120.2473,1,1,1867,0,29.4849,27.8131,1,cross_gap
2023-08-21,0.18623,130.9104,120.4019,1,1,1868,0,29.2826,27.845,1,cross_gap
2023-08-22,-0.3482,130.4546,120.5589,1,1,1868,0,29.5207,27.8788,1,cross_gap
2023-08-23,0.53266,131.1494,120.7243,1,1,1860,0,29.7231,27.914,1,cross_gap
2023-08-24,0.09009,131.2676,120.8871,1,1,1868,0,30.2349,27.952,1,cross_gap
2023-08-25,0.03115,131.3085,121.0556,1,1,1861,0,29.6517,27.9893,1,cross_gap
2023-08-28,-0.58625,130.5387,121.2211,1,1,1850,0,29.842,28.0265,1,cross_gap
2023-08-29,0.63871,131.3724,121.3825,1,1,1859,0,30.0088,28.063,1,cross_gap
2023-08-30,0.93693,132.6033,121.5567,1,1,1860,0,30.1397,28.1015,1,cross_gap
2023-08-31,0.4989,133.2649,121.7288,1,1,1875,0,29.9254,28.1375,1,cross_gap
2023-09-01,0.42079,133.8256,121.8981,1,1,1872,0,29.973,28.1731,1,cross_gap
2023-09-04,0.41194,134.3769,122.0655,1,1,1864,0,30.1754,28.2092,1,cross_gap
2023-09-05,0.52994,135.089,122.2345,1,1,1877,0,30.104,28.2465,1,cross_gap
2023-09-06,-0.03135,135.0467,122.3992,1,1,1876,0,29.9968,28.2831,1,cross_gap
2023-09-07,-0.1952,134.7831,122.5572,1,1,1871,0,29.7231,28.3163,1,cross_gap
2023-09-08,-0.2531,134.4419,122.7131,1,1,1773,1,29.5921,28.3477,1,cross_gap
2023-09-11,-0.86866,133.2741,122.8583,1,1,1876,0,29.4731,28.3752,1,cross_gap
2023-09-12,0.25819,133.6182,123.0078,1,1,1869,0,29.7706,28.4053,1,cross_gap
2023-09-13,0.52114,134.3145,123.158,1,1,1871,0,29.8063,28.4292,1,cross_gap
2023-09-14,1.07943,135.7644,123.3107,1,1,1869,0,30.223,28.4541,1,cross_gap
2023-09-15,0.01841,135.7894,123.4612,1,1,1860,0,30.3182,28.4741,1,cross_gap
2023-09-18,-0.03474,135.7422,123.6131,1,1,1865,0,29.9968,28.4927,1,cross_gap
2023-09-19,-0.41792,135.1749,123.7569,1,1,1870,0,29.8659,28.5106,1,cross_gap
2023-09-20,-0.55342,134.4268,123.8982,1,1,1867,0,29.6992,28.528,1,cross_gap
2023-09-21,-0.95074,133.1488,124.0325,1,1,1869,0,29.2231,28.5435,1,cross_gap
2023-09-22,0.44649,133.7433,124.171,1,1,1863,0,29.1993,28.5578,1,cross_gap
2023-09-25,0.59071,134.5333,124.3103,1,1,1867,0,29.4135,28.5722,1,cross_gap
2023-09-26,-0.78477,133.4775,124.441,1,1,1869,0,29.0684,28.5837,1,cross_gap
2023-09-27,0.01963,133.5037,124.5737,1,1,1855,0,29.0803,28.5952,1,cross_gap
2023-09-28,0.39785,134.0349,124.707,1,1,1859,0,29.1993,28.61,1,cross_gap
2023-10-02,0.72371,135.0049,124.8417,1,1,1862,0,29.5802,28.6254,1,cross_gap
2023-10-03,-0.42123,134.4362,124.9671,1,1,1860,0,29.4017,28.639,1,cross_gap
2023-10-04,-0.53073,133.7227,125.0838,1,1,1859,0,29.0207,28.6483,1,cross_gap
2023-10-05,0.70073,134.6597,125.2024,1,1,1862,0,29.4374,28.6609,1,cross_gap
2023-10-06,0.17718,134.8983,125.3184,1,1,1872,0,29.5445,28.6738,1,cross_gap
2023-10-11,-0.98261,133.5728,125.4339,1,1,1873,0,30.0563,28.6918,1,cross_gap
2023-10-12,0.94037,134.8289,125.5605,1,1,1876,0,30.3063,28.7119,1,cross_gap
2023-10-13,-0.25271,134.4882,125.6827,1,1,1867,0,30.223,28.733,1,cross_gap
2023-10-16,-0.61942,133.6551,125.7999,1,1,1865,0,30.0563,28.7514,1,cross_gap
2023-10-17,-0.34044,133.2001,125.9157,1,1,1875,0,30.1277,28.7713,1,cross_gap
2023-10-18,-0.98272,131.8911,126.0252,1,1,1875,0,29.7111,28.7898,1,cross_gap
2023-10-19,0.16067,132.103,126.131,1,1,1873,0,29.7231,28.8066,1,cross_gap
2023-10-20,-0.56607,131.3552,126.2313,1,1,1875,0,29.854,28.8241,1,cross_gap
2023-10-23,0.04109,131.4092,126.3377,1,1,1868,0,29.4849,28.8419,1,cross_gap
2023-10-24,0.73639,132.3769,126.4508,1,1,1872,0,29.5088,28.8605,1,cross_gap
2023-10-25,0.73151,133.3452,126.5797,1,1,1865,0,29.5683,28.8818,1,cross_gap
2023-10-26,-1.05295,131.9412,126.6988,1,1,1872,0,28.985,28.8996,1,cross_gap
2023-10-27,0.31783,132.3605,126.816,1,1,1862,0,29.116,28.916,1,cross_gap
2023-10-30,0.29124,132.746,126.9357,1,1,1865,0,29.0446,28.9342,1,cross_gap
2023-10-31,-1.37818,130.9165,127.0451,1,1,1875,0,28.8422,28.9509,1,cross_gap
2023-11-01,0.44526,131.4995,127.1564,1,1,1858,0,28.985,28.9678,0,cross_gap
2023-11-02,1.09008,132.9329,127.2808,1,1,1871,0,29.6397,28.9898,1,cross_gap
2023-11-03,0.36044,133.412,127.4081,1,1,1869,0,29.8659,29.0135,1,cross_gap
2023-11-06,1.10092,134.8808,127.5415,1,1,1876,0,30.1277,29.0377,1,cross_gap
2023-11-07,0.13525,135.0632,127.6739,1,1,1870,0,30.1159,29.0612,1,cross_gap
2023-11-08,0.21778,135.3574,127.8055,1,1,1875,0,30.2825,29.0858,1,cross_gap
2023-11-09,-0.38726,134.8332,127.934,1,1,1877,0,30.2944,29.1096,1,cross_gap
2023-11-10,-0.43536,134.2462,128.0583,1,1,1877,0,30.1754,29.1322,1,cross_gap
2023-11-13,0.10652,134.3892,128.1798,1,1,1880,0,30.6396,29.1525,1,cross_gap
2023-11-14,0.41422,134.9458,128.3047,1,1,1878,0,30.711,29.1727,1,cross_gap
2023-11-15,0.7947,136.0183,128.435,1,1,1887,0,31.0801,29.1946,1,cross_gap
2023-11-16,0.54061,136.7536,128.5713,1,1,1884,0,31.092,29.2171,1,cross_gap
2023-11-17,0.70108,137.7123,128.7141,1,1,1887,0,31.1872,29.2386,1,cross_gap
2023-11-20,0.56943,138.4965,128.8592,1,1,1885,0,31.1753,29.259,1,cross_gap
2023-11-21,0.4574,139.13,129.0057,1,1,1884,0,31.5562,29.2812,1,cross_gap
2023-11-22,0.54326,139.8858,129.1481,1,1,1885,0,31.2705,29.296,1,cross_gap
2023-11-23,0.16107,140.1112,129.2869,1,1,1878,0,31.2586,29.3135,1,cross_gap
2023-11-24,0.02325,140.1437,129.4205,1,1,1878,0,31.2348,29.3301,1,cross_gap
2023-11-27,-0.44666,139.5178,129.5456,1,1,1872,0,31.0324,29.3433,1,cross_gap
2023-11-28,1.11951,141.0797,129.6788,1,1,1885,0,31.2467,29.3575,1,cross_gap
2023-11-29,0.40153,141.6462,129.8144,1,1,1881,0,31.2229,29.3737,1,cross_gap
2023-11-30,0.51271,142.3724,129.9507,1,1,1885,0,31.2705,29.3905,1,cross_gap
2023-12-01,0.55372,143.1607,130.0886,1,1,1886,0,31.3777,29.4056,1,cross_gap
2023-12-04,0.35914,143.6749,130.2282,1,1,1890,0,31.2586,29.42,1,cross_gap
2023-12-05,-0.33417,143.1948,130.37,1,1,1878,0,31.0324,29.4332,1,cross_gap
2023-12-06,0.3967,143.7628,130.5147,1,1,1888,0,31.1395,29.4473,1,cross_gap
2023-12-07,-0.40583,143.1794,130.6536,1,1,1885,0,30.9492,29.4593,1,cross_gap
2023-12-08,0.38191,143.7262,130.7951,1,1,1882,0,31.1991,29.4759,1,cross_gap
2023-12-11,0.00929,143.7396,130.9314,1,1,1877,0,31.2348,29.4909,1,cross_gap
2023-12-12,-0.0823,143.6213,131.0644,1,1,1892,0,31.3063,29.5081,1,cross_gap
2023-12-13,0.18622,143.8887,131.1928,1,1,1883,0,31.3181,29.5251,1,cross_gap
2023-12-14,0.33807,144.3752,131.3216,1,1,1894,0,31.6991,29.544,1,cross_gap
2023-12-15,-0.03548,144.3239,131.4515,1,1,1888,0,31.83,29.5651,1,cross_gap
2023-12-18,-0.18142,144.0621,131.5737,1,1,1884,0,31.8776,29.5844,1,cross_gap
2023-12-19,-0.56025,143.255,131.6933,1,1,1882,0,31.7585,29.6039,1,cross_gap
2023-12-20,0.65859,144.1984,131.8169,1,1,1884,0,31.8419,29.623,1,cross_gap
2023-12-21,-0.28705,143.7845,131.9355,1,1,1883,0,31.5681,29.641,1,cross_gap
2023-12-22,-0.07996,143.6696,132.0499,1,1,1878,0,31.6514,29.6592,1,cross_gap
2023-12-25,-0.27038,143.2811,132.1564,1,1,1888,0,31.7823,29.6768,1,cross_gap
2023-12-26,0.79358,144.4182,132.2657,1,1,1888,0,31.9609,29.6942,1,cross_gap
2023-12-27,0.24813,144.7765,132.3739,1,1,1888,0,32.318,29.7147,1,cross_gap
2023-12-28,-0.01502,144.7548,132.4837,1,1,1893,0,32.318,29.7353,1,cross_gap
2023-12-29,0.14647,144.9668,132.6046,1,1,1902,0,32.2466,29.7577,1,cross_gap
2024-01-02,0.13813,145.167,132.7298,1,1,1894,0,32.1156,29.7789,1,cross_gap
2024-01-03,-0.47752,144.4738,132.8556,1,1,1887,0,31.5562,29.7988,1,cross_gap
2024-01-04,-0.36366,143.9484,132.9771,1,1,1890,0,31.5443,29.8186,1,cross_gap
2024-01-05,0.3354,144.4312,133.1104,1,1,1895,0,31.4609,29.8386,1,cross_gap
2024-01-08,-0.11387,144.2668,133.235,1,1,1898,0,31.6038,29.857,1,cross_gap
2024-01-09,-0.77136,143.1539,133.3498,1,1,1896,0,31.6634,29.8768,1,cross_gap
2024-01-10,-0.36871,142.6261,133.4577,1,1,1896,0,31.4966,29.8951,1,cross_gap
2024-01-11,0.62917,143.5235,133.5648,1,1,1901,0,31.6276,29.9114,1,cross_gap
2024-01-12,-0.31602,143.0699,133.6673,1,1,1899,0,31.58,29.9263,1,cross_gap
2024-01-15,0.86614,144.3091,133.774,1,1,1720,1,31.58,29.9408,1,cross_gap
2024-01-16,-0.66796,143.3452,133.8751,1,1,1897,0,31.342,29.9551,1,cross_gap
2024-01-17,-1.16184,141.6797,133.9738,1,1,1910,0,31.0496,29.9691,1,cross_gap
2024-01-18,-0.03457,141.6308,134.0711,1,1,1893,0,31.2567,29.9839,1,cross_gap
2024-01-19,0.56071,142.4249,134.1692,1,1,1908,0,32.3774,30.0035,1,cross_gap
2024-01-22,0.80405,143.5701,134.2707,1,1,1900,0,32.5966,30.0239,1,cross_gap
2024-01-23,0.46356,144.2356,134.3738,1,1,1900,0,32.6575,30.0452,1,cross_gap
2024-01-24,0.45702,144.8948,134.4787,1,1,1898,0,32.6453,30.0665,1,cross_gap
2024-01-25,-0.24674,144.5373,134.5783,1,1,1901,0,33.0473,30.0897,1,cross_gap
2024-01-26,-0.09941,144.3936,134.6748,1,1,1897,0,33.0473,30.1132,1,cross_gap
2024-01-29,0.71616,145.4277,134.7721,1,1,1901,0,33.2544,30.138,1,cross_gap
2024-01-30,-0.13219,145.2354,134.8696,1,1,1903,0,33.1691,30.1637,1,cross_gap
2024-01-31,0.12916,145.423,134.9642,1,1,1897,0,32.7306,30.1858,1,cross_gap
2024-02-01,0.40968,146.0188,135.0556,1,1,1904,0,32.7306,30.2082,1,cross_gap
2024-02-02,0.10316,146.1694,135.1487,1,1,1910,0,32.9133,30.2321,1,cross_gap
2024-02-05,-0.35657,145.6482,135.2384,1,1,1906,0,33.1203,30.258,1,cross_gap
2024-02-15,0.9826,147.0794,135.344,1,1,1912,0,34.6795,30.2919,1,cross_gap
2024-02-16,1.41288,149.1574,135.4704,1,1,1913,0,34.4237,30.3249,1,cross_gap
2024-02-19,0.9751,150.6119,135.5996,1,1,1913,0,34.375,30.3581,1,cross_gap
2024-02-20,0.01663,150.6369,135.7397,1,1,1902,0,34.509,30.3939,1,cross_gap
2024-02-21,0.4966,151.385,135.8811,1,1,1905,0,34.3994,30.4297,1,cross_gap
2024-02-22,0.27281,151.798,136.0217,1,1,1907,0,34.7892,30.4675,1,cross_gap
2024-02-23,-0.19822,151.4971,136.1532,1,1,1913,0,35.0206,30.5049,1,cross_gap
2024-02-26,0.77845,152.6764,136.2854,1,1,1911,0,35.0694,30.5422,1,cross_gap
2024-02-27,-0.57875,151.7928,136.4155,1,1,1906,0,34.9232,30.5793,1,cross_gap
2024-02-29,0.93349,153.2097,136.5498,1,1,1904,0,34.911,30.616,1,cross_gap
2024-03-01,0.15184,153.4424,136.6848,1,1,1911,0,34.7892,30.6517,1,cross_gap
2024-03-04,0.45251,154.1367,136.822,1,1,1911,0,35.8002,30.6916,1,cross_gap
2024-03-05,0.30703,154.61,136.9691,1,1,1914,0,36.0925,30.7326,1,cross_gap
2024-03-06,0.42161,155.2618,137.118,1,1,1913,0,36.2631,30.7757,1,cross_gap
2024-03-07,-0.9229,153.8289,137.271,1,1,1915,0,37.1036,30.8233,1,cross_gap
2024-03-08,-1.76296,151.117,137.4066,1,1,1911,0,37.6273,30.874,1,cross_gap
2024-03-11,0.63882,152.0823,137.5505,1,1,1915,0,37.2497,30.9227,1,cross_gap
2024-03-12,1.10958,153.7698,137.6969,1,1,1918,0,37.6396,30.9718,1,cross_gap
2024-03-13,-1.17554,151.9622,137.828,1,1,1789,1,37.8223,31.0194,1,cross_gap
2024-03-14,-0.40353,151.349,137.9534,1,1,1911,0,37.7857,31.0651,1,cross_gap
2024-03-15,-0.65925,150.3512,138.0744,1,1,1914,0,37.2741,31.1077,1,cross_gap
2024-03-18,0.7263,151.4432,138.1947,1,1,1271,1,37.6152,31.1523,1,cross_gap
2024-03-19,0.34568,151.9667,138.314,1,1,1894,0,37.5299,31.1966,1,cross_gap
2024-03-20,-0.14667,151.7438,138.4305,1,1,1429,1,37.3229,31.2405,1,cross_gap
2024-03-21,0.68661,152.7857,138.5538,1,1,1914,0,38.346,31.2879,1,cross_gap
2024-03-22,0.18702,153.0714,138.682,1,1,1920,0,38.2974,31.3316,1,cross_gap
2024-03-25,0.67646,154.1069,138.8085,1,1,1278,1,38.3704,31.3748,1,cross_gap
2024-03-26,-0.78182,152.9021,138.9307,1,1,1421,1,38.3948,31.418,1,cross_gap
2024-03-27,0.71173,153.9903,139.0541,1,1,1900,0,38.4069,31.4621,1,cross_gap
2024-03-28,0.06596,154.0919,139.1747,1,1,1917,0,38.2242,31.5064,1,cross_gap
2024-03-29,-0.09527,153.9451,139.2918,1,1,1903,0,38.4435,31.5499,1,cross_gap
2024-04-01,0.89254,155.3191,139.4106,1,1,1916,0,38.346,31.5934,1,cross_gap
2024-04-02,0.14695,155.5474,139.5319,1,1,1917,0,38.8942,31.6392,1,cross_gap
2024-04-03,-0.08252,155.419,139.6473,1,1,1911,0,38.6262,31.682,1,cross_gap
2024-04-08,0.58924,156.3348,139.7703,1,1,1919,0,38.8455,31.7274,1,cross_gap
2024-04-09,0.42573,157.0004,139.8921,1,1,1919,0,39.7713,31.7764,1,cross_gap
2024-04-10,0.4273,157.6712,140.0215,1,1,1915,0,39.7104,31.8236,1,cross_gap
2024-04-11,-0.43723,156.9818,140.1437,1,1,1917,0,39.5885,31.8672,1,cross_gap
2024-04-12,0.40993,157.6253,140.2675,1,1,1919,0,39.4911,31.9104,1,cross_gap
2024-04-15,-0.92887,156.1612,140.3811,1,1,1914,0,38.9794,31.9505,1,cross_gap
2024-04-16,-2.50536,152.2488,140.4751,1,1,1913,0,37.9197,31.9858,1,cross_gap
2024-04-17,1.74629,154.9075,140.5807,1,1,1915,0,38.346,32.0235,1,cross_gap
2024-04-18,0.57262,155.7946,140.691,1,1,1918,0,38.7236,32.064,1,cross_gap
2024-04-19,-1.93187,152.7848,140.783,1,1,1917,0,36.7625,32.0946,1,cross_gap
2024-04-22,-0.76365,151.6181,140.8719,1,1,1918,0,36.6529,32.1257,1,cross_gap
2024-04-23,0.8703,152.9376,140.9729,1,1,1913,0,37.0061,32.1595,1,cross_gap
2024-04-24,1.46027,155.1709,141.0818,1,1,1911,0,38.0902,32.1984,1,cross_gap
2024-04-25,-0.19997,154.8606,141.1855,1,1,1908,0,37.3959,32.234,1,cross_gap
2024-04-26,0.58365,155.7644,141.291,1,1,1918,0,38.0049,32.2726,1,cross_gap
2024-04-29,1.23413,157.6868,141.4001,1,1,1917,0,38.6871,32.3127,1,cross_gap
2024-04-30,0.10467,157.8518,141.5092,1,1,1916,0,38.5531,32.3518,1,cross_gap
2024-05-02,0.51933,158.6716,141.6213,1,1,1917,0,38.0416,32.3885,1,cross_gap
2024-05-03,-0.07606,158.5509,141.7355,1,1,1913,0,38.2364,32.4296,1,cross_gap
2024-05-06,0.40986,159.2008,141.8573,1,1,1917,0,38.7845,32.4737,1,cross_gap
2024-05-07,-0.10137,159.0394,141.9787,1,1,1911,0,39.0038,32.5192,1,cross_gap
2024-05-08,0.08326,159.1718,142.0997,1,1,1916,0,39.15,32.5634,1,cross_gap
2024-05-09,-0.64419,158.1464,142.219,1,1,1917,0,39.1012,32.607,1,cross_gap
2024-05-10,0.19886,158.4609,142.3405,1,1,1920,0,39.3814,32.6504,1,cross_gap
2024-05-13,-0.06985,158.3502,142.4553,1,1,1916,0,39.7834,32.6941,1,cross_gap
2024-05-14,0.25918,158.7606,142.5676,1,1,1914,0,40.0514,32.7395,1,cross_gap
2024-05-15,0.20613,159.0879,142.6884,1,1,1919,0,40.5995,32.7879,1,cross_gap
2024-05-16,0.7514,160.2833,142.8174,1,1,1917,0,40.7944,32.8387,1,cross_gap
2024-05-17,0.42654,160.9669,142.9436,1,1,1917,0,40.7457,32.8884,1,cross_gap
2024-05-20,0.11052,161.1448,143.0719,1,1,1911,0,40.7335,32.9407,1,cross_gap
2024-05-21,0.17073,161.42,143.2065,1,1,1910,0,40.6848,32.9926,1,cross_gap
2024-05-22,0.58123,162.3582,143.3396,1,1,1918,0,41.4157,33.0463,1,cross_gap
2024-05-23,-1.13355,160.5178,143.4663,1,1,1922,0,41.7324,33.102,1,cross_gap
2024-05-24,0.55405,161.4071,143.5905,1,1,1914,0,41.5619,33.1557,1,cross_gap
2024-05-27,0.88002,162.8275,143.7204,1,1,1918,0,42.1343,33.2122,1,cross_gap
2024-05-28,1.00988,164.4719,143.8609,1,1,1917,0,42.1953,33.2699,1,cross_gap
2024-05-29,0.28483,164.9404,144.0051,1,1,1919,0,41.6228,33.3239,1,cross_gap
2024-05-30,-0.69532,163.7935,144.1537,1,1,1914,0,40.9041,33.3762,1,cross_gap
2024-05-31,0.57147,164.7295,144.3032,1,1,1919,0,40.4412,33.427,1,cross_gap
2024-06-03,0.71848,165.9131,144.4556,1,1,1920,0,41.3061,33.4805,1,cross_gap
2024-06-04,-0.24874,165.5004,144.6105,1,1,1916,0,40.6483,33.5326,1,cross_gap
2024-06-05,-0.17871,165.2046,144.7668,1,1,1915,0,41.0381,33.5864,1,cross_gap
2024-06-06,-0.31774,164.6797,144.9317,1,1,1914,0,42.4389,33.6481,1,cross_gap
2024-06-07,1.07041,166.4425,145.1059,1,1,1912,0,42.11,33.7083,1,cross_gap
2024-06-11,-0.86348,165.0053,145.2851,1,1,1923,0,42.2196,33.7712,1,cross_gap
2024-06-12,0.14003,165.2363,145.46,1,1,1917,0,42.9749,33.8377,1,cross_gap
2024-06-13,0.47249,166.017,145.6391,1,1,1919,0,43.5961,33.908,1,cross_gap
2024-06-14,0.59933,167.012,145.816,1,1,1921,0,43.8519,33.9789,1,cross_gap
2024-06-17,0.51928,167.8793,146.0021,1,1,1921,0,43.8519,34.0507,1,cross_gap
2024-06-18,0.22583,168.2584,146.1888,1,1,1919,0,44.5827,34.1272,1,cross_gap
2024-06-19,-0.26863,167.8064,146.3756,1,1,1921,0,45.7887,34.2086,1,cross_gap
2024-06-20,0.97408,169.441,146.567,1,1,1923,0,46.2272,34.2911,1,cross_gap
2024-06-21,0.21363,169.803,146.7597,1,1,1921,0,45.9471,34.3697,1,cross_gap
2024-06-24,-0.5293,168.9042,146.9477,1,1,1918,0,44.8264,34.4455,1,cross_gap
2024-06-25,0.27226,169.3641,147.1418,1,1,1918,0,44.802,34.5203,1,cross_gap
2024-06-26,0.51258,170.2322,147.3361,1,1,1924,0,45.1553,34.5961,1,cross_gap
2024-06-27,-0.29927,169.7227,147.5217,1,1,1917,0,45.1431,34.6711,1,cross_gap
2024-06-28,0.86804,171.196,147.7114,1,1,1925,0,45.4232,34.7486,1,cross_gap
2024-07-01,0.3494,171.7942,147.9012,1,1,1924,0,45.4598,34.826,1,cross_gap
2024-07-02,0.02281,171.8333,148.0885,1,1,1927,0,45.1553,34.9009,1,cross_gap
2024-07-03,0.79683,173.2026,148.2791,1,1,1929,0,45.7034,34.9789,1,cross_gap
2024-07-04,0.77195,174.5396,148.4765,1,1,1933,0,46.8971,35.0634,1,cross_gap
2024-07-05,1.18422,176.6065,148.6857,1,1,1927,0,46.7267,35.1484,1,cross_gap
2024-07-08,-0.38274,175.9306,148.8931,1,1,1928,0,48.2006,35.2415,1,cross_gap
2024-07-09,-0.92122,174.3099,149.0983,1,1,1928,0,48.1518,35.3349,1,cross_gap
2024-07-10,0.80801,175.7183,149.3088,1,1,1927,0,48.3224,35.4276,1,cross_gap
2024-07-11,0.17901,176.0329,149.5174,1,1,1925,0,49.3943,35.5256,1,cross_gap
2024-07-12,-0.07109,175.9077,149.7181,1,1,1929,0,47.8351,35.6136,1,cross_gap
2024-07-15,0.02641,175.9542,149.9189,1,1,1920,0,47.9204,35.7016,1,cross_gap
2024-07-16,0.43043,176.7115,150.1238,1,1,1928,0,48.202,35.7927,1,cross_gap
2024-07-17,0.57787,177.7327,150.3365,1,1,1930,0,47.5286,35.881,1,cross_gap
2024-07-18,-0.68873,176.5086,150.547,1,1,1929,0,46.6716,35.9658,1,cross_gap
2024-07-19,-1.69652,173.5141,150.7488,1,1,1928,0,45.6064,36.0478,1,cross_gap
2024-07-22,-2.00059,170.0428,150.9303,1,1,1926,0,44.2474,36.123,1,cross_gap
2024-07-23,1.07691,171.874,151.117,1,1,1929,0,45.6186,36.204,1,cross_gap
2024-07-26,-1.01125,170.1359,151.3003,1,1,1922,0,43.8311,36.2778,1,cross_gap
2024-07-29,-1.43355,167.6969,151.4712,1,1,1927,0,44.2229,36.3535,1,cross_gap
2024-07-30,1.10406,169.5484,151.6488,1,1,1925,0,44.2229,36.4287,1,cross_gap
2024-07-31,0.12237,169.7559,151.8226,1,1,1918,0,44.2841,36.5022,1,cross_gap
2024-08-01,1.8971,172.9763,152.0153,1,1,1928,0,45.0554,36.5805,1,cross_gap
2024-08-02,-2.72322,168.2658,152.188,1,1,1924,0,42.7781,36.6492,1,cross_gap
2024-08-05,-7.87343,155.0175,152.2898,1,1,1914,0,38.8726,36.6964,1,cross_gap
2024-08-06,-1.21247,153.138,152.381,1,1,1927,0,41.0151,36.7538,1,cross_gap
2024-08-07,4.85683,160.5756,152.516,1,1,1929,0,42.6435,36.8167,1,cross_gap
2024-08-08,-0.64368,159.542,152.6395,1,1,1919,0,41.7619,36.874,1,cross_gap
2024-08-09,1.65117,162.1763,152.778,1,1,1922,0,43.0597,36.9382,1,cross_gap
2024-08-12,1.068,163.9084,152.9293,1,1,1927,0,43.5985,37.0059,1,cross_gap
2024-08-13,0.36927,164.5137,153.0858,1,1,1923,0,43.7086,37.0738,1,cross_gap
2024-08-14,0.5469,165.4134,153.2534,1,1,1926,0,44.2596,37.1465,1,cross_gap
2024-08-15,0.41977,166.1077,153.4235,1,1,1916,0,43.9168,37.2175,1,cross_gap
2024-08-16,1.08716,167.9136,153.6062,1,1,1923,0,44.9085,37.2928,1,cross_gap
2024-08-19,0.53387,168.81,153.7933,1,1,1917,0,44.9697,37.3702,1,cross_gap
2024-08-20,0.29169,169.3024,153.9779,1,1,1927,0,44.9942,37.4476,1,cross_gap
2024-08-21,-0.07405,169.1771,154.157,1,1,1922,0,44.5167,37.5224,1,cross_gap
2024-08-22,0.04586,169.2547,154.3436,1,1,1915,0,44.2841,37.5989,1,cross_gap
2024-08-23,0.25146,169.6803,154.5302,1,1,1913,0,44.3086,37.6748,1,cross_gap
2024-08-26,0.27213,170.142,154.7172,1,1,1925,0,44.382,37.7515,1,cross_gap
2024-08-27,0.55992,171.0947,154.9181,1,1,1915,0,44.1861,37.8282,1,cross_gap
2024-08-28,0.32003,171.6422,155.1188,1,1,1923,0,44.8106,37.9074,1,cross_gap
2024-08-29,0.22226,172.0237,155.3142,1,1,1917,0,44.1984,37.9801,1,cross_gap
2024-08-30,0.51027,172.9015,155.5117,1,1,1926,0,44.4065,38.0528,1,cross_gap
2024-09-02,-0.33644,172.3198,155.6989,1,1,1914,0,44.2841,38.1236,1,cross_gap
2024-09-03,-0.50257,171.4538,155.8808,1,1,1913,0,44.0882,38.1935,1,cross_gap
2024-09-04,-3.26298,165.8593,156.0333,1,1,1925,0,41.9334,38.2517,1,cross_gap
2024-09-05,0.13511,166.0834,156.1896,1,1,1922,0,42.1905,38.3112,1,cross_gap
2024-09-06,0.34881,166.6627,156.3517,1,1,1916,0,42.7904,38.3743,1,cross_gap
2024-09-09,-0.14001,166.4293,156.5119,1,1,1907,0,42.1292,38.4318,1,cross_gap
2024-09-10,-1.37547,164.1401,156.6579,1,1,1923,0,42.2027,38.4892,1,cross_gap
2024-09-11,0.08744,164.2837,156.7992,1,1,1920,0,42.0803,38.5442,1,cross_gap
2024-09-12,1.39832,166.5809,156.9483,1,1,1927,0,43.6597,38.607,1,cross_gap
2024-09-13,0.944,168.1534,157.1005,1,1,1924,0,43.6842,38.6695,1,cross_gap
2024-09-16,0.85441,169.5901,157.256,1,1,1924,0,43.7699,38.7325,1,cross_gap
2024-09-18,-0.26021,169.1488,157.4061,1,1,1927,0,43.5495,38.7925,1,cross_gap
2024-09-19,1.26242,171.2842,157.5631,1,1,1923,0,44.1127,38.8567,1,cross_gap
2024-09-20,-0.16037,171.0095,157.7176,1,1,1926,0,44.6759,38.9238,1,cross_gap
2024-09-23,0.29555,171.5149,157.8744,1,1,1926,0,44.8718,38.992,1,cross_gap
2024-09-24,-0.13882,171.2768,158.0332,1,1,1919,0,45.3003,39.0633,1,cross_gap
2024-09-25,0.90654,172.8295,158.192,1,1,1925,0,45.9737,39.1369,1,cross_gap
2024-09-26,-0.34098,172.2402,158.3449,1,1,1923,0,46.3532,39.2126,1,cross_gap
2024-09-27,0.64127,173.3447,158.4998,1,1,1927,0,46.2553,39.2875,1,cross_gap
2024-09-30,-0.50775,172.4646,158.6463,1,1,1927,0,45.0432,39.3558,1,cross_gap
2024-10-01,0.14792,172.7197,158.7915,1,1,1921,0,44.9575,39.4243,1,cross_gap
2024-10-04,-0.83033,171.2855,158.932,1,1,1922,0,44.9575,39.494,1,cross_gap
2024-10-07,1.09142,173.155,159.079,1,1,1927,0,46.0716,39.5686,1,cross_gap
2024-10-08,-0.70154,171.9402,159.2228,1,1,1926,0,45.8513,39.6431,1,cross_gap
2024-10-09,-0.96514,170.2808,159.3555,1,1,1919,0,46.2798,39.7185,1,cross_gap
2024-10-11,-0.37924,169.635,159.485,1,1,1920,0,47.0511,39.7976,1,cross_gap
2024-10-14,0.5399,170.5509,159.6197,1,1,1920,0,47.0878,39.8765,1,cross_gap
2024-10-15,-0.04897,170.4673,159.7526,1,1,1929,0,48.0918,39.9604,1,cross_gap
2024-10-16,0.30892,170.9939,159.8856,1,1,1918,0,47.2592,40.0382,1,cross_gap
2024-10-17,0.60441,172.0275,160.0242,1,1,1921,0,47.3327,40.1157,1,cross_gap
2024-10-18,-0.55332,171.0756,160.1592,1,1,1928,0,48.5081,40.1989,1,cross_gap
2024-10-21,1.00256,172.7907,160.3069,1,1,1927,0,48.4958,40.2825,1,cross_gap
2024-10-22,0.15463,173.0579,160.4512,1,1,1929,0,48.3122,40.3649,1,cross_gap
2024-10-23,0.25932,173.5067,160.5998,1,1,1927,0,47.9939,40.447,1,cross_gap
2024-10-24,-0.77039,172.17,160.7423,1,1,1934,0,47.7,40.5273,1,cross_gap
2024-10-25,0.24935,172.5993,160.8889,1,1,1928,0,48.0918,40.6088,1,cross_gap
2024-10-28,-0.64091,171.4931,161.0243,1,1,1930,0,48.0061,40.689,1,cross_gap
2024-10-29,-0.93292,169.8932,161.1499,1,1,1924,0,46.8919,40.7619,1,cross_gap
2024-10-30,-0.28406,169.4106,161.2732,1,1,1924,0,46.9654,40.8351,1,cross_gap
2024-11-01,0.75306,170.6864,161.4017,1,1,1921,0,46.6471,40.9071,1,cross_gap
2024-11-04,-0.59503,169.6707,161.5243,1,1,1930,0,47.247,40.9828,1,cross_gap
2024-11-05,0.25385,170.1015,161.6524,1,1,1925,0,47.4184,41.0621,1,cross_gap
2024-11-06,0.17181,170.3937,161.7846,1,1,1929,0,47.798,41.1434,1,cross_gap
2024-11-07,1.00141,172.1,161.923,1,1,1934,0,48.3489,41.2278,1,cross_gap
2024-11-08,-0.76818,170.778,162.0555,1,1,1937,0,48.7285,41.3134,1,cross_gap
2024-11-11,-0.13084,170.5546,162.1925,1,1,1937,0,48.7529,41.3989,1,cross_gap
2024-11-12,-1.43604,168.1053,162.3199,1,1,1941,0,47.5041,41.4789,1,cross_gap
2024-11-13,-0.14548,167.8608,162.4416,1,1,1942,0,47.198,41.5568,1,cross_gap
2024-11-14,-1.23692,165.7845,162.5552,1,1,1937,0,46.7695,41.6327,1,cross_gap
2024-11-15,0.4498,166.5302,162.6663,1,1,1932,0,47.1001,41.7103,1,cross_gap
2024-11-18,-1.05987,164.7652,162.7734,1,1,1938,0,46.4389,41.7858,1,cross_gap
2024-11-19,1.21866,166.7731,162.8989,1,1,1935,0,47.0756,41.8659,1,cross_gap
2024-11-20,-0.43498,166.0477,163.0209,1,1,1871,1,46.8797,41.9441,1,cross_gap
2024-11-21,0.49873,166.8758,163.1432,1,1,1937,0,46.3655,42.014,1,cross_gap
2024-11-22,0.67864,168.0083,163.2654,1,1,1935,0,47.2715,42.0874,1,cross_gap
2024-11-25,0.96507,169.6297,163.3924,1,1,1940,0,47.1001,42.1596,1,cross_gap
2024-11-26,-0.34589,169.0429,163.5131,1,1,1932,0,46.4879,42.2288,1,cross_gap
2024-11-27,-1.52714,166.4614,163.6227,1,1,1935,0,45.8145,42.2926,1,cross_gap
2024-11-28,-0.7675,165.1838,163.7267,1,1,1928,0,45.7411,42.3561,1,cross_gap
2024-11-29,0.82729,166.5504,163.8323,1,1,1930,0,45.8513,42.4191,1,cross_gap
2024-12-02,0.24967,166.9662,163.9409,1,1,1935,0,46.9409,42.4879,1,cross_gap
2024-12-03,0.65552,168.0607,164.0541,1,1,1932,0,47.5776,42.5622,1,cross_gap
2024-12-04,0.82559,169.4482,164.1713,1,1,1933,0,47.8592,42.6378,1,cross_gap
2024-12-05,-0.03881,169.3824,164.2873,1,1,1937,0,48.1163,42.7138,1,cross_gap
2024-12-06,0.05124,169.4692,164.4064,1,1,1935,0,47.9326,42.7879,1,cross_gap
2024-12-09,-0.61216,168.4318,164.5132,1,1,1928,0,47.9939,42.8545,1,cross_gap
2024-12-10,-0.48305,167.6182,164.6055,1,1,1937,0,47.651,42.9206,1,cross_gap
2024-12-11,-0.22719,167.2374,164.6886,1,1,1934,0,47.2348,42.9849,1,cross_gap
2024-12-12,-0.20817,166.8892,164.7699,1,1,1935,0,47.7857,43.0513,1,cross_gap
2024-12-13,-1.26472,164.7786,164.8369,0,1,1941,0,47.8224,43.1184,1,cross_gap
2024-12-16,-1.39162,162.4855,164.8903,0,0,1930,0,48.0183,43.1846,1,cross_gap
2024-12-17,0.60385,163.4666,164.9502,0,0,1921,0,48.2632,43.2508,1,cross_gap
2024-12-18,0.38124,164.0898,165.0072,0,0,1931,0,48.2632,43.3167,1,cross_gap
2024-12-19,-0.52854,163.2226,165.0644,0,0,1929,0,47.6021,43.3801,1,cross_gap
2024-12-20,-0.47792,162.4425,165.1105,0,0,1935,0,47.1613,43.4414,1,cross_gap
2024-12-23,1.01808,164.0963,165.1638,0,0,1935,0,48.2999,43.5089,1,cross_gap
2024-12-24,0.11705,164.2883,165.2146,0,0,1942,0,48.4346,43.5721,1,cross_gap
2024-12-25,0.7606,165.5379,165.2692,1,0,1928,0,48.5815,43.6346,1,cross_gap
2024-12-26,0.37193,166.1536,165.3237,1,1,1934,0,48.5448,43.696,1,cross_gap
2024-12-27,-0.42816,165.4422,165.3817,1,1,1936,0,48.704,43.754,1,cross_gap
2024-12-30,-0.47819,164.6511,165.4494,0,1,1933,0,48.4346,43.808,1,cross_gap
2024-12-31,0.04207,164.7203,165.5126,0,0,1932,0,47.9326,43.8614,1,cross_gap
2025-01-02,-0.37255,164.1067,165.5643,0,0,1944,0,47.5164,43.9108,1,cross_gap
2025-01-03,-0.51191,163.2666,165.6208,0,0,1939,0,47.9939,43.9617,1,cross_gap
2025-01-06,0.94516,164.8097,165.6881,0,0,1940,0,49.4998,44.0202,1,cross_gap
2025-01-07,-0.36045,164.2157,165.7574,0,0,1944,0,50.0507,44.0841,1,cross_gap
2025-01-08,0.12542,164.4216,165.8223,0,0,1939,0,49.3039,44.1426,1,cross_gap
2025-01-09,-1.73096,161.5756,165.8704,0,0,1945,0,48.7407,44.1986,1,cross_gap
2025-01-10,-0.35147,161.0077,165.9167,0,0,1938,0,48.7285,44.2556,1,cross_gap
2025-01-13,-2.18291,157.493,165.9402,0,0,1948,0,47.6021,44.3019,1,cross_gap
2025-01-14,1.1904,159.3678,165.9717,0,0,1939,0,47.8959,44.3499,1,cross_gap
2025-01-15,-0.25006,158.9693,165.996,0,0,1935,0,47.5286,44.3957,1,cross_gap
2025-01-16,0.98843,160.5406,166.0342,0,0,1940,0,48.4958,44.4462,1,cross_gap
2025-01-17,-0.04598,160.4668,166.0666,0,0,1937,0,48.7316,44.4978,1,cross_gap
2025-01-20,0.77118,161.7043,166.1046,0,0,1936,0,49.2282,44.5528,1,cross_gap
2025-01-21,0.05263,161.7894,166.1439,0,0,1930,0,49.3275,44.6073,1,cross_gap
2025-01-22,0.70508,162.9301,166.1819,0,0,1940,0,49.9729,44.6654,1,cross_gap
2025-02-03,-0.9721,161.3463,166.2109,0,0,1939,0,47.838,44.7101,1,cross_gap
2025-02-04,0.10326,161.5129,166.2414,0,0,1939,0,48.1234,44.7576,1,cross_gap
2025-02-05,1.5261,163.9777,166.2796,0,0,1945,0,48.8558,44.8077,1,cross_gap
2025-02-06,1.0054,165.6264,166.3227,0,0,1941,0,49.0668,44.8541,1,cross_gap
2025-02-07,0.69561,166.7785,166.3683,1,0,1951,0,49.2902,44.902,1,cross_gap
2025-02-10,-0.03075,166.7272,166.417,1,1,1952,0,48.7316,44.9477,1,cross_gap
2025-02-11,0.13558,166.9532,166.4636,1,1,1941,0,49.0295,44.9954,1,cross_gap
2025-02-12,0.05007,167.0368,166.518,1,1,1946,0,48.9551,45.0453,1,cross_gap
2025-02-13,1.10346,168.88,166.6012,1,1,1952,0,48.7441,45.0994,1,cross_gap
2025-02-14,0.19078,169.2022,166.6726,1,1,1951,0,48.1607,45.1485,1,cross_gap
2025-02-17,0.66859,170.3335,166.7453,1,1,1954,0,48.893,45.1994,1,cross_gap
2025-02-18,0.36374,170.9531,166.8362,1,1,1946,0,49.0668,45.2609,1,cross_gap
2025-02-19,0.59083,171.9631,166.9379,1,1,1953,0,48.98,45.3225,1,cross_gap
2025-02-20,0.10395,172.1418,167.0339,1,1,1947,0,48.7938,45.3815,1,cross_gap
2025-02-21,0.58355,173.1464,167.1238,1,1,1952,0,49.1413,45.4367,1,cross_gap
2025-02-24,0.15828,173.4204,167.2166,1,1,1948,0,48.7068,45.4933,1,cross_gap
2025-02-25,-0.50552,172.5438,167.3005,1,1,1945,0,48.0737,45.5436,1,cross_gap
2025-02-26,0.0655,172.6568,167.3753,1,1,1942,0,48.3344,45.5918,1,cross_gap
2025-02-27,-0.68732,171.4701,167.4434,1,1,1948,0,47.7883,45.638,1,cross_gap
2025-03-03,-1.05351,169.6636,167.4984,1,1,1942,0,46.6836,45.6812,1,cross_gap
2025-03-04,0.42217,170.3799,167.5575,1,1,1947,0,46.3732,45.7219,1,cross_gap
2025-03-05,0.61923,171.4349,167.6187,1,1,1950,0,46.9815,45.7629,1,cross_gap
2025-03-06,-0.38209,170.7799,167.6774,1,1,1951,0,46.696,45.8014,1,cross_gap
2025-03-07,-0.77675,169.4534,167.7288,1,1,1942,0,46.2615,45.8369,1,cross_gap
2025-03-10,-0.23204,169.0602,167.7834,1,1,1886,1,45.9885,45.8714,1,cross_gap
2025-03-11,-1.04042,167.3012,167.8276,0,1,1949,0,45.1816,45.9004,1,cross_gap
2025-03-12,0.39284,167.9585,167.8756,1,0,1955,0,45.3803,45.9283,0,cross_gap
2025-03-13,-0.99138,166.2933,167.9133,0,1,1945,0,44.9582,45.9529,0,cross_gap
2025-03-14,0.48136,167.0938,167.9533,0,0,1948,0,44.8093,45.9739,0,cross_gap
2025-03-17,0.3103,167.6123,167.99,0,0,1955,0,45.1941,45.9959,0,cross_gap
2025-03-18,0.57333,168.5733,168.028,1,0,1947,0,45.3803,46.0191,0,cross_gap
2025-03-19,-0.56216,167.6256,168.0604,0,1,1950,0,44.8217,46.0395,0,cross_gap
2025-03-20,0.97931,169.2672,168.0996,1,0,1958,0,45.7898,46.0651,0,cross_gap
2025-03-21,-0.2609,168.8256,168.132,1,1,1959,0,45.4175,46.0851,0,cross_gap
2025-03-24,-0.48353,168.0093,168.1694,0,1,1949,0,45.3678,46.1032,0,cross_gap
2025-03-25,-0.22764,167.6268,168.2005,0,0,1952,0,45.8395,46.1246,0,cross_gap
2025-03-26,0.36936,168.246,168.2276,1,0,1944,0,45.8023,46.143,0,cross_gap
2025-03-27,-0.81197,166.8798,168.2397,0,1,1944,0,44.9334,46.1567,0,cross_gap
2025-03-28,-2.17422,163.2515,168.2312,0,0,1952,0,44.4865,46.171,0,cross_gap
2025-03-31,-4.32236,156.1952,168.1932,0,0,1955,0,42.8854,46.1809,0,cross_gap
2025-04-01,1.99706,159.3145,168.1662,0,0,1950,0,43.7666,46.1975,0,cross_gap
2025-04-02,0.56742,160.2185,168.1377,0,0,1947,0,43.6921,46.2094,0,cross_gap
2025-04-07,-9.59384,144.8474,168.0344,0,0,1895,1,39.3229,46.2028,0,cross_gap
2025-04-08,-5.83408,136.3969,167.8904,0,0,1953,0,38.0444,46.1879,0,cross_gap
2025-04-09,-7.27453,126.4746,167.6994,0,0,1948,0,36.2943,46.1571,0,cross_gap
2025-04-10,8.95877,137.8052,167.5562,0,0,1923,0,39.9187,46.1462,0,cross_gap
2025-04-11,0.423,138.3881,167.4231,0,0,1949,0,40.8497,46.1393,0,cross_gap
2025-04-14,1.50329,140.4685,167.2992,0,0,1958,0,40.6387,46.1276,0,cross_gap
2025-04-15,3.76338,145.7549,167.1979,0,0,1960,0,41.0483,46.1149,0,cross_gap
2025-04-16,-1.35991,143.7727,167.0817,0,0,1956,0,40.3035,46.0972,0,cross_gap
2025-04-17,-0.11453,143.6081,166.9604,0,0,1938,0,39.8567,46.0772,0,cross_gap
2025-04-18,0.35477,144.1175,166.8397,0,0,1943,0,39.9436,46.054,0,cross_gap
2025-04-21,-2.27933,140.8326,166.7048,0,0,1941,0,39.3726,46.0219,0,cross_gap
2025-04-22,-0.76687,139.7526,166.5564,0,0,1932,0,38.7148,45.9843,0,cross_gap
2025-04-23,2.79147,143.6538,166.4256,0,0,1954,0,40.4276,45.9568,0,cross_gap
2025-04-24,0.22156,143.9721,166.301,0,0,1935,0,40.1918,45.9336,0,cross_gap
2025-04-25,1.50502,146.1389,166.1848,0,0,1960,0,41.1476,45.9153,0,cross_gap
2025-04-28,1.24076,147.9521,166.0734,0,0,1946,0,41.4951,45.897,0,cross_gap
2025-04-29,1.66366,150.4135,165.9769,0,0,1955,0,41.6565,45.8796,0,cross_gap
2025-04-30,-0.63113,149.4642,165.8682,0,0,1948,0,41.8551,45.8617,0,cross_gap
2025-05-02,1.5516,151.7833,165.7682,0,0,1956,0,43.0716,45.8498,0,cross_gap
2025-05-05,-1.91657,148.8743,165.6534,0,0,1952,0,42.6867,45.8374,0,cross_gap
2025-05-06,0.878,150.1814,165.5383,0,0,1945,0,42.4509,45.8212,0,cross_gap
2025-05-07,-0.3422,149.6675,165.4139,0,0,1948,0,42.2895,45.7981,0,cross_gap
2025-05-08,1.25116,151.54,165.2886,0,0,1950,0,42.8481,45.7788,0,cross_gap
2025-05-09,0.48979,152.2823,165.1703,0,0,1949,0,43.3819,45.7547,0,cross_gap
2025-05-12,1.116,153.9817,165.0687,0,0,1959,0,43.866,45.7332,0,cross_gap
2025-05-13,0.33642,154.4998,164.9626,0,0,1955,0,44.3997,45.7136,0,cross_gap
2025-05-14,1.08067,156.1694,164.8633,0,0,1960,0,45.4051,45.6937,0,cross_gap
2025-05-15,-0.24793,155.7822,164.7627,0,0,1949,0,45.3058,45.681,0,cross_gap
2025-05-16,0.31455,156.2722,164.6643,0,0,1954,0,45.4299,45.6686,0,cross_gap
2025-05-19,-0.90167,154.8632,164.555,0,0,1948,0,44.7969,45.6516,0,cross_gap
2025-05-20,0.1387,155.078,164.4417,0,0,1949,0,44.8838,45.6383,0,cross_gap
2025-05-21,0.88841,156.4557,164.3415,0,0,1953,0,45.5788,45.6329,0,cross_gap
2025-05-22,-0.36436,155.8856,164.2533,0,0,1942,0,45.0824,45.6302,0,cross_gap
2025-05-23,0.04563,155.9568,164.1829,0,0,1917,0,44.8962,45.6335,0,cross_gap
2025-05-26,-0.12328,155.7645,164.1024,0,0,1944,0,44.8465,45.6296,0,cross_gap
2025-05-27,-0.71721,154.6473,164.0249,0,0,1951,0,44.4493,45.6327,0,cross_gap
2025-05-28,-0.319,154.154,163.9572,0,0,1941,0,44.5238,45.6342,0,cross_gap
2025-05-29,0.08887,154.291,163.8809,0,0,1939,0,44.6231,45.6362,0,cross_gap
2025-06-02,-1.74669,151.596,163.7901,0,0,1934,0,43.6673,45.6331,0,cross_gap
2025-06-03,0.17777,151.8655,163.6846,0,0,1944,0,43.9776,45.6277,0,cross_gap
2025-06-04,1.23794,153.7455,163.612,0,0,1944,0,45.0079,45.6389,0,cross_gap
2025-06-05,0.06557,153.8463,163.6061,0,0,1938,0,45.0948,45.67,0,cross_gap
2025-06-06,0.0644,153.9454,163.6101,0,0,1944,0,45.1693,45.6908,0,cross_gap
2025-06-09,-0.15883,153.7009,163.5758,0,0,1937,0,45.6037,45.7056,0,cross_gap
2025-06-10,0.69479,154.7688,163.5519,0,0,1953,0,46.8326,45.7309,0,cross_gap
2025-06-11,0.29906,155.2316,163.5172,0,0,1955,0,46.8326,45.7498,1,cross_gap
2025-06-12,0.19289,155.5311,163.4753,0,0,1948,0,46.8326,45.766,1,cross_gap
2025-06-13,-1.38288,153.3803,163.4196,0,0,1946,0,46.8326,45.7816,1,cross_gap
2025-06-16,0.21207,153.7055,163.3611,0,0,1949,0,46.8326,45.7945,1,cross_gap
2025-06-17,0.2443,154.081,163.3009,0,0,1950,0,46.8326,45.809,1,cross_gap
2025-06-18,0.37193,154.6541,163.2346,0,0,1955,0,47.2372,45.8207,1,cross_gap
2025-06-19,-1.33778,152.5852,163.1535,0,0,1953,0,46.7704,45.8297,1,cross_gap
2025-06-20,-0.73617,151.4619,163.0643,0,0,1951,0,46.7009,45.8382,1,cross_gap
2025-06-23,-0.53447,150.6524,162.9717,0,0,1936,0,46.3136,45.8472,1,cross_gap
2025-06-24,1.8499,153.4393,162.8926,0,0,1957,0,47.1577,45.8616,1,cross_gap
2025-06-25,0.29956,153.8989,162.8137,0,0,1948,0,47.843,45.8792,1,cross_gap
2025-06-26,0.54612,154.7394,162.7367,0,0,1951,0,47.9025,45.8968,1,cross_gap
2025-06-27,0.26472,155.149,162.657,0,0,1946,0,47.9521,45.9157,1,cross_gap
2025-06-30,-0.83547,153.8528,162.568,0,0,1941,0,48.0216,45.9317,1,cross_gap
2025-07-01,0.45794,154.5574,162.4807,0,0,1951,0,48.2997,45.9522,1,cross_gap
2025-07-02,0.32442,155.0588,162.3915,0,0,1941,0,48.3096,45.9717,1,cross_gap
2025-07-03,0.76267,156.2414,162.3111,0,0,1956,0,48.975,45.9952,1,cross_gap
2025-07-04,-1.26331,154.2676,162.2252,0,0,1950,0,48.5182,46.0174,1,cross_gap
2025-07-07,-0.62155,153.3087,162.1624,0,0,1929,0,48.2301,46.0488,1,cross_gap
2025-07-08,-0.6388,152.3294,162.0936,0,0,1934,0,48.0117,46.0779,1,cross_gap
2025-07-09,0.58081,153.2141,162.0264,0,0,1933,0,48.5082,46.1065,1,cross_gap
2025-07-10,0.10888,153.3809,161.9611,0,0,1939,0,49.0643,46.1412,1,cross_gap
2025-07-11,0.83363,154.6596,161.9137,0,0,1943,0,49.2729,46.1766,1,cross_gap
2025-07-14,-0.57911,153.7639,161.8611,0,0,1925,0,48.9849,46.2111,1,cross_gap
2025-07-15,0.45028,154.4563,161.8005,0,0,1946,0,49.6502,46.241,1,cross_gap
2025-07-16,0.31833,154.948,161.7345,0,0,1949,0,50.0474,46.2728,1,cross_gap
2025-07-17,0.92395,156.3796,161.6684,0,0,1955,0,50.3453,46.3057,1,cross_gap
2025-07-18,0.05929,156.4723,161.6051,0,0,1951,0,51.09,46.3434,1,cross_gap
2025-07-21,0.11477,156.6519,161.5319,0,0,1943,0,50.9,46.3774,1,cross_gap
2025-07-22,-1.79448,153.8408,161.4461,0,0,1947,0,50.5501,46.4067,1,cross_gap
2025-07-23,1.47117,156.1041,161.369,0,0,1951,0,50.7001,46.4359,1,cross_gap
2025-07-24,0.27816,156.5383,161.2953,0,0,1950,0,51.0,46.4644,1,cross_gap
2025-07-25,-0.06319,156.4394,161.2134,0,0,1949,0,50.9,46.489,1,cross_gap
2025-07-28,0.32238,156.9437,161.1369,0,0,1945,0,51.05,46.5125,1,cross_gap
2025-07-29,-0.66569,155.8989,161.0496,0,0,1943,0,50.45,46.5335,1,cross_gap
2025-07-30,0.53564,156.734,160.971,0,0,1936,0,51.0,46.5632,1,cross_gap
2025-07-31,-0.31358,156.2425,160.8886,0,0,1938,0,51.5501,46.5962,1,cross_gap
2025-08-01,0.02722,156.285,160.8136,0,0,11,1,51.1,46.6269,1,cross_gap
2025-08-04,1.0093,157.8624,160.7371,0,0,1890,1,50.8,46.6506,1,cross_gap
2025-08-05,0.78686,159.1046,160.673,0,0,1952,0,51.4501,46.6786,1,cross_gap
2025-08-06,0.0606,159.201,160.6176,0,0,1953,0,51.0,46.7022,1,cross_gap
2025-08-07,0.07111,159.3142,160.566,0,0,1955,0,52.4501,46.7292,1,cross_gap
2025-08-08,0.05004,159.3939,160.5102,0,0,1953,0,52.4501,46.756,1,cross_gap
2025-08-11,-0.08625,159.2565,160.4541,0,0,1946,0,52.85,46.7798,1,cross_gap
2025-08-12,0.54305,160.1213,160.3998,0,0,1952,0,52.9,46.808,1,cross_gap
2025-08-13,0.22259,160.4777,160.342,1,0,1955,0,53.35,46.8381,1,cross_gap
2025-08-14,0.52023,161.3126,160.2932,1,1,1956,0,53.1501,46.8613,1,cross_gap
2025-08-15,0.41429,161.9809,160.2391,1,1,1962,0,53.1501,46.8845,1,cross_gap
2025-08-18,0.73867,163.1774,160.1897,1,1,1958,0,53.3001,46.9095,1,cross_gap
2025-08-19,-0.37159,162.571,160.1351,1,1,1961,0,53.2001,46.9355,1,cross_gap
2025-08-20,-1.43575,160.2369,160.0754,1,1,1954,0,51.7,46.9555,1,cross_gap
2025-08-21,1.24079,162.2251,160.0235,1,1,1962,0,52.0,46.975,1,cross_gap
2025-08-22,-0.40741,161.5642,159.9739,1,1,1882,1,51.75,46.9938,1,cross_gap
2025-08-25,0.96465,163.1227,159.94,1,1,1958,0,52.7,47.0228,1,cross_gap
2025-08-26,0.26651,163.5575,159.9108,1,1,1960,0,52.75,47.0517,1,cross_gap
2025-08-27,0.81555,164.8914,159.8818,1,1,1962,0,53.0001,47.0835,1,cross_gap
2025-08-28,0.33314,165.4407,159.8606,1,1,1956,0,52.5,47.1098,1,cross_gap
2025-08-29,0.15794,165.702,159.8386,1,1,1955,0,52.5,47.1352,1,cross_gap
2025-09-01,-1.18376,163.7405,159.8054,1,1,1953,0,52.0,47.1562,1,cross_gap
2025-09-02,-0.36345,163.1453,159.7606,1,1,1949,0,52.0,47.1744,1,cross_gap
2025-09-03,0.83157,164.502,159.7292,1,1,1958,0,51.95,47.1905,1,cross_gap
2025-09-04,0.50537,165.3334,159.7031,1,1,1954,0,52.3001,47.2083,1,cross_gap
2025-09-05,0.50584,166.1697,159.6934,1,1,1953,0,52.85,47.235,1,cross_gap
2025-09-08,0.39006,166.8178,159.6882,1,1,1955,0,53.35,47.2658,1,cross_gap
2025-09-09,-0.19338,166.4952,159.6918,1,1,1955,0,53.9001,47.3014,1,cross_gap
2025-09-10,0.12252,166.6992,159.6926,1,1,1954,0,54.9501,47.3407,1,cross_gap
2025-09-11,-1.40081,164.3641,159.6906,1,1,1958,0,55.45,47.3857,1,cross_gap
2025-09-12,0.37659,164.9831,159.6817,1,1,1962,0,56.0,47.4303,1,cross_gap
2025-09-15,-0.46344,164.2185,159.6725,1,1,1948,0,56.0,47.4759,1,cross_gap
2025-09-16,0.55787,165.1346,159.6638,1,1,1952,0,56.75,47.5279,1,cross_gap
2025-09-17,-0.00938,165.1191,159.6494,1,1,1957,0,56.35,47.5733,1,cross_gap
2025-09-18,0.79731,166.4356,159.6334,1,1,1953,0,56.95,47.6225,1,cross_gap
2025-09-19,-0.03414,166.3788,159.6201,1,1,1957,0,57.0,47.6751,1,cross_gap
2025-09-22,0.27142,166.8304,159.6219,1,1,1951,0,57.4,47.733,1,cross_gap
2025-09-23,-0.34046,166.2624,159.6273,1,1,1964,0,58.45,47.7965,1,cross_gap
2025-09-24,0.01999,166.2956,159.626,1,1,1949,0,58.4,47.8593,1,cross_gap
2025-09-25,-0.0283,166.2486,159.6225,1,1,1937,0,58.2,47.9156,1,cross_gap
2025-09-26,-1.5774,163.6262,159.6003,1,1,1946,0,57.25,47.9639,1,cross_gap
2025-09-30,1.114,165.449,159.5803,1,1,1941,0,57.8,48.0136,1,cross_gap
2025-10-01,-0.13219,165.2303,159.5595,1,1,1948,0,58.1,48.0636,1,cross_gap
2025-10-02,-0.14727,164.9869,159.5371,1,1,1944,0,59.2,48.1199,1,cross_gap
2025-10-03,-0.0034,164.9813,159.5199,1,1,1948,0,60.05,48.1802,1,cross_gap
2025-10-07,0.46615,165.7504,159.5105,1,1,1953,0,61.7,48.2504,1,cross_gap
2025-10-08,0.01579,165.7765,159.5032,1,1,1950,0,61.15,48.32,1,cross_gap
2025-10-09,0.03916,165.8415,159.498,1,1,1956,0,61.6,48.3891,1,cross_gap
2025-10-13,-0.83417,164.4581,159.4964,1,1,1951,0,61.0,48.455,1,cross_gap
2025-10-14,-1.21305,162.4631,159.4963,1,1,1955,0,60.7,48.5184,1,cross_gap
2025-10-15,0.57346,163.3948,159.4959,1,1,1949,0,61.8,48.5861,1,cross_gap
2025-10-16,0.73908,164.6024,159.4985,1,1,1959,0,63.0,48.6597,1,cross_gap
2025-10-17,-0.3087,164.0943,159.5028,1,1,1943,0,62.05,48.732,1,cross_gap
2025-10-20,0.3245,164.6267,159.5137,1,1,1951,0,63.1,48.8117,1,cross_gap
2025-10-21,0.59205,165.6014,159.5213,1,1,1960,0,63.2,48.8862,1,cross_gap
2025-10-22,0.44553,166.3392,159.5315,1,1,1946,0,62.7,48.9575,1,cross_gap
2025-10-23,-0.33473,165.7824,159.5328,1,1,1950,0,62.35,49.0263,1,cross_gap
2025-10-27,0.28838,166.2605,159.5333,1,1,1954,0,63.8,49.1026,1,cross_gap
2025-10-28,-0.58269,165.2917,159.5325,1,1,1953,0,63.35,49.1758,1,cross_gap
2025-10-29,0.04,165.3578,159.5361,1,1,1955,0,64.4,49.2557,1,cross_gap
2025-10-30,-0.52233,164.4941,159.5349,1,1,1951,0,64.4,49.338,1,cross_gap
2025-10-31,0.09947,164.6578,159.5377,1,1,1957,0,64.75,49.4242,1,cross_gap
2025-11-03,0.09903,164.8208,159.5455,1,1,1949,0,64.15,49.505,1,cross_gap
2025-11-04,-1.17035,162.8918,159.5359,1,1,1936,0,63.95,49.5772,1,cross_gap
2025-11-05,-0.264,162.4618,159.5271,1,1,1941,0,63.15,49.6427,1,cross_gap
2025-11-06,0.86794,163.8719,159.5244,1,1,1949,0,63.3,49.7127,1,cross_gap
2025-11-07,-0.70243,162.7208,159.5301,1,1,1940,0,62.55,49.7817,1,cross_gap
2025-11-10,-0.32349,162.1944,159.536,1,1,1938,0,63.35,49.8548,1,cross_gap
2025-11-11,-0.05508,162.1051,159.5591,1,1,1957,0,62.9,49.9313,1,cross_gap
2025-11-12,0.89283,163.5524,159.58,1,1,1946,0,63.2,50.0079,1,cross_gap
2025-11-13,0.17062,163.8314,159.6043,1,1,1950,0,62.9,50.0847,1,cross_gap
2025-11-14,-0.89864,162.3592,159.6134,1,1,1948,0,61.7,50.1507,1,cross_gap
2025-11-17,-0.80748,161.0482,159.6163,1,1,1956,0,61.9,50.2166,1,cross_gap
2025-11-18,-1.83947,158.0857,159.5982,0,1,1949,0,60.45,50.2727,1,cross_gap
2025-11-19,-0.68373,157.0049,159.5743,0,0,1948,0,60.05,50.3263,1,cross_gap
2025-11-20,1.30459,159.0531,159.5549,0,0,1945,0,61.9,50.3859,1,cross_gap
2025-11-21,-1.72423,156.3107,159.5297,0,0,1940,0,59.85,50.446,1,cross_gap
2025-11-24,0.86969,157.6701,159.5105,0,0,1947,0,59.55,50.5031,1,cross_gap
2025-11-25,0.94751,159.164,159.4864,0,0,1951,0,60.35,50.5606,1,cross_gap
2025-11-26,1.26687,161.1804,159.4642,1,0,1956,0,61.35,50.622,1,cross_gap
2025-11-27,0.51056,162.0034,159.4403,1,1,1941,0,61.9,50.6851,1,cross_gap
2025-11-28,0.6901,163.1213,159.4223,1,1,1946,0,62.35,50.7532,1,cross_gap
2025-12-01,-0.38276,162.497,159.4,1,1,1943,0,61.5,50.8155,1,cross_gap
2025-12-02,0.20584,162.8315,159.379,1,1,1953,0,61.7,50.8792,1,cross_gap
2025-12-03,0.64689,163.8848,159.354,1,1,1951,0,62.3,50.947,1,cross_gap
2025-12-04,0.33832,164.4393,159.3302,1,1,1948,0,62.2,51.0172,1,cross_gap
2025-12-05,-0.16799,164.163,159.2994,1,1,1945,0,62.75,51.0865,1,cross_gap
2025-12-08,0.24633,164.5674,159.2674,1,1,1945,0,63.7,51.1597,1,cross_gap
2025-12-09,0.1483,164.8115,159.2317,1,1,1946,0,63.6,51.2328,1,cross_gap
2025-12-10,-0.19087,164.4969,159.1935,1,1,1949,0,64.05,51.309,1,cross_gap
2025-12-11,-0.05101,164.413,159.1498,1,1,1948,0,63.35,51.3801,1,cross_gap
2025-12-12,0.40445,165.0779,159.1081,1,1,1949,0,63.45,51.4538,1,cross_gap
2025-12-15,0.28889,165.5548,159.0731,1,1,1945,0,62.8,51.5274,1,cross_gap
2025-12-16,-0.7566,164.3022,159.0314,1,1,1956,0,62.25,51.597,1,cross_gap
2025-12-17,0.14061,164.5333,158.9967,1,1,1950,0,61.9,51.6676,1,cross_gap
2025-12-18,-0.42209,163.8388,158.9675,1,1,1944,0,61.9,51.7436,1,cross_gap
2025-12-19,0.77334,165.1058,158.9412,1,1,1952,0,62.5,51.8243,1,cross_gap
2025-12-22,0.95319,166.6796,158.9174,1,1,1945,0,63.4,51.9064,1,cross_gap
2025-12-23,0.05807,166.7764,158.8974,1,1,1950,0,63.7,51.9914,1,cross_gap
2025-12-24,-0.03904,166.7113,158.8837,1,1,1948,0,63.85,52.0793,1,cross_gap
2025-12-26,0.33415,167.2683,158.8747,1,1,1944,0,64.4,52.1714,1,cross_gap
2025-12-29,0.30064,167.7712,158.8771,1,1,1956,0,65.25,52.2717,1,cross_gap
2025-12-30,-0.07003,167.6537,158.8755,1,1,1952,0,65.15,52.3706,1,cross_gap
2025-12-31,0.03111,167.7059,158.8826,1,1,1960,0,65.6,52.4738,1,cross_gap
2026-01-02,0.5505,168.6291,158.8903,1,1,1961,0,66.95,52.5845,1,cross_gap
2026-01-05,-0.95792,167.0138,158.8873,1,1,1962,0,69.5,52.706,1,cross_gap
2026-01-06,0.52617,167.8926,158.8839,1,1,1960,0,70.4,52.8311,1,cross_gap
2026-01-07,0.72282,169.1061,158.8913,1,1,1959,0,69.85,52.9563,1,cross_gap
2026-01-08,-0.44055,168.3611,158.8868,1,1,1956,0,70.1,53.0778,1,cross_gap
2026-01-09,0.30522,168.875,158.887,1,1,1953,0,69.85,53.2,1,cross_gap
2026-01-12,1.05598,170.6583,158.9002,1,1,1965,0,70.35,53.3249,1,cross_gap
2026-01-13,-0.12498,170.445,158.9143,1,1,1964,0,70.7,53.4492,1,cross_gap
2026-01-14,1.54216,173.0735,158.9385,1,1,1969,0,70.75,53.5739,1,cross_gap
2026-01-15,0.31803,173.6239,158.9722,1,1,1966,0,70.65,53.7025,1,cross_gap
2026-01-16,0.16653,173.9131,159.0255,1,1,1963,0,72.0,53.8401,1,cross_gap
2026-01-19,0.78766,175.2829,159.1209,1,1,1970,0,72.6,53.9887,1,cross_gap
2026-01-20,0.14334,175.5342,159.202,1,1,1958,0,72.6,54.1328,1,cross_gap
2026-01-21,-0.85035,174.0415,159.2712,1,1,1957,0,71.85,54.2736,1,cross_gap
2026-01-22,0.56755,175.0293,159.4221,1,1,1966,0,72.8134,54.4411,1,cross_gap
2026-01-23,0.14274,175.2791,159.6165,1,1,1957,0,73.2698,54.6172,1,cross_gap
2026-01-26,0.73171,176.5617,159.8669,1,1,1966,0,73.2698,54.8021,1,cross_gap
2026-01-27,-0.13101,176.3304,160.0595,1,1,1966,0,74.0811,54.9729,1,cross_gap
2026-01-28,0.30739,176.8724,160.252,1,1,1961,0,75.2473,55.1449,1,cross_gap
2026-01-29,-0.89782,175.2844,160.426,1,1,1958,0,74.7909,55.3156,1,cross_gap
2026-01-30,-1.37299,172.8777,160.5617,1,1,1962,0,73.6247,55.4785,1,cross_gap
2026-02-02,-1.5828,170.1414,160.6935,1,1,1960,0,72.5092,55.6395,1,cross_gap
2026-02-03,0.74342,171.4063,160.8325,1,1,1957,0,73.9796,55.8102,1,cross_gap
2026-02-04,1.26372,173.5724,160.9798,1,1,1957,0,73.9289,55.9801,1,cross_gap
2026-02-05,-0.66309,172.4215,161.1377,1,1,1958,0,73.0162,56.1483,1,cross_gap
2026-02-06,-1.43644,169.9447,161.2887,1,1,1958,0,72.9148,56.3193,1,cross_gap
2026-02-09,0.52888,170.8435,161.4246,1,1,1954,0,74.9938,56.4921,1,cross_gap
2026-02-10,0.11176,171.0345,161.5599,1,1,1966,0,76.5656,56.674,1,cross_gap
2026-02-11,0.26549,171.4885,161.6867,1,1,1967,0,78.2896,56.8597,1,cross_gap
2026-02-23,1.77495,174.5324,161.8196,1,1,1970,0,78.4925,57.0447,1,cross_gap
2026-02-24,0.85203,176.0194,161.9476,1,1,1969,0,80.5207,57.239,1,cross_gap
2026-02-25,0.38801,176.7024,162.0838,1,1,1968,0,82.2447,57.441,1,cross_gap
2026-02-26,0.84768,178.2003,162.2159,1,1,1972,0,82.2954,57.6371,1,cross_gap
2026-03-02,-0.06419,178.0859,162.3619,1,1,1965,0,81.4841,57.8311,1,cross_gap
2026-03-03,-1.33749,175.704,162.4896,1,1,1972,0,79.8615,58.0181,1,cross_gap
2026-03-04,-3.70231,169.1989,162.5872,1,1,1965,0,76.667,58.19,1,cross_gap
2026-03-05,1.97252,172.5364,162.6922,1,1,1964,0,78.4925,58.3682,1,cross_gap
2026-03-06,0.59562,173.5641,162.7986,1,1,1961,0,77.9347,58.541,1,cross_gap
2026-03-09,-3.80379,166.962,162.8635,1,1,1959,0,74.6388,58.6949,1,cross_gap
2026-03-10,1.29832,169.1297,162.9367,1,1,1965,0,76.2614,58.8542,1,cross_gap
2026-03-11,2.33208,173.074,163.0212,1,1,1967,0,79.3037,59.0237,1,cross_gap
2026-03-12,-0.0715,172.9502,163.107,1,1,1963,0,77.6812,59.1855,1,cross_gap
2026-03-13,0.18643,173.2727,163.192,1,1,1966,0,77.022,59.3435,1,cross_gap
2026-03-16,0.60621,174.3231,163.2893,1,1,1962,0,76.667,59.5028,1,cross_gap
2026-03-17,1.03503,176.1274,163.3946,1,1,1967,0,77.7319,59.6671,1,cross_gap
2026-03-18,0.82602,177.5822,163.5002,1,1,1968,0,78.8981,59.8337,1,cross_gap
2026-03-19,-0.49588,176.7016,163.6043,1,1,1963,0,77.0727,59.9936,1,cross_gap
2026-03-20,-0.00779,176.6879,163.7079,1,1,1960,0,76.9713,60.154,1,cross_gap
2026-03-23,-1.90126,173.3286,163.7958,1,1,1961,0,75.298,60.3063,1,cross_gap
2026-03-24,-0.3987,172.6375,163.8857,1,1,1959,0,75.4501,60.4613,1,cross_gap
2026-03-25,1.67178,175.5236,163.9925,1,1,1967,0,77.2755,60.625,1,cross_gap
2026-03-26,-0.3929,174.834,164.0953,1,1,1956,0,76.8699,60.7863,1,cross_gap
2026-03-27,0.21454,175.2091,164.2133,1,1,1944,0,76.0586,60.9482,1,cross_gap
2026-03-30,-0.93996,173.5622,164.3218,1,1,1951,0,74.9431,61.1031,1,cross_gap
2026-03-31,-2.14219,169.8441,164.4023,1,1,1959,0,73.3712,61.2449,1,cross_gap
2026-04-01,1.98438,173.2145,164.4991,1,1,1968,0,76.5149,61.402,1,cross_gap
2026-04-02,-0.87404,171.7005,164.5879,1,1,1954,0,74.9938,61.5511,1,cross_gap
2026-04-07,0.39228,172.3741,164.6813,1,1,1960,0,76.3628,61.7049,1,cross_gap
2026-04-08,2.09531,175.9859,164.7874,1,1,1961,0,80.3179,61.8723,1,cross_gap
2026-04-09,0.10037,176.1625,164.892,1,1,1955,0,80.2672,62.0395,1,cross_gap
2026-04-10,0.62757,177.268,165.0007,1,1,1958,0,81.8897,62.2148,1,cross_gap
2026-04-13,0.99006,179.0231,165.1289,1,1,1958,0,81.7376,62.3893,1,cross_gap
2026-04-14,0.6761,180.2335,165.2616,1,1,1969,0,84.2729,62.5765,1,cross_gap
2026-04-15,0.56416,181.2503,165.3974,1,1,1966,0,85.3377,62.769,1,cross_gap
2026-04-16,0.96267,182.9951,165.5391,1,1,1968,0,86.1997,62.9638,1,cross_gap
2026-04-17,0.6942,184.2655,165.6975,1,1,1967,0,85.3377,63.1567,1,cross_gap
2026-04-20,0.61343,185.3958,165.8672,1,1,1963,0,85.7434,63.3519,1,cross_gap
2026-04-21,0.88542,187.0373,166.0491,1,1,1970,0,87.2138,63.5564,1,cross_gap
2026-04-22,0.77504,188.4869,166.2244,1,1,1966,0,87.5688,63.7584,1,cross_gap
2026-04-23,-2.29314,184.1647,166.3757,1,1,1968,0,87.5688,63.9571,1,cross_gap
2026-04-24,-0.48772,183.2665,166.5183,1,1,1960,0,91.2196,64.1737,1,cross_gap
2026-04-27,-0.99301,181.4466,166.6498,1,1,1958,0,94.3126,64.4055,1,cross_gap
2026-04-28,0.92762,183.1298,166.7962,1,1,1950,0,93.2985,64.6318,1,cross_gap
2026-04-29,0.2839,183.6497,166.9416,1,1,1960,0,92.0309,64.8505,1,cross_gap
2026-04-30,-0.14485,183.3836,167.0833,1,1,1960,0,91.7773,65.0678,1,cross_gap
2026-05-04,1.01976,185.2537,167.2283,1,1,1969,0,95.9352,65.3026,1,cross_gap
2026-05-05,1.15281,187.3893,167.3939,1,1,1963,0,95.9352,65.5397,1,cross_gap
2026-05-06,-0.2597,186.9027,167.5619,1,1,1970,0,97.1014,65.7841,1,cross_gap
2026-05-07,0.80779,188.4125,167.7423,1,1,1965,0,99.079,66.0394,1,cross_gap
2026-05-08,-0.48561,187.4975,167.9137,1,1,1964,0,98.3691,66.2887,1,cross_gap
2026-05-11,0.79121,188.981,168.0917,1,1,1964,0,98.2677,66.5347,1,cross_gap
2026-05-12,-0.02639,188.9311,168.2631,1,1,1970,0,98.217,66.7795,1,cross_gap
2026-05-13,-0.54363,187.9041,168.4338,1,1,1953,0,96.8479,67.0188,1,cross_gap
2026-05-14,-0.16853,187.5874,168.5995,1,1,1967,0,97.4057,67.2576,1,cross_gap
2026-05-15,-1.03223,185.6511,168.753,1,1,1966,0,96.7465,67.491,1,cross_gap
2026-05-18,0.27648,186.1643,168.9019,1,1,1961,0,96.2395,67.7205,1,cross_gap
2026-05-19,-0.59863,185.0499,169.0448,1,1,1956,0,94.414,67.9371,1,cross_gap
2026-05-20,0.16981,185.3641,169.1884,1,1,1954,0,93.8056,68.1517,1,cross_gap
2026-05-21,2.0263,189.1202,169.3647,1,1,1965,0,97.2029,68.3849,1,cross_gap
2026-05-22,1.56095,192.0722,169.5446,1,1,1971,0,98.6733,68.6248,1,cross_gap
2026-05-25,1.03198,194.0544,169.7322,1,1,1970,0,102.2227,68.8809,1,cross_gap
2026-05-26,0.17774,194.3993,169.922,1,1,1966,0,101.5128,69.134,1,cross_gap
2026-05-27,-0.51141,193.4051,170.1043,1,1,1965,0,103.9974,69.3987,1,cross_gap
2026-05-28,-0.3666,192.6961,170.2883,1,1,1972,0,101.9185,69.6561,1,cross_gap
2026-05-29,1.47126,195.5312,170.4822,1,1,1972,0,106.8877,69.9355,1,cross_gap
2026-06-01,1.41111,198.2903,170.6925,1,1,1969,0,106.9891,70.2127,1,cross_gap
2026-06-02,0.13293,198.5539,170.9038,1,1,1965,0,107.1919,70.4931,1,cross_gap
2026-06-03,1.41419,201.3618,171.1213,1,1,1972,0,109.1187,70.7847,1,cross_gap
2026-06-04,-0.1864,200.9865,171.3307,1,1,1964,0,107.5975,71.0655,1,cross_gap
2026-06-05,-0.64253,199.6951,171.5332,1,1,1964,0,105.62,71.3386,1,cross_gap
2026-06-08,-3.06157,193.5813,171.7045,1,1,1961,0,102.3748,71.5882,1,cross_gap
2026-06-09,1.73646,196.9428,171.8923,1,1,1961,0,104.9608,71.8508,1,cross_gap
2026-06-10,-1.79327,193.411,172.0631,1,1,1963,0,101.665,72.0948,1,cross_gap
2026-06-11,-0.14075,193.1388,172.2281,1,1,1967,0,101.2593,72.3366,1,cross_gap
2026-06-12,1.35039,195.7469,172.4045,1,1,1961,0,103.389,72.5868,1,cross_gap
2026-06-15,1.43157,198.5492,172.5907,1,1,1964,0,106.7355,72.8547,1,cross_gap
2026-06-16,-0.52571,197.5054,172.7683,1,1,1966,0,107.3947,73.126,1,cross_gap
2026-06-17,1.00471,199.4898,172.9499,1,1,1960,0,107.4961,73.397,1,cross_gap
2026-06-18,1.10043,201.685,173.1454,1,1,1960,0,108.8145,73.675,1,cross_gap
2026-06-22,0.89625,203.4926,173.3617,1,1,1969,0,112.7188,73.9801,1,cross_gap
2026-06-23,-1.25897,200.9307,173.5552,1,1,1960,0,111.654,74.2784,1,cross_gap
2026-06-24,0.34311,201.6201,173.7555,1,1,1960,0,108.6624,74.5629,1,cross_gap
2026-06-25,-0.28605,201.0434,173.9451,1,1,1960,0,108.7131,74.843,1,cross_gap
2026-06-26,-2.75315,195.5084,174.1049,1,1,1960,0,104.5552,75.102,1,cross_gap
2026-06-29,0.48387,196.4544,174.2627,1,1,1956,0,105.9242,75.3667,1,cross_gap
2026-06-30,1.74017,199.873,174.4349,1,1,1961,0,109.3215,75.6508,1,cross_gap
2026-07-01,0.00263,199.8783,174.6057,1,1,1961,0,110.8934,75.9427,1,cross_gap
2026-07-02,1.1187,202.1143,174.7976,1,1,1954,0,110.3356,76.2344,1,cross_gap
2026-07-03,1.57797,205.3036,175.0084,1,1,1967,0,109.8793,76.5238,1,cross_gap
2026-07-06,0.27295,205.864,175.2152,1,1,1967,0,109.7779,76.8129,1,cross_gap
2026-07-07,-2.48725,200.7436,175.3923,1,1,1964,0,107.6989,77.0899,1,cross_gap
2026-07-08,-0.08141,200.5802,175.5643,1,1,1959,0,107.5468,77.3634,1,cross_gap
2026-07-09,-0.12603,200.3274,175.7319,1,1,1959,0,107.2933,77.6331,1,cross_gap
2026-07-13,-0.93831,198.4477,175.8916,1,1,1960,0,107.4961,78.1628,1,cross_gap
2026-07-14,-1.61378,195.2452,176.0343,1,1,1958,0,105.8735,78.415,1,cross_gap
2026-07-15,1.66275,198.4916,176.205,1,1,1959,0,107.8004,78.674,1,cross_gap
2026-07-16,-0.57386,197.3526,176.3668,1,1,1953,0,107.9018,78.9335,1,cross_gap
2026-07-17,-3.91608,189.6241,176.4939,1,1,1959,0,101.5636,79.1575,1,cross_gap
2026-07-20,-1.07351,187.5885,176.6061,1,1,1959,0,100.6001,79.3788,1,cross_gap
2026-07-21,1.84432,191.0482,176.7358,1,1,1955,0,104.5793,79.6169,1,cross_gap
2026-07-22,0.84086,192.6546,176.8669,1,1,1959,0,105.9566,79.8617,1,cross_gap
2026-07-23,-0.4035,191.8773,176.9944,1,1,1949,0,106.0077,80.1048,1,cross_gap
2026-07-24,-1.09765,189.7711,177.1091,1,1,1948,0,103.763,80.3313,1,cross_gap
2026-07-27,-0.2037,189.3846,177.2247,1,1,1939,0,103.508,80.5569,1,cross_gap
2026-07-28,-3.41681,182.9137,177.3078,1,1,1948,0,99.1207,80.7615,1,cross_gap
2026-07-29,-2.60232,178.1537,177.3673,1,1,1959,0,95.6007,80.9532,1,cross_gap
2026-07-30,-1.71374,175.1006,177.4247,0,1,1947,0,95.3967,81.1412,1,cross_gap
2026-07-31,3.5697,181.3511,177.5042,1,0,1963,0,104.9364,81.3754,1,cross_gap
2026-08-03,1.57411,184.2058,177.5991,1,1,1943,0,104.0691,81.5997,1,cross_gap
2026-08-04,1.33353,186.6622,177.7074,1,1,1946,0,102.6917,81.8129,1,cross_gap
2026-08-05,1.34953,189.1813,177.8284,1,1,1953,0,105.9056,82.034,1,cross_gap
2026-08-06,0.51318,190.1521,177.9504,1,1,1952,0,105.3955,82.2552,1,cross_gap
2026-08-07,-0.22303,189.728,178.0702,1,1,1947,0,104.9364,82.4719,1,cross_gap
2026-08-10,1.53647,192.6432,178.2042,1,1,1956,0,106.3648,82.6987,1,cross_gap
2026-08-11,-0.23041,192.1993,178.3429,1,1,1959,0,106.7219,82.9288,1,cross_gap
2026-08-12,0.82172,193.7786,178.4995,1,1,1954,0,107.334,83.1565,1,cross_gap
2026-08-13,0.17088,194.1098,178.6531,1,1,1962,0,108.8644,83.3858,1,cross_gap
2026-08-14,-0.57684,192.9901,178.795,1,1,1954,0,108.5584,83.6183,1,cross_gap
2026-08-17,0.21328,193.4017,178.9415,1,1,1959,0,108.6094,83.8459,1,cross_gap
2026-08-18,-1.07436,191.3238,179.075,1,1,1947,0,107.0279,84.065,1,cross_gap
2026-08-19,-0.17695,190.9853,179.2019,1,1,1945,0,105.1914,84.2775,1,cross_gap
2026-08-20,0.75272,192.4229,179.3324,1,1,1950,0,105.9056,84.4953,1,cross_gap
2026-08-21,0.30154,193.0031,179.4685,1,1,1957,0,106.7729,84.7101,1,cross_gap
2026-08-24,-0.3579,192.3124,179.5987,1,1,1944,0,105.9056,84.9229,1,cross_gap
2026-08-25,0.20115,192.6992,179.7358,1,1,1945,0,106.5178,85.1335,1,cross_gap
2026-08-26,1.40951,195.4153,179.886,1,1,1958,0,108.0482,85.3517,1,cross_gap
2026-08-27,0.57906,196.5469,180.0463,1,1,1953,0,108.2013,85.569,1,cross_gap
2026-08-28,0.06311,196.6709,180.2064,1,1,1957,0,109.1195,85.7938,1,cross_gap
2026-08-31,-0.42901,195.8272,180.3614,1,1,1944,0,108.4053,86.0161,1,cross_gap
2026-09-01,0.60236,197.0068,180.532,1,1,1948,0,110.6499,86.2536,1,cross_gap
2026-09-02,-0.16663,196.6785,180.7031,1,1,1943,0,108.9665,86.4819,1,cross_gap
2026-09-03,-1.39602,193.9328,180.8534,1,1,1943,0,108.3543,86.711,1,cross_gap
2026-09-04,1.04344,195.9564,181.0196,1,1,1945,0,110.0888,86.9447,1,cross_gap
2026-09-07,-0.04364,195.8709,181.1879,1,1,1959,0,112.1294,87.1908,1,cross_gap
2026-09-08,-0.68284,194.5334,181.3501,1,1,1949,0,111.8743,87.4342,1,cross_gap
2026-09-09,0.47351,195.4545,181.5096,1,1,1953,0,111.8743,87.6791,1,cross_gap
2026-09-10,-0.52754,194.4234,181.6625,1,1,1940,0,111.3642,87.9274,1,cross_gap
2026-09-11,-1.03668,192.4079,181.8128,1,1,1944,0,109.8847,88.1673,1,cross_gap
2026-09-14,-0.20262,192.018,181.9676,1,1,1941,0,109.0685,88.4104,1,cross_gap
2026-09-15,-0.71707,190.6411,182.1304,1,1,1947,0,108.4053,88.6522,1,cross_gap
2026-09-16,1.22085,192.9686,182.3102,1,1,1947,0,109.0685,88.888,1,cross_gap
2026-09-17,0.7306,194.3784,182.4869,1,1,1948,0,110.2418,89.14,1,cross_gap
2026-09-18,1.33299,196.9694,182.6902,1,1,1948,0,112.0784,89.4026,1,cross_gap
2026-09-21,0.46108,197.8776,182.8912,1,1,1954,0,113.6088,89.6689,1,cross_gap
2026-09-22,-0.26891,197.3455,183.0821,1,1,1954,0,114.1189,89.9327,1,cross_gap
2026-09-23,0.00893,197.3631,183.263,1,1,1950,0,114.7311,90.1969,1,cross_gap
2026-09-24,0.16227,197.6834,183.4414,1,1,1949,0,114.6801,90.4586,1,cross_gap
2026-09-29,0.20816,198.0949,183.6163,1,1,1950,0,113.5578,90.7188,1,cross_gap
2026-09-30,1.05099,200.1768,183.8047,1,1,1964,0,114.323,90.982,1,cross_gap
2026-10-01,0.15299,200.4831,183.9929,1,1,1949,0,115.1902,91.2464,1,cross_gap
2026-10-02,0.57026,201.6264,184.1816,1,1,1952,0,115.0882,91.5108,1,cross_gap
2026-10-05,-0.03138,201.5631,184.3673,1,1,1957,0,118.3021,91.7886,1,cross_gap
2026-10-06,-0.11892,201.3234,184.5531,1,1,1951,0,118.8633,92.0644,1,cross_gap
2026-10-07,0.46783,202.2653,184.7416,1,1,1952,0,118.4042,92.3384,1,cross_gap
2026-10-08,0.03555,202.3372,184.9292,1,1,1949,0,117.2819,92.6046,1,cross_gap
