date,r0050,r2330,w2330,ex_tsmc,src
2025-09-10,1.9481,2.0833,58.21,1.7596,back
2025-09-11,0.9099,1.2245,58.29,0.4703,back
2025-09-12,0.9919,1.6129,58.47,0.1175,back
2025-09-15,0.0,-0.3968,58.83,0.5671,back
2025-09-16,1.3393,2.4,58.6,-0.1619,back
2025-09-17,-0.7048,-1.1719,59.21,-0.0269,back
2025-09-18,1.0648,1.581,58.93,0.324,back
2025-09-19,0.0878,-1.5564,59.23,2.4768,back
2025-09-22,0.7018,2.3715,58.26,-1.6289,back
2025-09-23,1.8293,3.4749,59.23,-0.5611,back
2025-09-24,-0.0855,0.0,60.18,-0.2148,back
2025-09-25,-0.3425,-1.4925,60.23,1.3996,back
2025-09-26,-1.6323,-1.5152,59.54,-1.8047,back
2025-09-30,0.9607,0.3846,59.61,1.8109,back
2025-10-01,0.519,1.5326,59.27,-0.9559,back
2025-10-02,1.8933,3.0189,59.87,0.2142,back
2025-10-03,1.4358,2.5641,60.53,-0.2944,back
2025-10-07,2.7477,2.5,61.2,3.1385,back
2025-10-08,-0.8914,-1.3937,61.05,-0.1039,back
2025-10-09,0.7359,1.7668,60.75,-0.8594,back
2025-10-13,-0.974,-1.7361,61.37,0.2365,back
2025-10-14,-0.4918,0.7067,60.89,-2.3581,back
2025-10-15,1.8122,2.807,61.63,0.2144,back
2025-10-16,1.9417,1.3652,62.23,2.8917,back
2025-10-17,-1.5079,-2.3569,61.88,-0.1299,back
2025-10-20,1.6922,2.069,61.34,1.0942,back
2025-10-21,0.1585,0.0,61.57,0.4124,back
2025-10-22,-0.7911,-1.3514,61.47,0.1028,back
2025-10-23,-0.5582,-0.6849,61.13,-0.3589,back
2025-10-27,2.3256,2.069,61.05,2.7278,back
2025-10-28,-0.7053,-0.3378,60.9,-1.2776,back
2025-10-29,1.6575,2.0339,61.12,1.0656,back
2025-10-30,0.0,0.0,61.35,0.0,back
2025-10-31,0.5435,-0.3322,61.35,1.9334,back
2025-11-03,-0.9266,0.6667,60.81,-3.3994,back
2025-11-04,-0.3118,-0.3311,61.79,-0.2805,back
2025-11-05,-1.251,-2.99,61.78,1.5601,back
2025-11-06,0.2375,0.3425,60.69,0.0755,back
2025-11-07,-1.1848,-0.3413,60.76,-2.4907,back
2025-11-10,1.279,1.0274,61.27,1.677,back
2025-11-11,-0.7103,-0.678,61.12,-0.7612,back
2025-11-12,0.4769,0.6826,61.14,0.1534,back
2025-11-13,-0.4747,-1.0169,61.27,0.3831,back
2025-11-14,-1.9078,-2.0548,60.93,-1.6785,back
2025-11-17,0.3241,1.049,60.84,-0.802,back
2025-11-18,-2.3425,-2.7682,61.28,-1.6687,back
2025-11-19,-0.6617,-0.7117,61.01,-0.5834,back
2025-11-20,3.0808,4.3011,60.98,1.1734,back
2025-11-21,-3.3118,-4.811,61.71,-0.896,back
2025-11-24,-0.5013,-0.722,60.75,-0.1596,back
2025-11-25,1.3434,2.9091,60.61,-1.0661,back
2025-11-26,1.657,1.7668,61.55,1.4813,back
2025-11-27,0.8965,-0.3472,61.62,2.8931,back
2025-11-28,0.727,0.3484,60.86,1.3155,back
2025-12-01,-1.3633,-2.0833,60.63,-0.2544,back
2025-12-02,0.3252,1.4184,60.19,-1.3274,back
2025-12-03,0.9724,1.3986,60.84,0.3103,back
2025-12-04,-0.1605,-0.3448,61.1,0.129,back
2025-12-05,0.8842,1.0381,60.99,0.6438,back
2025-12-08,1.5139,2.3973,61.08,0.1278,back
2025-12-09,-0.157,-1.0033,61.61,1.2013,back
2025-12-10,0.7075,1.6892,61.09,-0.8335,back
2025-12-11,-1.0929,-2.0,61.68,0.3674,back
2025-12-12,0.1579,0.6803,61.12,-0.6633,back
2025-12-15,-1.0244,-2.027,61.44,0.5729,back
2025-12-16,-0.8758,-1.0345,60.81,-0.6295,back
2025-12-17,-0.5622,-0.3484,60.72,-0.8927,back
2025-12-18,0.0,0.0,60.85,0.0,back
2025-12-19,0.9693,0.0,60.85,2.4757,back
2025-12-22,1.44,2.4476,60.26,-0.088,back
2025-12-23,0.4732,1.7065,60.86,-1.4447,back
2025-12-24,0.2355,0.3356,61.61,0.0749,back
2025-12-26,0.8614,1.0033,61.67,0.633,back
2025-12-29,1.3199,1.3245,61.76,1.3124,back
2025-12-30,-0.1533,-0.6536,61.76,0.6548,back
2025-12-31,0.6907,1.9737,61.45,-1.3544,back
2026-01-02,2.0579,2.2581,62.23,1.7281,back
2026-01-05,3.8088,5.3628,62.36,1.2347,back
2026-01-06,1.295,2.0958,63.29,-0.0857,back
2026-01-07,-0.7813,-1.7595,63.79,0.9421,back
2026-01-08,0.3579,0.597,63.16,-0.052,back
2026-01-09,-0.3566,-0.2967,63.31,-0.46,back
2026-01-12,0.7158,0.5952,63.35,0.9242,back
2026-01-13,0.4975,1.1834,63.27,-0.6842,back
2026-01-14,0.0707,0.0,63.71,0.1949,back
2026-01-15,-0.1413,-1.1696,63.66,1.6599,back
2026-01-16,1.9108,2.9586,63.0,0.1265,back
2026-01-19,0.8333,1.1494,63.65,0.2798,back
2026-01-20,0.0,0.8523,63.85,-1.5055,back
2026-01-21,-1.0331,-1.9718,64.4,0.6649,back
2026-01-22,1.3408,1.1494,63.79,1.678,back
2026-01-23,0.6268,0.5682,63.66,0.7295,back
2026-01-26,0.0,-0.8475,63.63,1.4825,back
2026-01-27,1.1073,1.4245,63.09,0.5651,back
2026-01-28,1.5742,2.2472,63.29,0.4142,back
2026-01-29,-0.6065,-0.8242,63.71,-0.2245,back
2026-01-30,-1.5593,-1.662,63.57,-1.38,back
2026-02-02,-1.5151,-0.5634,63.5,-3.1709,back
2026-02-03,2.0279,1.983,64.11,2.1081,back
2026-02-04,-0.0685,-0.8333,64.09,1.2962,back
2026-02-05,-1.2346,-1.1204,63.59,-1.4339,back
2026-02-06,-0.1389,0.8499,63.67,-1.8715,back
2026-02-09,2.8513,1.9663,64.3,4.4451,back
2026-02-10,2.0959,3.5813,63.75,-0.5158,back
2026-02-11,2.2517,1.8617,64.67,2.9656,back
2026-02-23,0.2592,-0.7833,64.43,2.1471,back
2026-02-24,2.5839,3.4211,63.76,1.1114,back
2026-02-25,2.1411,2.5445,64.28,1.4151,back
2026-02-26,0.0616,-0.9926,64.53,1.9796,back
2026-03-02,-0.9858,-1.0025,63.85,-0.9564,back
2026-03-03,-1.9913,-2.0253,63.84,-1.9313,back
2026-03-04,-4.0001,-3.6176,63.82,-4.6747,back
2026-03-05,2.3811,1.8767,64.07,3.2806,back
2026-03-06,-0.7106,-0.5263,63.76,-1.0349,back
2026-03-09,-4.2291,-4.2328,63.87,-4.2224,back
2026-03-10,2.1739,2.2099,63.87,2.1103,back
2026-03-11,3.9893,4.8649,63.89,2.4398,back
2026-03-12,-2.0459,-2.8351,64.43,-0.6164,back
2026-03-13,-0.8486,-1.061,63.91,-0.4724,back
2026-03-16,-0.4609,-1.0724,63.78,0.6157,back
2026-03-17,1.389,1.6857,63.38,0.8754,back
2026-03-18,1.5003,1.8717,63.57,0.8522,back
2026-03-19,-2.3136,-2.8871,63.8,-1.3027,back
2026-03-20,-0.1316,-0.5405,63.43,0.5777,back
2026-03-23,-2.1739,-1.6304,63.17,-3.1061,back
2026-03-24,0.202,0.0,63.52,0.5537,back
2026-03-25,2.4193,1.9337,63.39,3.2603,back
2026-03-26,-0.5249,-0.271,63.09,-0.9588,back
2026-03-27,-1.0554,-1.087,63.25,-1.0011,back
2026-03-30,-1.4666,-2.1978,63.23,-0.2092,back
2026-03-31,-2.0975,-1.1236,62.76,-3.7389,back
2026-04-01,4.2847,5.3977,63.39,2.3576,back
2026-04-02,-1.988,-2.4259,64.06,-1.2073,back
2026-04-07,1.8255,2.7624,63.78,0.1758,back
2026-04-08,5.1794,4.8387,64.36,5.7946,back
2026-04-09,-0.0631,0.2564,64.16,-0.635,back
2026-04-10,2.0214,2.3018,64.36,1.515,back
2026-04-13,-0.1857,-0.5,64.54,0.3862,back
2026-04-14,3.1018,3.2663,64.33,2.8049,back
2026-04-15,1.2635,1.2165,64.44,1.3486,back
2026-04-16,1.0101,0.2404,64.41,2.403,back
2026-04-17,-1.0,-2.6379,63.92,1.9013,back
2026-04-20,0.4754,-0.2463,62.86,1.6969,back
2026-04-21,1.7149,1.2346,62.41,2.5123,back
2026-04-22,0.407,0.0,62.11,1.0744,back
2026-04-23,0.0,1.4634,61.86,-2.3736,back
2026-04-24,4.1691,5.0481,62.77,2.6873,back
2026-04-27,3.3907,3.6613,63.3,2.9241,back
2026-04-28,-1.0753,-2.2075,63.46,0.8913,back
2026-04-29,-1.3586,-1.5801,62.74,-0.9858,back
2026-04-30,-0.2756,-2.0642,62.59,2.7176,back
2026-05-04,4.5304,6.5574,61.47,1.2964,back
2026-05-05,0.0,-1.0989,62.66,1.8444,back
2026-05-06,1.2156,0.0,61.98,3.1969,back
2026-05-07,2.0366,2.6667,61.23,1.0416,back
2026-05-08,-0.7165,-0.8658,61.61,-0.4769,back
2026-05-11,-0.1031,-2.4017,61.52,3.5713,back
2026-05-12,-0.0516,0.8949,60.1,-1.4772,back
2026-05-13,-1.394,-1.5521,60.67,-1.15,back
2026-05-14,0.576,2.2523,60.57,-1.9993,back
2026-05-15,-0.6768,-0.2203,61.58,-1.4085,back
2026-05-18,-0.524,-1.1038,61.87,0.4164,back
2026-05-19,-1.8968,-1.5625,61.5,-2.431,back
2026-05-20,-0.6444,-0.907,61.71,-0.221,back
2026-05-21,3.6216,2.0595,61.55,6.1224,back
2026-05-22,1.5127,1.1211,60.62,2.1157,back
2026-05-25,3.5971,2.439,60.39,5.3627,back
2026-05-26,-0.6945,-1.7316,59.71,0.8428,back
2026-05-27,2.4476,1.3216,59.09,4.074,back
2026-05-28,-1.999,-0.2174,58.44,-4.5043,back
2026-05-29,4.8757,2.6144,59.5,8.1983,back
2026-06-01,0.0949,0.0,58.22,0.2271,back
2026-06-02,0.1896,1.0616,58.17,-1.0229,back
2026-06-03,1.7975,1.8908,58.67,1.6652,back
2026-06-04,-1.3941,-1.6495,58.73,-1.0307,back
2026-06-05,-1.8379,-0.8386,58.57,-3.2508,back
2026-06-08,-3.0725,-2.9598,59.17,-3.2358,back
2026-06-09,2.526,0.4357,59.24,5.5638,back
2026-06-10,-3.14,-2.1692,58.03,-4.4824,back
2026-06-11,-0.3991,0.0445,58.61,-1.0272,back
2026-06-12,2.1032,2.6667,58.87,1.2966,back
2026-06-15,3.2368,2.8139,59.2,3.8504,back
2026-06-16,0.6176,1.0526,58.96,-0.0073,back
2026-06-17,0.0944,-0.625,59.21,1.1387,back
2026-06-18,1.2265,1.0482,58.78,1.4807,back
2026-06-22,3.588,4.1494,58.68,2.7908,back
2026-06-23,-0.9447,-0.7968,59.0,-1.1574,back
2026-06-24,-2.6793,-4.0161,59.09,-0.7488,back
2026-06-25,0.0467,0.0,58.28,0.1118,back
2026-06-26,-3.8247,-2.0921,58.25,-6.2419,back
2026-06-29,1.3094,1.2821,59.3,1.3491,back
2026-06-30,3.2073,1.6878,59.28,5.4196,back
2026-07-01,1.4379,3.9419,58.41,-2.0787,back
2026-07-02,-0.503,-1.5968,59.85,1.1276,back
2026-07-03,-0.4136,-0.8114,59.19,0.1635,back
2026-07-06,-0.0923,0.6135,58.96,-1.1061,back
2026-07-07,-1.8938,-0.813,59.37,-3.4734,back
2026-07-08,-0.1412,1.0246,60.03,-1.8919,back
2026-07-09,-0.2357,-2.0284,60.73,2.5364,back
2026-07-13,0.189,1.0352,59.64,-1.0612,back
2026-07-14,-1.5095,-0.8197,60.14,-2.5502,back
2026-07-15,1.82,0.8264,60.56,3.3457,back
2026-07-16,0.0941,1.2295,59.97,-1.607,back
2026-07-17,-5.874,-7.2874,60.65,-3.6955,back
2026-07-20,-0.9487,1.31,59.74,-4.3003,back
2026-07-21,3.9555,3.8793,61.1,4.0751,back
2026-07-22,1.317,-0.4149,61.06,4.0325,back
2026-07-23,0.0482,0.2083,60.01,-0.1921,back
2026-07-24,-2.1175,-2.2869,60.11,-1.8622,back
2026-07-27,-0.2458,0.0,60.01,-0.6145,back
2026-07-28,-4.2386,-2.9787,60.15,-6.1406,back
2026-07-29,-3.5512,-3.5088,60.95,-3.6175,back
2026-07-30,-0.2134,0.2273,60.97,-0.9018,back
2026-07-31,10.0,9.9773,61.24,10.0359,back
2026-08-03,-0.8265,-2.268,61.23,1.45,back
2026-08-04,-1.3235,-2.1097,60.34,-0.1275,back
2026-08-05,3.1297,3.6638,59.86,2.3332,back
2026-08-06,-0.4817,-1.6632,60.17,1.3031,back
2026-08-07,-0.4356,0.2114,59.45,-1.3843,back
2026-08-10,1.3612,0.4219,59.84,2.7607,back
2026-08-11,0.3357,0.6303,59.29,-0.0931,back
2026-08-12,0.5735,0.8351,59.46,0.19,back
2026-08-13,1.4258,0.8282,59.61,2.3081,back
2026-08-14,-0.2811,-1.6427,59.26,1.6998,back
2026-08-17,0.047,0.2088,58.45,-0.1806,back
2026-08-18,-1.4561,-0.8333,58.55,-2.3358,back
2026-08-19,-1.7159,-1.2605,58.92,-2.369,back
2026-08-20,0.679,1.0638,59.19,0.1207,back
2026-08-21,0.8189,1.4737,59.42,-0.1397,back
2026-08-24,-0.8123,-1.4523,59.8,0.1399,back
2026-08-25,0.5781,1.0526,59.42,-0.1168,back
2026-08-26,1.4368,0.625,59.7,2.6392,back
2026-08-27,0.1417,-0.207,59.22,0.6481,back
2026-08-28,0.8486,0.4149,59.01,1.473,back
2026-08-31,-0.6545,-0.6198,58.76,-0.7039,back
2026-09-01,2.0706,1.4553,58.78,2.948,back
2026-09-02,-1.5214,-2.2541,58.43,-0.4916,back
2026-09-03,-0.5618,0.2096,57.99,-1.6268,back
2026-09-04,1.6008,0.8368,58.44,2.6751,back
2026-09-07,1.8536,2.0747,58.0,1.5482,back
2026-09-08,-0.2275,0.4065,58.13,-1.1077,back
2026-09-09,0.0,-0.2024,58.5,0.2853,back
2026-09-10,-0.456,-0.6085,58.38,-0.242,back
2026-09-11,-1.3285,-1.6327,58.29,-0.9035,back
2026-09-14,-0.7428,-1.2448,58.11,-0.0464,back
2026-09-15,-0.6081,0.2101,57.82,-1.7294,back
2026-09-16,0.6118,0.0841,58.29,1.3493,back
2026-09-17,1.0757,1.8908,57.99,-0.0491,back
2026-09-18,1.666,1.4433,58.45,1.9793,back
2026-09-21,1.3655,0.813,58.33,2.1387,back
2026-09-22,0.449,-0.8065,58.01,2.1833,back
2026-09-23,0.5365,1.626,57.28,-0.9246,back
2026-09-24,-0.0445,-1.0,57.9,1.2699,back
2026-09-29,-0.9786,0.0,57.35,-2.2946,back
2026-09-30,0.6738,0.202,57.92,1.3232,snap
2026-10-01,0.7586,1.2097,57.65,0.1446,snap
2026-10-02,-0.0885,-0.3984,57.9,0.3377,snap
2026-10-05,2.7926,3.0,57.72,2.5093,snap
2026-10-06,0.4744,0.3883,57.84,0.5924,snap
