date,code,market,kind,cash_div,stock_ratio
2026-09-30,8440,TPEX,息,0.35,0.0
2026-10-01,1784,TPEX,息,0.880964,0.0
2026-10-01,6523,TPEX,息,2.0,0.0
2026-10-02,6171,TPEX,息,2.0,0.0
2026-10-02,6834,TWSE,權,0.0,
2026-10-05,00406A,TWSE,息,0.138,
2026-10-05,00939,TWSE,息,0.125,
2026-10-05,00950B,TPEX,息,0.063,0.0
2026-10-05,00959B,TPEX,息,0.048,0.0
2026-10-05,00966B,TPEX,息,0.068,0.0
2026-10-05,00983B,TPEX,息,0.06,0.0
2026-10-05,00984B,TPEX,息,0.079,0.0
2026-10-05,00984D,TWSE,息,0.085,
2026-10-05,00986B,TPEX,息,0.042,0.0
2026-10-05,020035,TPEX,息,0.348,0.0
2026-10-05,5512,TPEX,息,0.1,0.0
2026-10-06,2614,TWSE,權息,0.4,0.08
2026-10-06,8021,TWSE,權,0.0,
2026-10-07,00940,TWSE,息,0.055,
2026-10-07,00946,TWSE,息,0.058,
2026-10-07,00953B,TWSE,息,0.067,
2026-10-07,00985B,TWSE,息,0.053,
2026-10-07,2890,TWSE,權,0.0,
2026-10-07,2947,TPEX,息,1.0,0.0
2026-10-07,6108,TWSE,息,1.0,
2026-10-07,6129,TPEX,權,0.0,0.0
2026-10-07,6947,TWSE,息,0.533326,
2026-10-08,00400A,TWSE,息,0.12,
2026-10-12,1449,TWSE,權,0.0,0.00999999
2026-10-12,1565,TPEX,息,5.8,0.0
2026-10-13,1727,TWSE,權,0.0,
2026-10-13,2938,TPEX,息,0.61725044,0.0
2026-10-14,4903,TPEX,息,0.3,0.0
2026-10-15,00401A,TWSE,息,,
2026-10-15,1463,TWSE,息,0.1273,
2026-10-15,6548,TPEX,息,0.45105516,0.0
2026-10-16,00734B,TPEX,息,,0.0
2026-10-16,00842B,TPEX,息,,0.0
2026-10-16,00851,TWSE,息,,
2026-10-16,00904,TWSE,息,,
2026-10-16,00936,TWSE,息,,
2026-10-16,00942B,TPEX,息,,0.0
2026-10-16,00947,TWSE,息,,
2026-10-16,00962,TWSE,息,,
2026-10-16,00970B,TPEX,息,,0.0
2026-10-16,009805,TWSE,息,,
2026-10-16,00980B,TPEX,息,,0.0
2026-10-16,00988B,TPEX,息,,0.0
2026-10-16,00989B,TPEX,息,,0.0
2026-10-19,00694B,TPEX,息,,0.0
2026-10-19,00695B,TPEX,息,,0.0
2026-10-19,00696B,TPEX,息,,0.0
2026-10-19,00714,TWSE,息,,
2026-10-19,00717,TWSE,息,,
2026-10-19,00722B,TPEX,息,,0.0
2026-10-19,00723B,TPEX,息,,0.0
2026-10-19,00724B,TPEX,息,,0.0
2026-10-19,00725B,TPEX,息,,0.0
2026-10-19,00727B,TPEX,息,,0.0
2026-10-19,00730,TWSE,息,,
2026-10-19,00733,TWSE,息,,
2026-10-19,00740B,TPEX,息,,0.0
2026-10-19,00741B,TPEX,息,,0.0
2026-10-19,00746B,TPEX,息,,0.0
2026-10-19,00749B,TPEX,息,,0.0
2026-10-19,00750B,TPEX,息,,0.0
2026-10-19,00772B,TPEX,息,,0.0
2026-10-19,00773B,TPEX,息,,0.0
2026-10-19,00777B,TPEX,息,,0.0
2026-10-19,00778B,TPEX,息,,0.0
2026-10-19,00782B,TPEX,息,,0.0
2026-10-19,00785B,TPEX,息,,0.0
2026-10-19,00840B,TPEX,息,,0.0
2026-10-19,00848B,TPEX,息,,0.0
2026-10-19,00849B,TPEX,息,,0.0
2026-10-19,00884B,TPEX,息,,0.0
2026-10-19,00890B,TPEX,息,,0.0
2026-10-19,00900,TWSE,息,,
2026-10-19,00905,TWSE,息,,
2026-10-19,00908,TWSE,息,,
2026-10-19,00912,TWSE,息,,
2026-10-19,00922,TWSE,息,,
2026-10-19,00927,TWSE,息,,
2026-10-19,00933B,TPEX,息,,0.0
2026-10-19,00934,TWSE,息,,
2026-10-19,00937B,TPEX,息,,0.0
2026-10-19,00943,TWSE,息,,
2026-10-19,00944,TWSE,息,,
2026-10-19,00945B,TWSE,息,,
2026-10-19,00948B,TPEX,息,,0.0
2026-10-19,00952,TWSE,息,,
2026-10-19,00956,TWSE,息,,
2026-10-19,00957B,TPEX,息,,0.0
2026-10-19,00960,TWSE,息,,
2026-10-19,00961,TWSE,息,,
2026-10-19,00963,TWSE,息,,
2026-10-19,00964,TWSE,息,,
2026-10-19,00980D,TPEX,息,,0.0
2026-10-19,009814,TPEX,息,,0.0
2026-10-19,00981D,TPEX,息,,0.0
2026-10-19,00981T,TWSE,息,,
2026-10-19,00982B,TPEX,息,,0.0
2026-10-19,00982D,TWSE,息,,
2026-10-19,00983D,TWSE,息,,
2026-10-19,00984A,TWSE,息,,
2026-10-19,00985A,TWSE,息,,
2026-10-19,00992A,TWSE,息,,
2026-10-19,00995A,TWSE,息,,
2026-10-19,00996A,TWSE,息,,
2026-10-20,00931B,TPEX,息,,0.0
2026-10-20,00985D,TPEX,息,,0.0
2026-10-20,00991B,TWSE,息,,
2026-10-20,1711,TWSE,權,0.0,
2026-10-20,4155,TWSE,息,0.3,
2026-10-21,00408A,TWSE,息,,
2026-10-21,00789B,TPEX,息,,0.0
2026-10-21,00791B,TPEX,息,,0.0
2026-10-21,00929,TWSE,息,,
2026-10-21,00986D,TPEX,息,,0.0
2026-10-22,0056,TWSE,息,,
2026-10-22,00719B,TPEX,息,,0.0
2026-10-22,00720B,TPEX,息,,0.0
2026-10-22,00788B,TPEX,息,,0.0
2026-10-22,00834B,TPEX,息,,0.0
2026-10-22,00870B,TPEX,息,,0.0
2026-10-22,00967B,TPEX,息,,0.0
2026-10-22,00968B,TPEX,息,,0.0
2026-10-22,00981B,TPEX,息,,0.0
2026-10-22,8102,TPEX,息,0.9,0.0
2026-10-22,8936,TPEX,息,3.0,0.0
2026-10-23,6931,TWSE,息,0.12,
2026-10-27,00888,TPEX,息,,0.0
2026-10-27,00907,TWSE,息,,
2026-10-27,00958B,TPEX,息,,0.0
2026-10-28,00990B,TPEX,息,,0.0
2026-10-28,4552,TWSE,息,0.6,
2026-10-29,5522,TWSE,息,1.0,
2026-11-05,5523,TPEX,息,0.5,0.0
