code,foreign,trust,dealer,inst_total
00632R,-116.0,0.0,44564.373,44448.373
00403A,30088.917,0.0,9081.338,39170.255
1301,14225.022,13940.0,-972.995,27192.027
2408,21773.27,192.527,220.379,22186.176
1314,21624.156,0.0,118.226,21742.382
3231,15508.764,872.893,324.326,16705.983
00961,8268.0,0.0,8282.46,16550.46
00673R,-60.0,0.0,10696.025,10636.025
2002,10325.186,3.0,145.0,10473.186
1101,10143.068,-11.0,31.045,10163.113
00405A,54.1,0.0,9293.819,9347.919
00988A,3968.325,0.0,3995.0,7963.325
00941,3583.0,0.0,4351.125,7934.125
1102,7341.816,-80.0,173.235,7435.051
1216,4818.307,1911.188,387.151,7116.646
1312,8931.149,0.0,-2281.087,6650.062
9904,6440.372,62.0,125.605,6627.977
009820,7.0,0.0,6266.483,6273.483
00990A,472.7,0.0,5715.003,6187.703
2886,10105.597,-5228.334,1299.004,6176.267
00409A,3029.0,0.0,3047.673,6076.673
2609,5245.184,-21.0,544.986,5769.17
00882,117.0,0.0,5432.598,5549.598
00997A,3235.0,0.0,2297.355,5532.355
2340,5006.879,0.0,247.98,5254.859
2313,4035.87,708.0,276.185,5020.055
2801,4988.658,1.0,-30.188,4959.47
6278,4599.929,56.0,-47.067,4608.862
1326,4600.49,5.0,-93.106,4512.384
2027,1203.123,2989.0,234.007,4426.13
00953B,4315.0,0.0,-133.453,4181.547
3702,3300.198,55.0,684.87,4040.068
9945,3535.621,35.0,321.866,3892.487
2305,3697.975,-5.0,41.283,3734.258
00402A,1097.0,0.0,2567.046,3664.046
2542,3831.323,-330.0,-70.096,3431.227
3026,2745.371,499.0,1.445,3245.816
1711,2936.696,0.0,218.944,3155.64
2241,3098.189,0.0,34.949,3133.138
1310,3056.855,0.0,-5.0,3051.855
1313,2988.592,0.0,0.0,2988.592
1710,2401.82,0.0,456.905,2858.725
2412,2791.917,399.601,-379.0,2812.518
00940,-258.0,0.0,3030.646,2772.646
1434,2495.14,0.0,38.712,2533.852
2889,2321.159,0.0,-1.051,2320.108
2104,2161.569,0.0,116.215,2277.784
4958,2140.109,234.71,-170.069,2204.75
2484,1640.759,-6.0,464.303,2099.062
1455,2090.897,0.0,-3.706,2087.191
1409,2057.946,3.0,2.555,2063.501
009819,1590.0,0.0,391.981,1981.981
1440,1836.773,0.0,74.0,1910.773
2855,1819.776,41.0,0.0,1860.776
009824,349.0,0.0,1476.584,1825.584
2353,1709.262,-12.0,94.046,1791.308
00735,54.524,0.0,1699.556,1754.08
1709,1746.348,0.0,-11.0,1735.348
2439,1537.956,-2.0,198.981,1734.937
8150,1912.52,24.0,-239.246,1697.274
00664R,0.0,0.0,1650.83,1650.83
00984D,-16.0,0.0,1635.0,1619.0
3042,1691.288,381.0,-462.275,1610.013
00830,1056.395,0.0,507.727,1564.122
3045,1532.764,-61.518,71.996,1543.242
3706,1484.399,35.0,-3.133,1516.266
1304,1459.866,0.0,39.24,1499.106
00757,126.01,0.0,1315.463,1441.473
00954,-3.0,0.0,1403.652,1400.652
2504,932.449,-11.238,419.0,1340.211
1476,1008.548,225.0,32.632,1266.18
4906,1259.258,0.0,1.754,1261.012
3711,1049.977,-233.217,435.106,1251.866
2368,-285.233,1454.273,60.987,1230.027
00676R,41.0,0.0,1172.683,1213.683
1305,1200.42,0.0,10.54,1210.96
6213,1086.914,-14.0,46.529,1119.443
3031,1080.045,0.0,-3.0,1077.045
4720,1066.741,0.0,0.174,1066.915
4763,983.828,53.0,23.142,1059.97
2302,1038.544,-4.0,15.967,1050.511
9103,690.0,0.0,304.496,994.496
00662,-82.267,0.0,1076.626,994.359
00991A,683.104,0.0,291.343,974.447
2520,965.299,0.0,3.107,968.406
5876,760.527,-203.0,404.837,962.364
3037,1828.296,-849.485,-42.998,935.813
6197,850.877,4.0,66.754,921.631
2393,1055.091,-93.515,-92.168,869.408
3661,72.713,773.0,4.086,849.799
1229,828.267,8.0,10.0,846.267
00896,748.13,0.0,91.633,839.763
2108,812.459,0.0,0.377,812.836
009805,-5.4,0.0,802.216,796.816
2455,1468.597,-563.0,-129.196,776.401
00951,54.465,0.0,719.377,773.842
1721,770.526,0.0,-1.0,769.526
3016,849.9,0.0,-87.422,762.478
2912,726.685,21.0,2.632,750.317
1477,778.346,-27.496,-2.63,748.22
4934,742.37,0.0,4.998,747.368
00999A,463.0,0.0,258.798,721.798
2851,723.997,0.0,-8.589,715.408
2345,141.32,455.918,78.546,675.784
2606,644.937,13.0,12.723,670.66
00688L,41.0,0.0,619.858,660.858
2615,611.311,6.0,31.478,648.789
2605,534.95,0.0,106.144,641.094
3533,545.398,36.0,56.929,638.327
00916,380.0,0.0,233.058,613.058
1723,602.52,-1.0,3.791,605.311
1316,603.557,0.0,-0.808,602.749
00713,628.981,82.0,-111.897,599.084
00715L,273.0,0.0,322.247,595.247
00946,-79.0,0.0,667.383,588.383
2103,545.24,0.0,33.403,578.643
00706L,1.0,0.0,567.484,568.484
2357,570.408,-94.247,89.766,565.927
1319,580.707,2.0,-21.582,561.125
3416,652.889,0.0,-111.464,541.425
3034,318.001,168.0,45.053,531.054
8213,531.678,0.0,-4.068,527.61
2105,420.0,-97.0,198.476,521.476
3591,496.731,0.0,2.0,498.731
2637,465.62,19.0,10.852,495.472
2034,482.108,0.0,12.61,494.718
2646,511.633,5.0,-28.0,488.633
2347,508.992,-182.0,149.027,476.019
00900,470.0,0.0,-4.543,465.457
1309,507.842,0.0,-46.577,461.265
009802,-86.0,0.0,543.492,457.492
2915,456.098,0.0,1.303,457.401
4904,-344.004,809.35,-12.7,452.646
4960,431.287,0.0,11.81,443.097
1528,441.541,0.0,0.0,441.541
2014,378.429,0.0,63.0,441.429
009813,227.3,0.0,200.0,427.3
4746,426.547,0.0,0.0,426.547
2023,415.332,5.0,0.0,420.332
2540,414.642,0.0,0.0,414.642
00638R,0.0,0.0,394.5,394.5
00993A,442.0,0.0,-51.527,390.473
2543,342.682,0.0,40.0,382.682
6214,367.79,6.0,2.382,376.172
2527,369.99,0.0,4.0,373.99
2476,354.54,0.0,14.119,368.659
2206,362.292,5.0,0.0,367.292
00902,-2.0,0.0,361.645,359.645
00407A,-4681.91,0.0,5037.009,355.099
9938,358.551,-6.262,-4.693,347.596
00641R,0.0,0.0,334.3,334.3
7780,369.657,0.0,-36.665,332.992
3167,329.844,0.0,2.0,331.844
8996,314.65,-5.0,17.153,326.803
2355,340.124,0.0,-13.944,326.18
2903,349.993,0.0,-30.0,319.993
8046,392.97,-15.992,-63.863,313.115
009801,146.0,0.0,166.003,312.003
2328,269.066,0.0,39.048,308.114
1708,364.898,-10.0,-48.593,306.305
4564,303.375,0.0,2.0,305.375
3023,254.546,19.0,30.448,303.994
2727,299.443,0.0,-0.186,299.257
3010,296.406,-1.0,1.114,296.52
00733,104.0,0.0,189.773,293.773
3056,293.263,0.0,0.0,293.263
6742,291.719,0.0,-0.403,291.316
6672,251.196,20.0,15.207,286.403
6239,685.66,145.0,-544.798,285.862
3090,303.142,-7.0,-11.001,285.141
1810,270.187,0.0,12.001,282.188
1402,397.301,-107.0,-10.394,279.907
2547,286.577,-12.53,1.0,275.047
6901,253.65,0.0,17.043,270.693
2535,268.411,0.0,0.772,269.183
6415,263.981,5.0,-0.764,268.217
1722,265.129,5.0,-1.983,268.146
2379,95.044,127.0,45.52,267.564
2025,263.962,0.0,0.0,263.962
4178,264.0,0.0,-3.71,260.29
1905,296.507,0.0,-36.711,259.796
4142,257.13,0.0,-0.307,256.823
00885,53.0,0.0,199.937,252.937
9921,250.092,1.0,0.5,251.592
3189,232.432,97.0,-78.269,251.163
00995A,116.11,0.0,134.922,251.032
6285,154.939,9.0,82.957,246.896
2377,674.547,-497.0,67.518,245.065
6526,160.942,50.0,27.738,238.68
00669R,0.0,0.0,237.3,237.3
2421,322.47,11.0,-97.33,236.14
4927,148.241,0.0,86.905,235.146
2812,232.0,0.0,0.0,232.0
009811,-4.0,0.0,234.649,230.649
1808,251.029,0.0,-27.0,224.029
2020,218.1,0.0,3.0,221.1
2406,240.0,-15.0,-6.0,219.0
3094,209.5,0.0,8.0,217.5
2607,217.466,0.0,0.0,217.466
1218,216.179,0.0,0.0,216.179
8105,217.104,0.0,-1.162,215.942
1215,214.105,1.0,0.0,215.105
6541,215.0,0.0,0.0,215.0
2892,85.897,129.893,-2.159,213.631
6426,203.1,0.0,9.669,212.769
2634,134.601,-23.0,97.657,209.258
00987A,93.0,0.0,113.211,206.211
1522,205.32,0.0,-1.0,204.32
1907,214.761,7.0,-21.0,200.761
3550,203.881,-4.0,-0.38,199.501
8476,201.0,-5.0,-1.0,195.0
2106,192.137,0.0,0.0,192.137
2530,194.0,-3.154,0.0,190.846
9941,189.0,0.0,-3.0,186.0
4526,190.126,0.0,-5.724,184.402
6658,177.352,0.0,6.169,183.521
1736,181.858,1.0,0.407,183.265
7827,187.996,0.0,-5.167,182.829
2428,39.918,-1.0,142.034,180.952
9907,196.292,-16.139,0.0,180.153
1717,241.413,5.0,-66.786,179.627
2444,178.026,0.0,1.0,179.026
1773,210.537,2.0,-33.793,178.744
2493,102.608,-5.0,75.521,173.129
5269,127.337,13.0,30.756,171.093
3705,160.848,0.0,10.0,170.848
5880,171.019,13.065,-15.0,169.084
2201,144.457,32.0,-11.973,164.484
6416,158.433,0.0,0.0,158.433
00752,52.063,0.0,106.012,158.075
6670,156.532,0.0,0.448,156.98
6271,-82.447,208.0,27.609,153.162
00770,62.131,0.0,90.901,153.032
4915,1378.935,-1234.0,6.21,151.145
8162,149.916,0.0,-0.808,149.108
8926,93.684,0.0,53.373,147.057
3653,247.986,-52.932,-49.437,145.617
2883B,140.0,0.0,5.0,145.0
2362,141.0,0.0,4.0,145.0
4807,144.0,0.0,-0.673,143.327
00982D,5.0,0.0,138.0,143.0
2731,138.316,0.0,1.0,139.316
3005,197.86,25.227,-83.775,139.312
6205,137.523,0.0,0.608,138.131
00763U,-8.0,0.0,143.398,135.398
2395,164.376,-23.569,-7.039,133.768
6691,124.652,3.0,5.318,132.97
2461,129.879,0.0,2.0,131.879
3673,345.776,0.0,-215.855,129.921
6136,130.664,0.0,-1.0,129.664
2107,128.112,0.0,0.0,128.112
00994A,-7458.88,0.0,7582.664,123.784
1712,125.108,-3.494,0.782,122.396
6598,118.926,0.0,2.0,120.926
6873,119.584,0.0,0.0,119.584
1560,140.822,7.0,-28.823,118.999
1762,118.0,0.0,-2.0,116.0
2017,113.824,0.0,0.0,113.824
3030,111.578,1.0,1.082,113.66
1904,123.038,0.0,-9.923,113.115
3447,113.0,0.0,0.0,113.0
2010,112.279,0.0,0.0,112.279
6196,115.447,2.0,-5.241,112.206
3050,112.0,0.0,0.0,112.0
6515,549.374,-444.0,5.973,111.347
2850,111.248,0.0,0.0,111.248
9955,109.642,0.0,0.0,109.642
6155,190.509,-3.0,-79.999,107.51
9917,165.257,-58.0,0.0,107.257
2390,107.0,0.0,0.0,107.0
00983D,420.0,0.0,-313.279,106.721
00926,1.12,0.0,104.816,105.936
3029,72.826,0.0,32.789,105.615
00924,-3.842,0.0,108.415,104.573
1308,109.148,0.0,-6.903,102.245
00936,36.0,0.0,64.384,100.384
6277,93.5,0.0,6.216,99.716
1615,86.0,0.0,12.501,98.501
2617,96.342,0.0,0.605,96.947
8442,99.0,-0.591,-2.0,96.409
6757,96.167,0.0,0.0,96.167
00636,219.0,0.0,-125.715,93.285
2612,94.244,0.0,-1.677,92.567
9914,67.0,0.0,23.663,90.663
1789,90.038,0.0,0.0,90.038
1702,90.269,0.0,-0.579,89.69
7769,79.295,8.679,0.402,88.376
8021,156.036,107.0,-174.763,88.273
3515,86.527,0.0,-0.05,86.477
1806,86.891,0.0,-1.0,85.891
6505,-14513.191,14835.579,-238.807,83.581
6668,83.065,0.0,0.0,83.065
6191,80.253,13.0,-10.922,82.331
00876,11.0,0.0,70.41,81.41
3528,80.975,0.0,0.0,80.975
00932,-1.0,0.0,81.774,80.774
00652,-5.0,0.0,85.353,80.353
00960,0.01,0.0,79.247,79.257
1104,75.078,4.0,0.0,79.078
2913,78.753,0.0,0.0,78.753
6830,59.804,21.0,-2.414,78.39
3040,78.2,0.0,0.0,78.2
020039,0.0,0.0,78.0,78.0
6589,70.369,0.0,7.0,77.369
3703,77.022,0.0,0.0,77.022
6869,76.246,0.0,0.234,76.48
00911,0.285,0.0,76.004,76.289
00861,26.0,0.0,49.85,75.85
1444,117.781,-35.0,-7.67,75.111
2031,74.232,0.0,0.593,74.825
2204,79.934,-5.794,0.273,74.413
00683L,25.0,0.0,49.0,74.0
2753,73.223,-1.003,-0.01,72.21
6789,83.242,2.0,-13.401,71.841
1731,71.06,0.0,0.0,71.06
00971,0.0,0.0,70.458,70.458
00986A,-6.0,0.0,75.658,69.658
00643,152.0,0.0,-83.03,68.97
2495,67.687,0.0,-0.187,67.5
3028,89.136,0.0,-21.695,67.441
3716,65.606,0.0,0.0,65.606
1445,65.0,0.0,0.0,65.0
0061,348.0,0.0,-283.429,64.571
00648R,0.0,0.0,64.0,64.0
6534,63.0,0.0,0.0,63.0
3058,63.0,0.0,0.0,63.0
6504,62.0,0.0,0.734,62.734
2427,60.756,0.0,1.0,61.756
2611,61.577,0.0,0.0,61.577
2072,61.032,0.0,0.145,61.177
3044,10.868,24.0,25.432,60.3
9946,66.0,-7.0,0.0,59.0
1563,53.04,0.0,5.754,58.794
3024,58.783,0.0,0.0,58.783
4306,56.533,0.0,0.0,56.533
3047,56.27,0.0,0.044,56.314
2348,56.277,0.0,0.0,56.277
2548,52.978,1.0,1.373,55.351
2538,55.0,0.0,0.0,55.0
1471,52.0,0.0,3.0,55.0
3041,54.32,0.0,0.0,54.32
2397,53.218,0.0,1.0,54.218
00700,0.0,0.0,53.835,53.835
5607,52.412,0.0,0.0,52.412
5225,52.191,0.0,-0.057,52.134
2442,51.599,0.0,0.0,51.599
1760,51.157,0.0,0.0,51.157
00982T,1.0,0.0,49.323,50.323
1321,36.002,0.0,14.0,50.002
2231,49.917,0.0,-0.392,49.525
3062,125.0,0.0,-75.488,49.512
2404,-48.006,126.0,-29.848,48.146
2425,51.0,-4.0,1.0,48.0
2453,48.0,0.0,0.0,48.0
2480,44.87,0.0,2.792,47.662
1734,47.139,0.0,0.0,47.139
5706,50.0,0.0,-4.0,46.0
1201,60.934,0.0,-15.0,45.934
6550,38.558,0.0,7.0,45.558
2534,45.0,0.0,0.0,45.0
00989A,-11.0,0.0,55.857,44.857
8104,44.344,0.0,0.0,44.344
8016,4.028,38.0,2.252,44.28
6582,44.0,0.0,0.0,44.0
7822,43.325,0.0,0.407,43.732
2545,43.089,0.0,0.29,43.379
8163,43.098,0.0,0.151,43.249
8103,88.036,0.0,-45.424,42.612
2723,42.23,0.0,0.0,42.23
1752,41.0,0.0,1.0,42.0
8081,-0.345,42.0,-0.381,41.274
6657,41.0,0.0,0.0,41.0
2613,40.943,0.0,0.0,40.943
6558,39.069,0.0,0.0,39.069
2882A,0.0,39.0,0.0,39.0
4935,30.87,0.0,6.0,36.87
1449,44.418,0.0,-8.0,36.418
6431,33.0,0.0,2.0,35.0
6862,45.018,0.0,-10.06,34.958
1231,34.972,0.0,-0.4,34.572
6189,32.094,0.0,2.22,34.314
4976,34.256,0.0,0.0,34.256
5515,48.0,0.0,-14.0,34.0
2881B,0.0,34.0,0.0,34.0
4104,34.0,0.0,0.0,34.0
2383,-16.83,59.503,-9.68,32.993
1707,32.879,0.0,-0.151,32.728
3535,18.048,0.0,14.446,32.494
6909,32.03,0.0,0.0,32.03
6605,31.371,0.0,0.0,31.371
1524,36.32,0.0,-5.0,31.32
00949,-10.0,0.0,41.184,31.184
6112,29.11,0.0,1.637,30.747
2630,40.0,0.0,-11.087,28.913
7855,27.589,0.0,1.0,28.589
00899,-1.0,0.0,28.957,27.957
2820,27.888,0.0,0.0,27.888
1515,34.0,-7.0,0.766,27.766
5306,27.035,0.0,0.0,27.035
4106,27.0,0.0,0.0,27.0
3052,26.0,0.0,0.0,26.0
1776,27.0,0.0,-1.0,26.0
2852,25.27,0.0,0.0,25.27
8114,26.036,-1.0,0.038,25.074
00895,113.0,0.0,-87.952,25.048
2707,25.03,0.0,0.0,25.03
1536,41.859,0.0,-17.673,24.186
2022,24.184,0.0,0.0,24.184
2015,24.102,0.0,0.0,24.102
2911,24.0,0.0,0.0,24.0
2537,24.0,0.0,0.0,24.0
00905,-45.397,0.0,68.825,23.428
1232,23.024,0.0,0.0,23.024
4562,23.0,0.0,0.0,23.0
00670L,12.0,0.0,10.885,22.885
8249,22.331,0.0,0.0,22.331
6645,24.0,0.0,-2.0,22.0
6776,22.0,0.0,0.0,22.0
2887H,22.0,0.0,0.0,22.0
1517,22.0,0.0,0.0,22.0
6949,262.366,0.0,-240.376,21.99
6933,23.029,0.0,-1.242,21.787
00952,53.0,0.0,-31.271,21.729
2062,21.499,0.0,0.001,21.5
2431,21.0,0.0,0.0,21.0
5546,21.0,0.0,0.0,21.0
4583,20.252,0.0,0.725,20.977
7821,20.91,0.0,0.0,20.91
6225,20.5,0.0,0.0,20.5
00921,-43.0,0.0,63.372,20.372
1217,20.351,0.0,0.0,20.351
8464,2.44,6.0,10.992,19.432
910322,19.0,0.0,0.0,19.0
9902,8.0,0.0,10.5,18.5
4119,18.08,0.0,0.212,18.292
3135,17.061,0.0,1.0,18.061
2505,18.0,0.0,0.0,18.0
1342,19.778,-2.0,0.0,17.778
00634R,-1.0,0.0,18.06,17.06
1219,17.03,0.0,0.0,17.03
1540,17.0,0.0,0.0,17.0
1337,16.896,0.0,0.0,16.896
3645,83.032,0.0,-66.61,16.422
1227,16.13,0.0,0.0,16.13
2516,16.0,0.0,0.0,16.0
4414,14.0,0.0,2.0,16.0
6790,16.122,0.0,-0.213,15.909
2228,15.038,0.0,0.0,15.038
2536,17.0,0.0,-2.0,15.0
3164,15.0,0.0,0.0,15.0
8478,14.999,0.0,0.0,14.999
009809,0.0,0.0,14.773,14.773
00903,-42.0,0.0,55.666,13.666
2247,15.001,-0.486,-1.0,13.515
6918,14.0,0.0,-1.0,13.0
1466,12.932,0.0,0.0,12.932
00945B,2656.0,0.0,-2643.653,12.347
1416,8.028,0.0,4.0,12.028
00684R,0.0,0.0,12.0,12.0
6591,12.0,0.0,0.0,12.0
2414,15.161,-5.0,1.0,11.161
2387,20.05,-3.894,-5.0,11.156
009810,-1.0,0.0,11.576,10.576
9930,10.0,0.0,0.436,10.436
00731,3.0,0.0,7.282,10.282
6115,9.045,0.0,1.0,10.045
9908,10.0,0.0,0.0,10.0
1432,10.0,0.0,0.0,10.0
4426,5.0,0.0,5.0,10.0
3002,10.0,0.0,0.0,10.0
2007,10.0,0.0,0.0,10.0
009818,0.0,0.0,9.609,9.609
00762,56.0,0.0,-46.417,9.583
00875,11.993,0.0,-2.42,9.573
6592,8.97,0.0,0.239,9.209
4441,13.08,0.0,-4.0,9.08
3055,26.0,0.0,-17.0,9.0
1339,9.0,0.0,0.0,9.0
1340,9.0,0.0,0.0,9.0
6625,9.0,0.0,0.0,9.0
3443,-83.434,111.571,-19.818,8.319
2882B,0.0,0.0,8.0,8.0
1108,8.0,0.0,0.0,8.0
1725,13.0,0.0,-5.0,8.0
2012,10.0,0.0,-2.0,8.0
1903,8.0,0.0,0.0,8.0
00717,116.0,0.0,-108.0,8.0
2482,8.0,0.0,0.0,8.0
6969,7.0,0.0,0.87,7.87
5283,7.84,0.0,0.0,7.84
00983A,-10.0,0.0,17.633,7.633
009808,17.0,0.0,-9.576,7.424
2636,7.369,0.0,-0.068,7.301
2509,7.0,0.0,0.0,7.0
2887Z1,7.0,0.0,0.0,7.0
6854,9.0,0.0,-2.0,7.0
3057,9.0,0.0,-2.0,7.0
6206,17.048,-1.0,-9.298,6.75
6754,6.0,0.0,0.0,6.0
1323,6.0,0.0,0.0,6.0
2616,-3.0,0.0,9.0,6.0
3296,7.0,0.0,-1.0,6.0
3652,6.0,0.0,0.0,6.0
1733,6.0,0.0,0.0,6.0
2008,6.0,0.0,0.0,6.0
1783,6.0,0.0,0.0,6.0
1730,6.0,0.0,0.0,6.0
4137,7.0,-1.015,0.0,5.985
2385,4.597,-52.0,52.982,5.579
4585,6.2,0.0,-0.76,5.44
00893,58.025,0.0,-52.602,5.423
1786,10.0,0.0,-4.885,5.115
1713,5.0,0.0,0.0,5.0
1474,4.0,0.0,1.0,5.0
1419,5.0,0.0,0.0,5.0
2506,5.0,0.0,0.0,5.0
6283,5.0,0.0,0.0,5.0
1446,4.919,0.0,0.0,4.919
2477,6.0,-1.699,0.0,4.301
1220,4.098,0.0,0.0,4.098
2115,4.0,0.0,0.0,4.0
2923,12.0,0.0,-8.0,4.0
4737,4.0,0.0,0.0,4.0
6552,4.0,0.0,0.0,4.0
5538,-2.0,0.0,6.0,4.0
7768,4.0,0.0,0.0,4.0
9924,4.0,0.0,0.0,4.0
00689R,0.0,0.0,4.0,4.0
1623,-7.0,0.0,11.0,4.0
3018,4.0,0.0,0.0,4.0
7631,2.98,0.0,0.9,3.88
00647L,0.0,0.0,3.566,3.566
8473,3.395,0.0,0.0,3.395
006205,34.0,0.0,-30.813,3.187
8940,3.0,0.0,0.0,3.0
6965,3.0,0.0,0.0,3.0
8367,3.0,0.0,0.0,3.0
6792,3.0,0.0,0.0,3.0
6924,3.0,0.0,0.0,3.0
6614,3.0,0.0,0.0,3.0
6184,3.0,0.0,0.0,3.0
4438,3.0,0.0,0.0,3.0
2722,3.0,0.0,0.0,3.0
2430,3.0,0.0,0.0,3.0
1225,2.0,0.0,1.0,3.0
1435,3.0,0.0,0.0,3.0
1439,3.0,0.0,0.0,3.0
1726,3.0,0.0,0.0,3.0
4582,0.0,0.0,2.944,2.944
2109,2.941,0.0,0.0,2.941
00739,0.032,0.0,2.805,2.837
5284,7.455,0.0,-4.764,2.691
00901,-69.0,0.0,71.445,2.445
00920,-5.0,0.0,7.375,2.375
4555,2.077,0.0,0.142,2.219
0057,1.0,0.0,1.2,2.2
00657,-3.0,0.0,5.046,2.046
6906,2.0,0.0,0.0,2.0
00851,-2.0,0.0,4.0,2.0
8499,2.0,0.0,0.0,2.0
9937,2.0,0.0,0.0,2.0
020000,0.0,0.0,2.0,2.0
6201,2.0,0.0,0.0,2.0
6281,2.0,0.0,0.0,2.0
6641,0.0,0.0,2.0,2.0
6931,2.0,0.0,0.0,2.0
6671,2.0,0.0,0.0,2.0
8463,2.0,0.0,0.0,2.0
8201,2.0,0.0,0.0,2.0
1521,3.0,0.0,-1.0,2.0
1472,10.0,0.0,-8.0,2.0
1109,2.0,0.0,0.0,2.0
9943,2.0,0.0,0.0,2.0
1413,2.0,0.0,0.0,2.0
3266,2.0,0.0,0.0,2.0
1516,1.0,0.0,1.0,2.0
2038,1.967,0.0,0.0,1.967
2227,1.733,0.0,0.0,1.733
1537,1.468,0.0,0.0,1.468
6464,1.36,0.0,0.0,1.36
3051,1.209,0.0,0.0,1.209
00636K,0.0,0.0,1.2,1.2
1720,4.101,0.0,-3.0,1.101
6224,1.016,0.0,0.0,1.016
4588,1.0,0.0,0.005,1.005
5007,1.0,0.0,0.0,1.0
8467,1.0,0.0,0.0,1.0
6722,1.0,0.0,0.0,1.0
6908,-1.0,0.0,2.0,1.0
6955,1.0,0.0,0.0,1.0
8482,1.0,0.0,0.0,1.0
9926,1.0,0.0,0.0,1.0
9931,1.0,0.0,0.0,1.0
9905,1.0,0.0,0.0,1.0
1626,1.0,0.0,0.0,1.0
1541,1.0,0.0,0.0,1.0
1535,1.0,0.0,0.0,1.0
1583,1.0,0.0,0.0,1.0
1512,1.0,0.0,0.0,1.0
1454,-1.0,0.0,2.0,1.0
1423,1.0,0.0,0.0,1.0
1417,1.0,0.0,0.0,1.0
1410,1.0,0.0,0.0,1.0
2028,1.0,0.0,0.0,1.0
4545,1.0,0.0,0.0,1.0
4439,1.0,0.0,0.0,1.0
4572,1.0,0.0,0.0,1.0
2910,1.0,0.0,0.0,1.0
2891B,0.0,0.0,1.0,1.0
8487,1.0,0.0,-0.001,0.999
1817,1.0,0.0,-0.146,0.854
4560,0.459,0.0,0.0,0.459
1906,0.286,0.0,0.0,0.286
7711,2.802,0.0,-2.54,0.262
7765,0.224,0.0,0.0,0.224
2471,0.213,0.0,0.0,0.213
7823,0.0,0.0,0.04,0.04
8011,-4.0,0.0,4.0,0.0
6771,-1.0,0.0,1.0,0.0
1470,0.0,0.0,0.0,0.0
1463,0.0,0.0,0.0,0.0
6606,0.0,0.0,0.0,0.0
2250,0.0,0.0,0.0,0.0
7818,0.0,0.0,0.0,0.0
8443,0.0,0.0,0.0,0.0
6934,0.0,0.0,0.0,0.0
6835,0.0,0.0,0.0,0.0
6655,0.0,0.0,0.0,0.0
6666,0.0,0.0,0.0,0.0
5215,1.0,0.0,-1.0,0.0
4942,0.0,0.0,0.0,0.0
5484,0.0,0.0,0.0,0.0
6183,0.0,0.0,0.0,0.0
9918,0.0,0.0,0.0,0.0
00657K,0.0,0.0,0.0,0.0
00668K,0.0,0.0,0.0,0.0
00736,63.0,0.0,-63.0,0.0
1465,0.0,0.0,0.0,0.0
1103,0.0,0.0,0.0,0.0
1233,0.0,0.0,0.0,0.0
1235,1.0,0.0,-1.0,0.0
1236,0.0,0.0,0.0,0.0
1539,0.0,0.0,0.0,0.0
4190,0.0,0.0,0.0,0.0
3168,0.0,0.0,0.0,0.0
2939,0.0,0.0,0.0,0.0
2642,0.0,0.0,0.0,0.0
00775B,0.0,0.0,-0.032,-0.032
00682U,0.0,0.0,-0.081,-0.081
00703,0.0,0.0,-0.209,-0.209
5434,12.042,-5.0,-7.422,-0.38
006203,0.0,0.0,-0.446,-0.446
6491,0.012,0.0,-0.751,-0.739
6928,-0.8,0.0,0.0,-0.8
3257,-0.809,0.0,0.0,-0.809
006204,-1.0,0.0,0.078,-0.922
00711B,48.0,0.0,-48.964,-0.964
1418,-1.0,0.0,0.0,-1.0
01009T,-1.0,0.0,0.0,-1.0
01010T,-1.0,0.0,0.0,-1.0
6887,-1.0,0.0,0.0,-1.0
6794,-1.0,0.0,0.0,-1.0
6796,-1.0,0.0,0.0,-1.0
8429,-1.0,0.0,0.0,-1.0
8341,-1.0,0.0,0.0,-1.0
7791,-1.0,0.0,0.0,-1.0
7732,-1.0,0.0,0.0,-1.0
5288,-1.0,0.0,0.0,-1.0
5525,-1.0,0.0,0.0,-1.0
2901,-1.0,0.0,0.0,-1.0
2904,-1.0,0.0,0.0,-1.0
2712,-1.0,0.0,0.0,-1.0
3557,-1.0,0.0,0.0,-1.0
4557,-1.0,0.0,0.0,-1.0
6952,-1.0,0.0,0.0,-1.0
6581,-1.0,0.0,0.0,-1.0
1443,-1.0,0.0,0.0,-1.0
1614,-2.0,0.0,1.0,-1.0
00661,-119.0,0.0,117.941,-1.059
3679,-0.752,-0.474,0.0,-1.226
1256,-1.321,0.0,0.0,-1.321
0051,-0.98,0.0,-0.404,-1.384
00709,0.753,0.0,-2.303,-1.55
8374,0.0,0.0,-1.6,-1.6
8454,-2.923,1.0,0.084,-1.839
7799,-2.847,1.0,0.0,-1.847
2906,1.0,0.0,-2.957,-1.957
1437,-2.0,0.0,0.0,-2.0
020030,0.0,0.0,-2.0,-2.0
6230,-2.0,0.0,0.0,-2.0
00702,0.0,0.0,-2.0,-2.0
9912,-3.0,0.0,1.0,-2.0
910861,-2.0,0.0,0.0,-2.0
911608,-2.0,0.0,0.0,-2.0
1587,-2.0,0.0,0.0,-2.0
1525,-2.0,0.0,0.0,-2.0
1805,-2.0,0.0,0.0,-2.0
3419,-7.0,0.0,5.0,-2.0
2450,-2.0,0.0,0.0,-2.0
00678,-2.0,0.0,-0.002,-2.002
00972,0.0,0.0,-2.186,-2.186
6914,-2.4,0.0,0.0,-2.4
2460,-2.688,0.0,0.0,-2.688
3312,-3.792,0.0,1.0,-2.792
6698,-2.972,0.0,0.0,-2.972
7803,-6.0,0.0,3.0,-3.0
6128,-3.0,0.0,0.0,-3.0
4994,-3.0,0.0,0.0,-3.0
3308,-2.0,0.0,-1.0,-3.0
3494,-3.0,0.0,0.0,-3.0
3054,-5.0,0.0,2.0,-3.0
2524,-3.0,0.0,0.0,-3.0
2704,-3.0,0.0,0.0,-3.0
2024,-5.0,0.0,2.0,-3.0
2013,-3.0,0.0,0.0,-3.0
2114,-3.0,0.0,0.0,-3.0
2433,-3.0,0.0,0.0,-3.0
1475,-3.0,0.0,0.0,-3.0
1438,-3.0,0.0,0.0,-3.0
2438,-8.0,0.0,5.0,-3.0
2539,-4.0,1.0,0.0,-3.0
1414,-8.005,0.0,5.0,-3.005
00783,0.0,0.0,-3.028,-3.028
6438,22.346,0.0,-25.527,-3.181
4968,-2.909,0.0,-0.306,-3.215
3004,-6.009,0.0,2.507,-3.502
3130,-3.685,0.0,0.0,-3.685
00666R,0.0,0.0,-4.0,-4.0
8466,-4.0,0.0,0.0,-4.0
6921,-4.0,0.0,0.0,-4.0
2748,-4.0,0.0,0.0,-4.0
3607,-4.0,0.0,0.0,-4.0
1441,-4.0,0.0,0.0,-4.0
2373,-4.0,0.0,0.0,-4.0
2380,-4.0,0.0,0.0,-4.0
6807,-4.0,0.0,0.0,-4.0
6958,-4.0,0.0,0.0,-4.0
2514,-4.0,0.0,0.0,-4.0
6192,-4.23,0.0,0.0,-4.23
6951,-10.173,0.0,5.921,-4.252
6414,-34.252,55.0,-25.275,-4.527
1457,-4.925,0.0,0.0,-4.925
1338,-5.0,0.0,0.0,-5.0
4148,-3.0,0.0,-2.0,-5.0
00771,0.0,0.0,-5.259,-5.259
3596,-25.712,0.0,20.166,-5.546
00645,-3.0,0.0,-2.931,-5.931
00660,0.0,0.0,-6.0,-6.0
5533,-6.0,0.0,0.0,-6.0
6936,-6.0,0.0,0.0,-6.0
6916,-5.0,0.0,-1.0,-6.0
4569,-6.0,0.0,0.0,-6.0
1324,-6.0,0.0,0.0,-6.0
2424,-6.0,0.0,0.0,-6.0
3038,-6.0,0.0,0.0,-6.0
9929,-8.0,0.0,2.0,-6.0
4571,-4.784,0.0,-2.076,-6.86
2706,-7.0,0.0,0.0,-7.0
1526,-7.0,0.0,0.0,-7.0
020031,0.0,0.0,-7.0,-7.0
3043,-7.0,0.0,0.0,-7.0
3305,-1.383,0.0,-5.642,-7.025
1530,-7.06,0.0,0.0,-7.06
3092,-7.1,0.0,0.0,-7.1
006207,100.0,0.0,-107.299,-7.299
6164,-7.453,0.0,0.0,-7.453
6988,-11.0,0.0,3.4,-7.6
2832,-5.65,-2.187,0.0,-7.837
2929,-8.0,0.0,0.0,-8.0
2701,-8.0,0.0,0.0,-8.0
3432,-8.0,0.0,0.0,-8.0
3501,-8.0,0.0,0.0,-8.0
1737,-8.0,0.0,0.0,-8.0
2440,-8.0,0.0,0.0,-8.0
2488,-6.0,0.0,-2.0,-8.0
7740,-8.931,0.0,0.727,-8.204
00656R,0.0,0.0,-8.312,-8.312
7722,-8.063,0.0,-0.808,-8.871
1447,17.012,-26.0,0.0,-8.988
1203,-9.0,0.0,0.0,-9.0
2739,-9.0,0.0,0.0,-9.0
2849,-9.0,0.0,0.0,-9.0
7721,-10.0,0.0,1.0,-9.0
6674,-9.0,0.0,0.0,-9.0
9942,-9.0,0.0,0.0,-9.0
2432,-3.0,0.0,-6.034,-9.034
2207,-12.443,3.0,-0.527,-9.97
1456,-11.0,0.0,1.0,-10.0
2908,-10.0,0.0,0.0,-10.0
2459,-10.0,0.0,0.0,-10.0
3150,-8.0,0.0,-2.0,-10.0
3686,-10.0,0.0,0.0,-10.0
9944,-10.0,0.0,0.0,-10.0
00681R,-10.0,0.0,0.0,-10.0
1110,-10.0,0.0,0.0,-10.0
5519,-10.0,0.0,0.0,-10.0
5907,-10.0,0.0,0.0,-10.0
2702,-10.0,0.0,0.0,-10.0
00714,-1.0,0.0,-9.498,-10.498
00668,0.02,0.0,-10.885,-10.865
9911,-11.947,1.0,0.0,-10.947
6477,-12.0,0.0,1.0,-11.0
6923,-11.0,0.0,0.0,-11.0
7812,-11.0,0.0,0.0,-11.0
2762,-11.0,0.0,0.0,-11.0
1453,-11.0,0.0,0.0,-11.0
2434,-11.0,0.0,0.0,-11.0
4169,-11.16,0.0,0.0,-11.16
5608,-10.484,0.0,-1.0,-11.484
1442,-7.645,0.0,-4.0,-11.645
3669,-12.0,0.0,0.0,-12.0
1452,-10.002,0.0,-2.0,-12.002
1513,-65.263,21.0,32.138,-12.125
2466,-9.45,-6.0,3.0,-12.45
1909,-18.952,0.0,6.0,-12.952
9934,-13.0,0.0,0.0,-13.0
3518,-13.03,0.0,0.0,-13.03
1506,-13.1,0.0,0.0,-13.1
6805,261.97,-275.0,-0.106,-13.136
00710B,91.0,0.0,-104.32,-13.32
3617,-16.976,0.0,3.243,-13.733
6243,-14.0,0.0,0.0,-14.0
1234,-14.0,0.0,-0.213,-14.213
4766,-14.458,0.0,0.0,-14.458
7736,-15.0,0.0,0.0,-15.0
7705,-15.0,0.0,0.0,-15.0
1464,-15.002,0.0,0.0,-15.002
4590,-15.0,0.0,-0.168,-15.168
1467,-15.652,0.0,0.0,-15.652
7786,-16.978,0.0,1.0,-15.978
6689,-15.98,0.0,0.0,-15.98
7835,-23.0,0.0,7.0,-16.0
6947,-16.0,0.0,0.0,-16.0
2349,-16.382,0.0,0.0,-16.382
6177,-8.7,-6.896,-1.0,-16.596
8222,-17.0,0.0,0.0,-17.0
9927,-17.0,0.0,0.0,-17.0
2462,-17.0,0.0,0.0,-17.0
4536,-17.001,0.0,-0.275,-17.276
6799,-16.938,0.0,-1.0,-17.938
020034,0.0,0.0,-18.0,-18.0
6573,-18.0,0.0,0.0,-18.0
00730,-8.0,0.0,-10.097,-18.097
1307,-18.056,0.0,-0.053,-18.109
00674R,-1.0,0.0,-17.503,-18.503
3504,-19.133,0.0,0.247,-18.886
2364,-19.989,0.0,1.0,-18.989
912000,-19.0,0.0,0.0,-19.0
6165,-19.0,0.0,0.0,-19.0
9919,-18.0,0.0,-1.0,-19.0
2405,-19.001,0.0,0.0,-19.001
00981T,10.0,0.0,-29.166,-19.166
4195,-20.0,0.0,0.668,-19.332
2816,-19.932,0.0,0.0,-19.932
2423,-21.0,0.0,1.0,-20.0
8045,-20.0,0.0,0.0,-20.0
1558,-20.407,0.0,0.0,-20.407
6838,-20.471,0.0,0.0,-20.471
2415,-15.648,-4.0,-0.824,-20.472
006206,0.0,0.0,-20.695,-20.695
1468,-19.0,0.0,-2.0,-21.0
1603,-21.65,0.0,0.0,-21.65
1532,-21.77,0.0,0.0,-21.77
6272,-21.95,0.0,0.0,-21.95
00671R,0.0,0.0,-22.05,-22.05
6442,42.983,0.0,-66.794,-23.811
6756,-25.329,0.0,0.944,-24.385
6861,8.53,0.0,-33.076,-24.546
1325,-24.661,0.0,0.0,-24.661
2483,-24.699,0.0,0.0,-24.699
3530,-22.0,0.0,-3.0,-25.0
6863,-25.0,0.0,0.0,-25.0
4930,-24.0,0.0,-1.0,-25.0
3592,-61.855,38.0,-1.333,-25.188
7689,-26.01,0.0,0.0,-26.01
9802,-27.359,0.0,1.0,-26.359
4440,-16.0,0.0,-11.0,-27.0
1315,-27.0,0.0,0.0,-27.0
5258,-27.429,0.0,0.0,-27.429
1582,-27.585,0.0,-0.012,-27.597
1514,-27.55,2.0,-2.117,-27.667
4771,-28.0,0.0,0.243,-27.757
2375,-67.108,-4.0,42.461,-28.647
8411,-1.0,0.0,-28.0,-29.0
6472,-5.94,1.0,-24.235,-29.175
7730,-29.0,0.0,-0.376,-29.376
2420,-31.89,0.0,2.0,-29.89
1460,-30.099,0.0,0.0,-30.099
7750,-27.524,1.0,-4.209,-30.733
2546,-30.798,0.0,0.0,-30.798
2597,-30.962,2.0,-2.0,-30.962
2239,-31.0,0.0,0.0,-31.0
9910,-3.861,-18.0,-9.226,-31.087
4999,-32.0,0.0,0.0,-32.0
1436,-32.0,0.0,0.0,-32.0
00408A,-1.0,0.0,-31.261,-32.261
00651R,-31.0,0.0,-2.0,-33.0
8072,-33.0,0.0,0.0,-33.0
3622,-31.0,0.0,-2.114,-33.114
1616,-32.338,0.0,-1.0,-33.338
00640L,-2.0,0.0,-32.384,-34.384
5236,-35.0,0.0,0.0,-35.0
2029,-35.722,0.0,0.0,-35.722
2258,-61.0,0.0,25.227,-35.773
3437,-39.998,0.0,4.0,-35.998
4164,-21.077,0.0,-15.0,-36.077
9939,-37.105,1.0,0.0,-36.105
00897,95.0,0.0,-131.239,-36.239
3138,-35.466,0.0,-1.125,-36.591
4576,-22.856,0.0,-14.182,-37.038
5521,-37.289,0.0,0.0,-37.289
6533,-34.205,0.0,-3.109,-37.314
5522,-33.0,-0.756,-4.0,-37.756
6890,-23.944,0.0,-13.897,-37.841
6753,-40.0,0.0,2.118,-37.882
02001L,0.0,0.0,-38.0,-38.0
1533,-38.0,0.0,0.0,-38.0
2426,-27.689,0.0,-10.676,-38.365
00737,-18.0,0.0,-20.932,-38.932
1527,-38.999,0.0,0.0,-38.999
9925,-39.0,0.0,0.0,-39.0
00944,-54.0,0.0,13.217,-40.783
8110,-70.0,0.0,29.137,-40.863
4952,-45.0,0.0,4.0,-41.0
2342,-37.386,0.0,-5.677,-43.063
6579,67.008,0.0,-110.1,-43.092
5292,-45.731,0.0,0.133,-45.598
2419,-44.314,0.0,-1.366,-45.68
00728,-89.0,0.0,40.843,-48.157
00991B,647.0,0.0,-696.323,-49.323
1604,-49.51,0.0,0.0,-49.51
9906,-50.0,0.0,0.0,-50.0
1459,-50.694,0.0,0.0,-50.694
2360,-51.489,22.865,-22.29,-50.914
2497,-51.505,0.0,0.0,-51.505
3032,-46.95,0.0,-6.004,-52.954
6937,-47.988,0.0,-5.945,-53.933
1473,-54.0,0.0,0.0,-54.0
00654R,0.0,0.0,-54.138,-54.138
4133,-55.0,0.0,0.0,-55.0
2498,144.05,-6.0,-193.364,-55.314
4552,-56.0,0.0,0.0,-56.0
6782,-15.521,-20.0,-20.844,-56.365
3583,-13.379,0.0,-44.285,-57.664
0053,12.03,0.0,-70.15,-58.12
3321,-58.0,0.0,-1.0,-59.0
3027,-59.505,0.0,0.0,-59.505
1598,-60.408,0.0,0.0,-60.408
1568,-59.951,0.0,-1.0,-60.951
5471,-52.324,0.0,-8.669,-60.993
2705,-61.0,0.0,0.0,-61.0
00655L,-14.0,0.0,-48.451,-62.451
7795,-56.447,0.0,-7.367,-63.814
5203,-63.93,0.0,0.0,-63.93
2030,65.0,0.0,-130.0,-65.0
6781,-69.004,0.0,3.623,-65.381
4108,-64.0,0.0,-2.0,-66.0
1451,-67.0,0.0,0.0,-67.0
2032,-67.732,0.0,0.0,-67.732
2429,-68.0,0.0,0.0,-68.0
4736,-68.619,0.0,0.0,-68.619
2838,-75.24,0.0,5.706,-69.534
4739,-71.849,0.0,-0.318,-72.167
6133,-76.721,0.0,4.0,-72.721
3046,-70.0,0.0,-3.0,-73.0
00908,2.0,0.0,-75.154,-73.154
5222,-74.873,0.0,0.351,-74.522
1529,-75.654,0.0,0.0,-75.654
3665,985.458,-1116.066,54.624,-75.984
3021,-77.0,0.0,0.0,-77.0
6525,-71.135,-3.0,-3.082,-77.217
2211,-78.0,1.0,-0.495,-77.495
6768,-76.95,0.0,-1.019,-77.969
2501,-78.995,0.0,0.25,-78.745
8215,-59.88,-5.0,-14.539,-79.419
9136,-82.0,0.0,0.7,-81.3
3011,-82.0,0.0,0.0,-82.0
8462,-83.317,0.0,0.0,-83.317
2441,-317.788,235.0,-4.089,-86.877
2243,-84.376,-3.0,0.0,-87.376
3003,-79.585,0.0,-7.965,-87.55
9940,-87.796,0.0,0.0,-87.796
5469,-50.257,-46.0,7.938,-88.319
3060,-82.948,-6.0,0.0,-88.948
6994,-89.0,0.0,0.0,-89.0
6743,-87.576,-1.815,0.0,-89.391
00692,-15.042,0.0,-75.891,-90.933
4961,-140.513,50.0,-0.424,-90.937
6695,-91.0,0.0,-0.002,-91.002
3717,-75.488,0.0,-16.144,-91.632
009800,-5.0,0.0,-86.897,-91.897
3563,-89.616,0.0,-3.114,-92.73
009812,-12.0,0.0,-81.28,-93.28
2528,-32.849,-5.13,-56.0,-93.979
2208,-90.858,0.0,-4.0,-94.858
2451,-236.81,139.0,2.875,-94.935
9933,-169.537,-3.8,78.0,-95.337
00852L,0.0,0.0,-95.61,-95.61
3701,-248.625,0.0,149.231,-99.394
3356,-99.223,0.0,-1.0,-100.223
3229,-100.885,0.0,-1.0,-101.885
6957,-104.0,0.0,2.0,-102.0
2374,-103.682,0.0,0.27,-103.412
2237,-104.0,0.0,0.0,-104.0
8422,93.0,3.0,-202.432,-106.432
3413,-65.81,0.0,-42.012,-107.822
6409,-100.308,-3.02,-6.337,-109.665
3019,41.453,0.0,-151.594,-110.141
2101,-110.486,0.0,-0.7,-111.186
3015,-55.053,-58.0,1.521,-111.532
5534,-107.926,0.0,-4.796,-112.722
3059,-104.0,0.0,-9.723,-113.723
7749,-113.044,0.0,-1.077,-114.121
1735,-115.0,0.0,0.015,-114.985
2033,-115.0,0.0,0.0,-115.0
3025,-115.088,0.0,0.0,-115.088
6216,-114.0,0.0,-4.349,-118.349
3588,-120.88,0.0,1.336,-119.544
8404,-119.56,0.0,-2.0,-121.56
3406,-384.724,276.0,-13.724,-122.448
6405,-125.0,0.0,2.508,-122.492
7610,-155.086,0.0,31.691,-123.395
6142,-123.689,0.0,0.0,-123.689
00653L,-18.0,0.0,-106.815,-124.815
1611,-124.984,0.0,0.0,-124.984
9935,-125.0,-2.09,0.0,-127.09
5531,-128.695,0.0,0.0,-128.695
2233,-143.0,0.0,6.941,-136.059
2905,-137.404,0.0,1.0,-136.404
8438,-136.5,0.0,0.0,-136.5
6139,-106.696,-6.0,-29.675,-142.371
00642U,-27.0,0.0,-115.71,-142.71
2102,-143.0,0.0,0.0,-143.0
2491,-141.0,-2.0,-1.0,-144.0
2417,-145.0,0.0,0.0,-145.0
6902,-142.987,0.0,-3.0,-145.987
00894,-175.808,0.0,25.772,-150.036
1795,-130.581,1.0,-23.016,-152.597
2006,-181.652,4.0,24.989,-152.663
6446,-171.435,19.884,-2.802,-154.353
1531,-149.853,0.0,-5.0,-154.853
9958,-146.052,0.0,-9.0,-155.052
2331,-124.63,0.0,-36.938,-161.568
00690,62.075,0.0,-224.317,-162.242
6176,-164.34,0.0,0.45,-163.89
6451,-157.085,0.0,-10.158,-167.243
8033,-164.972,-6.0,-0.102,-171.074
5243,-865.273,0.0,694.027,-171.246
3714,-167.13,2.0,-11.238,-176.368
4770,-194.496,0.0,13.494,-181.002
3694,-176.0,0.0,-6.0,-182.0
1597,-188.066,0.0,5.461,-182.605
00930,-2.0,0.0,-183.254,-185.254
2486,-164.987,-12.0,-8.631,-185.618
3338,-187.982,0.0,0.34,-187.642
4977,-145.562,0.0,-42.118,-187.68
3022,-195.71,0.0,7.533,-188.177
2009,-170.78,0.0,-17.444,-188.224
2069,-194.436,0.0,5.0,-189.436
2457,-189.0,0.0,-2.0,-191.0
3712,-192.0,0.0,0.0,-192.0
2365,-193.142,0.0,-1.08,-194.222
4755,-181.0,0.0,-17.58,-198.58
6117,-190.063,0.0,-9.6,-199.663
1732,-201.0,0.0,0.0,-201.0
3708,-204.98,-1.0,4.0,-201.98
2402,-63.205,0.0,-140.239,-203.444
3545,-207.0,0.0,-2.7,-209.7
6669,-246.833,-16.094,52.277,-210.65
2351,-177.501,6.0,-41.411,-212.912
4912,-216.734,0.0,0.0,-216.734
00915,28.0,0.0,-245.773,-217.773
00410A,-404.0,0.0,185.184,-218.816
2338,-207.852,0.0,-12.641,-220.493
2359,-205.279,0.0,-15.311,-220.59
3543,-224.972,0.0,4.0,-220.972
00938,-106.0,0.0,-116.339,-222.339
6235,-222.0,0.0,-0.552,-222.552
2836,-222.594,0.0,0.0,-222.594
1503,-238.987,8.0,7.185,-223.802
00850,0.02,-10.0,-215.339,-225.319
00898,-175.75,0.0,-50.544,-226.294
00633L,-24.0,0.0,-202.294,-226.294
3209,-231.629,0.0,0.448,-231.181
00701,-20.5,0.0,-211.523,-232.023
2401,-266.85,0.0,33.156,-233.694
2608,-168.0,0.0,-66.735,-234.735
009817,231.0,0.0,-468.611,-237.611
6024,-239.412,0.0,0.0,-239.412
2511,-77.0,0.0,-170.0,-247.0
4566,-298.316,0.0,50.641,-247.675
5234,-263.991,0.0,8.981,-255.01
6944,-235.459,0.0,-22.355,-257.814
3149,-262.201,0.0,3.715,-258.486
00907,-53.0,0.0,-207.366,-260.366
4949,-264.9,0.0,0.0,-264.9
2468,-265.89,0.0,0.0,-265.89
3376,-324.649,0.0,58.514,-266.135
00639,116.0,0.0,-382.368,-266.368
6715,-262.603,0.0,-9.338,-271.941
2458,-354.95,99.0,-20.884,-276.834
3008,-301.067,23.306,0.475,-277.286
4916,-278.389,0.0,0.838,-277.551
6706,-268.99,0.0,-9.794,-278.784
2645,-299.385,1.0,19.093,-279.292
2436,-176.541,0.0,-104.596,-281.137
6885,-283.0,0.0,1.0,-282.0
00693U,-23.0,0.0,-262.067,-285.067
6585,-288.203,-1.0,1.472,-287.731
2236,-319.0,0.0,15.163,-303.837
3346,-307.0,0.0,-2.0,-309.0
1809,-292.505,0.0,-22.307,-314.812
4532,-309.642,-5.616,0.0,-315.258
2887I,-315.8,0.0,0.0,-315.8
00956,-2.0,0.0,-316.182,-318.182
3033,-274.511,0.0,-46.275,-320.786
5285,-316.153,0.0,-7.417,-323.57
3380,-319.441,3.0,-9.447,-325.888
4722,-293.088,0.0,-34.461,-327.549
2367,-120.803,0.0,-213.844,-334.647
1608,-334.039,0.0,-1.831,-335.87
6120,-351.299,0.0,15.0,-336.299
1727,-356.19,0.0,14.707,-341.483
6962,-327.898,0.0,-19.052,-346.95
00675L,-29.0,0.0,-319.741,-348.741
2388,-357.813,0.0,5.842,-351.971
3035,-225.985,0.0,-127.022,-353.007
00865B,333.204,0.0,-693.17,-359.966
4967,-345.04,0.0,-16.215,-361.255
00965,-440.0,-96.0,174.417,-361.583
3532,-360.028,3.0,-8.269,-365.297
2601,-325.891,0.0,-60.0,-385.891
2478,-478.711,-6.0,96.396,-388.315
3704,-390.143,0.0,1.342,-388.801
2316,-261.684,-7.0,-127.694,-396.378
6166,-386.232,0.0,-12.015,-398.247
6152,-402.825,0.0,0.0,-402.825
2371,-320.357,-10.0,-75.279,-405.636
3605,-405.504,0.0,-3.71,-409.214
1617,-425.229,0.0,6.0,-419.229
2413,-438.077,0.0,-1.054,-439.131
6412,-423.715,0.0,-22.634,-446.349
2467,-448.758,8.0,-9.785,-450.543
6108,-453.516,0.0,0.0,-453.516
8210,-466.922,0.0,10.813,-456.109
6226,-472.5,-5.0,-5.0,-482.5
6443,-491.0,0.0,0.0,-491.0
1519,-448.885,-1.5,-42.372,-492.757
5244,-494.126,0.0,0.0,-494.126
00635U,68.35,0.0,-566.081,-497.731
8070,-1107.96,600.0,9.671,-498.289
8028,-432.147,0.0,-73.913,-506.06
2059,-295.635,-251.422,37.193,-509.864
6215,-510.97,0.0,-1.0,-511.97
4764,-498.34,0.0,-21.389,-519.729
00650L,-38.0,0.0,-483.359,-521.359
6202,-531.428,0.0,-11.446,-542.874
00404A,372.0,0.0,-914.895,-542.895
3715,-257.513,0.0,-285.443,-542.956
3017,-422.991,-182.017,53.912,-551.096
2614,-556.0,0.0,0.0,-556.0
00939,158.002,0.0,-714.106,-556.104
3311,-514.724,0.0,-42.0,-556.724
009804,-74.0,0.0,-485.52,-559.52
1210,-560.54,4.0,-4.607,-561.147
8261,-454.398,-3.0,-104.97,-562.368
6719,-600.456,0.0,20.085,-580.371
4956,-587.424,0.0,0.629,-586.795
00892,210.22,0.0,-798.512,-588.292
00917,-64.0,0.0,-529.36,-593.36
00680L,222.0,0.0,-821.099,-599.099
2392,-579.0,0.0,-22.797,-601.797
6834,-663.445,-2.0,55.485,-609.96
1618,-610.023,0.0,0.049,-609.974
8271,-607.113,0.0,-5.017,-612.13
2845,-631.626,0.0,0.0,-631.626
00910,-624.153,0.0,-8.524,-632.677
1612,-636.948,0.0,-0.618,-637.566
00964,138.0,0.0,-777.0,-639.0
4540,-647.0,0.0,-0.26,-647.26
2399,-640.518,0.0,-7.472,-647.99
00963,-45.0,0.0,-611.726,-656.726
00923,-389.472,0.0,-273.487,-662.959
6831,-309.902,0.0,-355.713,-665.615
6269,-623.155,0.0,-48.169,-671.324
2254,-678.473,0.0,2.811,-675.662
5388,-694.761,0.0,-21.885,-716.646
3036,-1157.315,351.0,87.563,-718.752
4551,-661.724,-3.0,-60.639,-725.363
6141,-735.213,0.0,-2.0,-737.213
6153,-934.1,0.0,173.302,-760.798
3049,-778.128,0.0,-8.199,-786.327
2897,-830.347,0.0,33.534,-796.813
7788,-693.628,0.0,-103.694,-797.322
2308,-1168.055,358.106,4.369,-805.58
00637L,1081.0,0.0,-1889.46,-808.46
0055,-61.995,0.0,-793.104,-855.099
6257,-945.318,185.0,-123.19,-883.508
2465,-895.226,0.0,0.2,-895.026
00708L,57.1,0.0,-953.861,-896.761
2474,-854.97,1.0,-63.627,-917.597
00980A,-523.9,-2120.0,1722.459,-921.441
6919,-951.794,0.0,-9.299,-961.093
009827,-1.0,0.0,-999.078,-1000.078
3013,-1036.201,1.0,21.182,-1014.019
8039,-568.409,16.0,-463.922,-1016.331
6168,-1023.653,0.0,-3.991,-1027.644
4919,-699.627,1.0,-373.848,-1072.475
2049,-1053.137,1.0,-27.099,-1079.236
006208,-473.001,0.0,-633.914,-1106.915
3014,-1051.061,73.114,-152.141,-1130.088
00985B,16.0,0.0,-1208.54,-1192.54
6531,-1245.974,41.0,-23.732,-1228.706
00913,-436.763,0.0,-845.513,-1282.276
4938,-1389.367,-89.0,183.564,-1294.803
2376,-1493.336,98.0,75.332,-1320.004
00663L,78.0,0.0,-1404.393,-1326.393
5871,-1362.666,-40.0,59.92,-1342.746
1590,-1362.079,1.0,4.705,-1356.374
1714,-1387.588,-40.0,65.133,-1362.455
2354,-1282.549,5.0,-92.784,-1370.333
00982A,-54.758,0.0,-1335.893,-1390.651
2329,-1376.396,0.0,-40.886,-1417.282
6209,-1388.79,0.0,-92.906,-1481.696
3450,-1463.026,1.0,-24.9,-1486.926
2603,-2052.23,234.792,309.572,-1507.866
00738U,-3.0,0.0,-1526.285,-1529.285
00909,-353.955,0.0,-1245.442,-1599.397
3048,-1845.911,0.0,164.321,-1681.59
8131,-1668.962,0.0,-30.674,-1699.636
1609,-1712.392,0.0,11.799,-1700.593
2633,633.513,-2348.0,0.0,-1714.487
2369,-1587.576,0.0,-128.817,-1716.393
3576,-1750.253,0.0,0.0,-1750.253
6449,-1844.27,0.0,85.322,-1758.948
2881,-4764.493,2844.942,130.633,-1788.918
2312,-1721.338,25.0,-180.313,-1876.651
6116,-2473.288,0.0,562.218,-1911.07
00646,5.587,0.0,-1940.965,-1935.378
6282,-1866.44,-4.0,-107.776,-1978.216
2472,-2020.416,46.0,-15.139,-1989.555
2880,-3423.755,21.595,1407.719,-1994.441
009826,22.35,0.0,-2063.149,-2040.799
2352,-2143.65,-8.0,24.272,-2127.378
2464,-2033.316,24.0,-149.45,-2158.766
2610,874.317,-432.0,-2633.423,-2191.106
2301,-2343.867,7.383,117.301,-2219.183
00912,1.085,0.0,-2266.863,-2265.778
2515,-2400.203,-17.585,22.0,-2395.788
00943,-129.0,0.0,-2294.786,-2423.786
2356,-2736.928,51.0,207.725,-2478.203
6005,-2504.411,10.0,0.0,-2494.411
009803,-917.8,0.0,-1584.317,-2502.117
3006,-2411.473,1.0,-112.697,-2523.17
8112,-2446.197,-16.0,-65.819,-2528.016
00981A,-616.366,0.0,-1967.589,-2583.955
2485,-2283.587,0.0,-309.13,-2592.717
00665L,-152.0,0.0,-2476.117,-2628.117
2884,-4286.527,756.14,822.474,-2707.913
6456,-2615.25,0.0,-101.349,-2716.599
2618,-3100.923,-330.0,367.428,-3063.495
2454,-3021.521,-157.018,-88.504,-3267.043
00753L,785.0,0.0,-4093.656,-3308.656
2885,-5169.552,1240.795,537.269,-3391.488
00401A,-550.9,0.0,-2877.629,-3428.529
00935,-871.731,0.0,-2579.015,-3450.746
00947,-1464.011,0.0,-2136.291,-3600.302
00686R,0.0,0.0,-3758.8,-3758.8
2363,-2669.76,0.0,-1142.397,-3812.157
00881,796.361,0.0,-4629.815,-3833.454
00904,-12.981,0.0,-4029.895,-4042.876
4989,-4342.942,0.0,-31.75,-4374.692
00891,-2105.953,0.0,-2464.567,-4570.52
2834,-4690.506,0.0,-2.0,-4692.506
1504,-4647.471,13.0,-312.524,-4946.995
2332,-5511.381,0.0,-128.0,-5639.381
2481,-5052.788,-632.0,-580.424,-6265.212
1605,-5596.991,-1.0,-754.775,-6352.766
00962,33.0,0.0,-6522.806,-6489.806
2492,-5355.066,-16.0,-1143.792,-6514.858
2890,-8799.785,1125.031,1073.189,-6601.565
2882,-9853.855,2832.503,292.264,-6729.088
00934,331.0,0.0,-7196.765,-6865.765
2489,-6712.978,0.0,-298.369,-7011.347
1718,-7987.646,-44.0,1013.081,-7018.565
2327,-5756.8,-1038.577,-282.248,-7077.625
2382,-7936.176,705.131,-42.477,-7273.522
00996A,-719.23,0.0,-6896.746,-7615.976
9105,-7596.9,0.0,-190.914,-7787.814
00918,-3229.7,0.0,-5004.096,-8233.796
00984A,-962.8,0.0,-7313.964,-8276.764
1802,-7087.312,121.0,-1956.015,-8922.327
2883,-13827.675,3515.226,1316.836,-8995.613
00922,-5603.136,0.0,-3660.69,-9263.826
2324,-9661.246,10.0,62.648,-9588.598
009821,-46.9,0.0,-9583.84,-9630.74
2449,-2405.213,-8530.419,357.888,-10577.744
2330,-12302.987,792.863,509.848,-11000.276
009829,-1483.8,0.0,-9878.858,-11362.658
2887,-21354.754,8156.407,1478.964,-11719.383
00400A,-6201.9,0.0,-6085.576,-12287.476
2891,-16934.52,3186.513,1308.807,-12439.2
1303,-12939.731,877.294,-550.341,-12612.778
0052,-4181.787,0.0,-9182.042,-13363.829
2344,-14220.689,-250.134,-119.554,-14590.377
2337,-15690.993,17.0,-103.736,-15777.729
00929,-6657.661,0.0,-10766.707,-17424.368
009828,-662.304,0.0,-18207.642,-18869.946
2303,-19791.06,1605.722,-1526.596,-19711.934
3481,-20581.514,18.0,-289.365,-20852.879
6770,-21678.579,125.0,-1846.993,-23400.572
2317,-25605.124,147.147,-69.905,-25527.882
00992A,-6302.7,0.0,-23248.475,-29551.175
0056,-6731.235,0.0,-25389.81,-32121.045
00878,-4596.449,0.0,-27908.156,-32504.605
00927,-542.037,0.0,-35397.835,-35939.872
00712,-16763.6,0.0,-27425.246,-44188.846
00985A,534.855,0.0,-59115.091,-58580.236
00631L,-15118.927,0.0,-48977.673,-64096.6
0050,-51508.568,0.0,-12764.456,-64273.024
2409,-59450.941,-3.0,-8494.914,-67948.855
00919,-22479.833,0.0,-46225.3,-68705.133
00685L,236.3,0.0,-137582.251,-137345.951
009816,-30702.98,0.0,-106720.033,-137423.013
00406A,-59463.94,0.0,-113578.307,-173042.247
00411A,-315.5,0.0,-3194.768,-3510.268
006201,19.104,-22.0,-9.671,-12.567
00679B,4256.133,0.0,-2974.243,1281.89
00687B,2398.0,0.0,-1302.472,1095.528
00687C,0.0,0.0,0.0,0.0
00694B,0.0,0.0,-12.292,-12.292
00695B,65.0,0.0,111.978,176.978
00696B,5.0,0.0,-570.59,-565.59
00697B,2.0,0.0,-80.19,-78.19
00719B,28.0,0.0,-400.462,-372.462
00720B,-2595.0,0.0,-1139.974,-3734.974
00722B,10.0,0.0,4.552,14.552
00723B,0.0,0.0,-13.0,-13.0
00724B,47.0,0.0,-57.552,-10.552
00725B,1433.0,0.0,-1130.326,302.674
00726B,188.0,0.0,-180.005,7.995
00727B,-4.0,0.0,-3.825,-7.825
00734B,57.0,0.0,-57.0,0.0
00740B,674.0,0.0,704.819,1378.819
00741B,30.0,0.0,-31.104,-1.104
00746B,76.0,0.0,-91.94,-15.94
00749B,0.0,0.0,0.0,0.0
00750B,-1.0,0.0,1.0,0.0
00751B,-46.95,0.0,-202.801,-249.751
00754B,94.0,0.0,-115.217,-21.217
00755B,-3.0,0.0,-0.489,-3.489
00756B,0.0,0.0,13.671,13.671
00758B,0.0,0.0,0.0,0.0
00759B,0.0,0.0,0.0,0.0
00760B,0.0,0.0,-0.083,-0.083
00761B,35.0,0.0,-5.0,30.0
00764B,-11.0,0.0,117.623,106.623
00768B,119.0,0.0,-48.237,70.763
00772B,975.0,0.0,-156.5,818.5
00773B,383.0,0.0,-295.148,87.852
00777B,-10.0,0.0,10.0,0.0
00778B,0.0,0.0,0.0,0.0
00779B,0.0,0.0,22.0,22.0
00780B,0.0,0.0,3.488,3.488
00781B,1.0,0.0,-0.293,0.707
00782B,1.0,0.0,-18.2,-17.2
00785B,1.0,0.0,0.0,1.0
00786B,0.0,0.0,18.0,18.0
00787B,-1.0,0.0,8.003,7.003
00788B,0.0,0.0,-1.0,-1.0
00789B,0.0,0.0,0.02,0.02
00791B,0.0,0.0,0.0,0.0
00792B,-11.0,0.0,75.0,64.0
00795B,1041.0,0.0,-785.165,255.835
00799B,-13.0,0.0,54.996,41.996
00834B,0.0,0.0,0.0,0.0
00836B,0.0,0.0,0.0,0.0
00840B,-7.0,0.0,7.0,0.0
00841B,0.0,0.0,1.0,1.0
00842B,7.0,0.0,1.99,8.99
00844B,0.0,0.0,4.992,4.992
00845B,20.0,0.0,-21.0,-1.0
00846B,0.0,0.0,13.765,13.765
00848B,78.0,0.0,-77.1,0.9
00849B,1.0,0.0,-0.271,0.729
00853B,30.0,0.0,23.803,53.803
00856B,2.0,0.0,0.0,2.0
00857B,21.0,0.0,262.98,283.98
00858,0.0,0.0,34.173,34.173
00859B,185.0,0.0,-210.96,-25.96
00860B,-1.0,0.0,1.0,0.0
00862B,11.0,0.0,-26.0,-15.0
00863B,-106.0,0.0,104.0,-2.0
00864B,25.0,0.0,-81.0,-56.0
00867B,0.0,0.0,-0.033,-0.033
00870B,70.0,0.0,-72.213,-2.213
00877,43.0,0.0,-2607.754,-2564.754
00884B,20.0,0.0,-30.361,-10.361
00886,0.0,0.0,9.838,9.838
00887,383.0,0.0,85.043,468.043
00888,-1109.607,0.0,-878.961,-1988.568
00890B,103.0,0.0,-100.0,3.0
00928,-1.0,0.0,-90.079,-91.079
00931B,243.0,0.0,-618.645,-375.645
00933B,-7.0,0.0,-1384.81,-1391.81
00937B,125.0,0.0,-6893.669,-6768.669
00942B,290.0,0.0,-231.431,58.569
00948B,435.0,0.0,-6057.0,-5622.0
00950B,-177.0,0.0,-4033.315,-4210.315
00955,-235.698,0.0,66.273,-169.425
00957B,0.0,0.0,-6.741,-6.741
00958B,119.0,0.0,-6.411,112.589
00959B,214.0,0.0,-357.206,-143.206
00966B,13.0,0.0,32.478,45.478
00967B,0.0,0.0,-91.347,-91.347
00968B,-5.0,0.0,-345.903,-350.903
00969B,140.0,0.0,-88.393,51.607
00970B,430.0,0.0,-651.579,-221.579
009806,0.0,0.0,-30.374,-30.374
009807,0.0,0.0,0.361,0.361
00980B,0.0,0.0,26.676,26.676
00980D,0.0,0.0,-98.108,-98.108
00980T,17.0,0.0,30.128,47.128
009814,0.0,0.0,-264.166,-264.166
009815,0.0,0.0,267.301,267.301
00981B,6699.069,0.0,-8220.257,-1521.188
00981D,52.0,0.0,133.879,185.879
009822,-1.0,0.0,-16.085,-17.085
009823,-17.0,0.0,-436.741,-453.741
009825,-1.0,0.0,-1.603,-2.603
00982B,1.0,0.0,0.275,1.275
00983B,14.0,0.0,20.603,34.603
00984B,359.0,0.0,-342.168,16.832
00985D,148.0,0.0,-349.531,-201.531
00986B,0.0,0.0,-6.708,-6.708
00986D,350.0,0.0,-94.0,256.0
00987B,3.0,0.0,184.598,187.598
00987D,0.0,0.0,-18.537,-18.537
00988B,-11.0,0.0,-593.072,-604.072
00989B,0.0,0.0,-604.748,-604.748
00990B,26.0,0.0,-285.271,-259.271
00992B,0.0,0.0,328.489,328.489
00998A,-4211.9,0.0,-29779.137,-33991.037
020001,0.0,0.0,1.0,1.0
020025,0.0,0.0,-4.0,-4.0
020033,0.0,0.0,-24.0,-24.0
020041,0.0,0.0,2.0,2.0
1240,-1.0,0.0,0.0,-1.0
1259,0.0,0.0,0.0,0.0
1264,4.159,0.0,-12.0,-7.841
1268,-4.0,0.0,0.0,-4.0
1294,2.4,0.0,0.0,2.4
1295,-12.0,0.0,0.0,-12.0
1336,-0.865,0.0,0.0,-0.865
1565,-132.0,0.0,-2.72,-134.72
1569,-1526.779,0.0,3.527,-1523.252
1570,3.25,0.0,0.0,3.25
1580,41.0,0.0,0.0,41.0
1584,133.0,0.0,-0.209,132.791
1586,-37.0,0.0,0.0,-37.0
1591,46.036,0.0,0.0,46.036
1595,-374.536,0.0,-24.77,-399.306
1599,2.0,0.0,0.0,2.0
1777,-2.0,0.0,0.0,-2.0
1780,-1.0,0.0,0.0,-1.0
1781,71.0,0.0,0.0,71.0
1784,19.0,0.0,0.496,19.496
1785,-1959.024,8.0,-0.055,-1951.079
1788,9.0,0.0,0.0,9.0
1796,-2.0,0.0,0.0,-2.0
1799,39.167,0.0,0.0,39.167
1815,-1748.608,24.0,391.924,-1332.684
2061,-445.7,0.0,-1.02,-446.72
2063,0.0,0.0,-0.305,-0.305
2064,4.0,0.0,0.0,4.0
2065,-1.0,0.0,0.0,-1.0
2066,13.0,0.0,0.0,13.0
2070,-14.0,0.0,0.0,-14.0
2221,-15.878,0.0,-9.0,-24.878
2230,-51.0,0.0,-0.012,-51.012
2596,-2.0,0.0,0.0,-2.0
2640,-7.0,0.0,0.0,-7.0
2641,152.0,0.0,-1.37,150.63
2643,-2.0,0.0,0.0,-2.0
2718,0.0,-0.428,-0.11,-0.538
2719,1.0,0.0,-0.98,0.02
2729,4.0,0.0,0.0,4.0
2732,3.0,0.0,0.0,3.0
2734,60.0,0.0,0.0,60.0
2736,-2.0,0.0,0.0,-2.0
2743,5.0,0.0,-0.9,4.1
2745,5.0,0.0,-3.0,2.0
2751,1.0,0.0,0.0,1.0
2754,-2.0,0.0,0.0,-2.0
2755,1.0,0.0,-0.075,0.925
2756,-3.0,0.0,0.0,-3.0
2926,1.0,0.0,0.0,1.0
2937,-0.5,0.0,0.0,-0.5
3066,-94.69,0.0,0.0,-94.69
3071,-47.0,0.0,-0.185,-47.185
3073,16.0,0.0,-0.697,15.303
3078,54.181,-4.587,0.0,49.594
3081,-284.436,-92.8,-11.038,-388.274
3083,1.0,0.0,-0.62,0.38
3086,13.0,0.0,-0.585,12.415
3088,-65.116,0.0,-10.598,-75.714
3093,-4.0,0.0,0.171,-3.829
3095,0.0,0.0,0.031,0.031
3105,4286.305,-4265.3,207.316,228.321
3114,44.885,0.0,-0.689,44.196
3128,4.333,0.0,0.0,4.333
3131,6.786,-12.935,-2.369,-8.518
3141,-257.436,0.0,-8.11,-265.546
3147,152.58,0.0,-43.972,108.608
3152,20.169,0.0,0.328,20.497
3162,-349.171,0.0,-5.106,-354.277
3163,-111.19,0.0,-41.005,-152.195
3169,-48.88,0.0,-0.039,-48.919
3176,112.884,0.0,0.0,112.884
3178,-6.0,0.0,-0.159,-6.159
3188,5.0,0.0,0.473,5.473
3205,4.0,0.0,0.204,4.204
3206,6.0,0.0,0.0,6.0
3207,34.0,0.0,0.0,34.0
3211,222.391,-2.2,62.696,282.887
3213,-16.0,0.0,-1.342,-17.342
3217,35.05,0.0,-14.789,20.261
3218,-70.0,0.0,-0.105,-70.105
3219,-386.846,0.0,-4.833,-391.679
3221,262.096,0.0,-105.646,156.45
3224,4.0,0.0,0.0,4.0
3226,-5.0,0.0,0.0,-5.0
3227,-17.0,-59.0,-4.971,-80.971
3228,-118.762,0.0,-6.658,-125.42
3230,-55.689,0.0,0.0,-55.689
3232,2.0,0.0,0.0,2.0
3234,-2006.376,0.0,-9.784,-2016.16
3236,131.212,0.0,60.502,191.714
3252,2.0,0.0,0.0,2.0
3260,-1927.04,75.4,-20.155,-1871.795
3264,-1503.014,146.0,24.372,-1332.642
3265,-124.004,0.0,98.879,-25.125
3268,40.0,0.0,0.0,40.0
3276,1.0,0.0,0.0,1.0
3284,65.0,0.0,-1.039,63.961
3285,3.0,0.0,0.0,3.0
3287,21.0,0.0,2.998,23.998
3288,-8.0,0.0,0.035,-7.965
3289,35.96,0.0,-10.674,25.286
3290,518.0,0.0,38.664,556.664
3293,235.653,-4.0,3.049,234.702
3294,37.0,0.0,0.0,37.0
3297,42.0,0.0,-0.354,41.646
3303,55.0,0.0,0.0,55.0
3306,2.0,0.0,-0.016,1.984
3310,2.0,0.0,0.0,2.0
3313,2.0,0.0,0.0,2.0
3317,-308.623,0.0,34.97,-273.653
3322,231.0,0.0,0.0,231.0
3323,204.106,0.0,-0.432,203.674
3324,-665.648,716.668,6.62,57.64
3325,-9.0,0.0,-0.616,-9.616
3339,4.562,0.0,-0.161,4.401
3349,-21.0,0.0,0.0,-21.0
3354,279.713,0.0,-0.88,278.833
3357,105.663,0.0,-16.562,89.101
3360,74.824,0.0,0.012,74.836
3362,-11.84,0.0,-0.275,-12.115
3363,-381.425,0.0,-1.651,-383.076
3372,-51.0,0.0,3.0,-48.0
3373,-20.821,0.0,0.0,-20.821
3374,618.543,0.618,118.134,737.295
3379,0.0,0.0,-0.592,-0.592
3388,49.379,0.0,2.451,51.83
3390,-21.0,0.0,0.0,-21.0
3402,44.648,0.0,-11.647,33.001
3430,-22.74,0.0,-0.152,-22.892
3434,3.0,0.0,0.0,3.0
3438,9.0,0.0,-0.449,8.551
3441,-84.02,0.0,85.0,0.98
3444,-3.0,0.0,-0.276,-3.276
3455,155.0,0.0,8.782,163.782
3465,2.0,0.0,0.0,2.0
3466,-127.071,0.0,0.0,-127.071
3467,-100.837,0.0,0.0,-100.837
3479,44.2,0.0,-2.399,41.801
3483,42.225,0.0,-0.999,41.226
3484,15.001,0.0,0.529,15.53
3485,9.647,0.0,0.289,9.936
3489,-14.0,0.0,0.0,-14.0
3490,-144.624,0.0,-0.153,-144.777
3491,-25.752,12.549,7.209,-5.994
3492,1.0,0.0,1.971,2.971
3498,-318.666,0.0,28.839,-289.827
3508,-30.0,0.0,0.0,-30.0
3511,18.0,0.0,0.0,18.0
3512,-6.0,0.0,-2.0,-8.0
3516,2.0,0.0,0.0,2.0
3520,0.0,0.0,0.0,0.0
3521,-6.0,0.0,0.0,-6.0
3522,-2.0,0.0,0.0,-2.0
3523,0.0,0.0,0.0,0.0
3526,-20.994,0.0,-13.501,-34.495
3527,-11.0,0.0,0.0,-11.0
3529,20.21,-52.739,-1.946,-34.475
3531,0.0,0.0,0.0,0.0
3537,60.34,0.0,0.273,60.613
3540,-13.999,0.0,0.0,-13.999
3541,8.0,0.0,0.0,8.0
3546,34.162,0.0,-0.99,33.172
3548,41.0,0.0,-0.02,40.98
3551,126.334,0.0,-5.499,120.835
3552,33.0,0.0,-2.0,31.0
3555,-4.0,0.0,-1.605,-5.605
3556,196.82,0.0,0.0,196.82
3558,141.105,0.0,-2.956,138.149
3564,-383.8,0.0,-36.955,-420.755
3567,-5.0,0.0,0.27,-4.73
3570,-1.0,0.0,0.0,-1.0
3577,-70.89,0.0,-17.801,-88.691
3580,-36.475,0.0,17.333,-19.142
3581,23.445,0.0,0.2,23.645
3587,-192.004,0.0,-19.317,-211.321
3594,-27.892,0.0,-0.83,-28.722
3597,0.0,0.0,0.259,0.259
3609,58.0,0.0,0.0,58.0
3611,14.0,0.0,0.0,14.0
3615,155.15,0.0,0.0,155.15
3623,32.51,0.0,0.0,32.51
3624,6181.114,0.0,-52.457,6128.657
3628,-2.0,0.0,-0.96,-2.96
3630,35.846,0.0,-5.09,30.756
3631,142.0,0.0,-2.0,140.0
3663,-27.0,0.0,-0.688,-27.688
3666,25.0,0.0,0.0,25.0
3672,-3.0,0.0,0.0,-3.0
3675,-132.624,0.0,-51.271,-183.895
3680,7.686,0.349,-24.387,-16.352
3684,23.996,0.0,-2.0,21.996
3685,1276.265,0.0,0.0,1276.265
3687,-2.0,0.0,-0.011,-2.011
3689,138.952,0.0,-18.118,120.834
3691,-46.0,0.0,-1.393,-47.393
3693,-84.124,0.0,-2.531,-86.655
3707,-6078.992,0.0,-14.901,-6093.893
3709,-5.43,0.0,90.914,85.484
3710,-25.0,0.0,0.0,-25.0
3713,48.0,0.0,-0.522,47.478
3718,-23.47,0.0,-23.994,-47.464
4102,0.0,0.0,0.0,0.0
4105,353.0,-4.065,64.132,413.067
4107,-4.0,0.0,0.0,-4.0
4109,4.82,0.0,0.602,5.422
4111,-1.0,0.0,0.0,-1.0
4113,-5.94,0.0,0.0,-5.94
4114,1143.368,0.0,160.408,1303.776
4116,1.0,0.0,0.102,1.102
4120,-1.0,0.0,0.0,-1.0
4121,5.0,0.0,0.0,5.0
4123,580.119,0.0,-76.992,503.127
4126,-9.0,0.0,-0.367,-9.367
4127,-1546.068,0.0,-3.789,-1549.857
4128,561.712,0.0,8.0,569.712
4129,6.001,0.0,-0.002,5.999
4131,-1.0,0.0,0.0,-1.0
4138,-1.0,0.0,0.0,-1.0
4139,6.0,0.0,0.0,6.0
4147,-62.926,0.0,-0.724,-63.65
4153,2.0,0.0,0.0,2.0
4157,337.0,0.0,-0.186,336.814
4160,1.0,0.0,0.0,1.0
4161,1.0,0.0,0.0,1.0
4162,-121.0,0.0,0.161,-120.839
4163,2.0,0.0,-0.211,1.789
4166,22.0,0.0,0.0,22.0
4167,2150.651,0.0,147.649,2298.3
4168,11.0,0.0,0.0,11.0
4171,26.0,0.0,0.0,26.0
4173,-3.0,0.0,0.142,-2.858
4174,-29.0,0.0,0.0,-29.0
4188,-12.0,0.0,0.0,-12.0
4207,-1.0,0.0,0.0,-1.0
4303,-32.441,0.0,3.435,-29.006
4304,-4.0,0.0,0.0,-4.0
4305,0.0,0.0,0.0,0.0
4401,9.0,0.0,0.0,9.0
4402,-2.0,0.0,0.0,-2.0
4406,4.0,0.0,0.0,4.0
4413,-5.0,0.0,0.0,-5.0
4416,-206.66,0.0,8.0,-198.66
4417,1.0,0.0,0.0,1.0
4419,1.0,0.0,0.0,1.0
4420,4.0,-0.402,0.0,3.598
4430,6.0,0.0,0.0,6.0
4432,-3.0,0.0,0.0,-3.0
4433,1.02,0.0,0.0,1.02
4503,44.0,0.0,0.177,44.177
4506,-18.0,0.0,0.0,-18.0
4510,-69.0,0.0,-5.176,-74.176
4513,29.0,0.0,1.0,30.0
4523,5.0,0.0,0.0,5.0
4528,-3.0,0.0,0.0,-3.0
4530,0.0,0.0,0.0,0.0
4533,-7.265,0.0,0.0,-7.265
4534,55.279,0.0,0.0,55.279
4538,0.0,0.0,0.0,0.0
4541,39.587,0.0,-2.881,36.706
4542,34.1,0.0,0.066,34.166
4543,27.0,0.0,-9.2,17.8
4549,-2.0,0.0,-0.054,-2.054
4550,1.0,0.0,0.0,1.0
4554,-4.0,0.0,0.0,-4.0
4556,8.0,0.0,0.0,8.0
4558,-1.0,0.0,0.0,-1.0
4561,-24.0,0.0,2.0,-22.0
4563,22.064,0.0,0.0,22.064
4568,3.0,0.0,0.0,3.0
4577,89.0,0.0,0.443,89.443
4580,1.0,0.0,0.0,1.0
4584,-1.0,0.0,0.0,-1.0
4702,-8.0,0.0,0.0,-8.0
4706,-7.0,0.0,22.0,15.0
4707,-92.698,0.0,-6.688,-99.386
4711,-63.0,0.0,0.0,-63.0
4714,410.344,0.0,-10.0,400.344
4716,307.514,0.0,0.0,307.514
4721,29.172,0.0,-1.664,27.508
4726,29.0,0.0,0.0,29.0
4728,3.0,0.0,0.0,3.0
4729,-6.0,0.0,0.0,-6.0
4735,14.0,0.0,2.0,16.0
4741,-1.0,0.0,0.0,-1.0
4743,404.144,0.0,9.326,413.47
4744,1.0,0.0,0.0,1.0
4745,-1.0,0.0,0.0,-1.0
4747,-1.0,0.0,-1.0,-2.0
4749,-288.539,0.307,-24.189,-312.421
4754,0.0,0.0,0.0,0.0
4760,128.825,0.0,-12.531,116.294
4767,-1.0,0.0,-0.135,-1.135
4768,26.219,0.0,8.706,34.925
4772,-77.665,0.0,-18.8,-96.465
4903,-1064.113,0.0,0.0,-1064.113
4905,-3.0,0.0,1.0,-2.0
4907,1.0,0.0,0.0,1.0
4908,-597.148,0.0,-192.528,-789.676
4909,39.081,0.0,-0.064,39.017
4923,36.857,0.0,1.0,37.857
4924,49.94,0.0,-0.496,49.444
4931,-295.05,0.0,-51.868,-346.918
4933,19.0,0.0,0.0,19.0
4939,-1404.163,0.0,6.727,-1397.436
4946,-2.0,0.0,-0.889,-2.889
4950,-4.0,0.0,0.0,-4.0
4951,-20.0,0.0,-1.523,-21.523
4953,20.025,0.0,-0.497,19.528
4966,-194.958,17.0,-5.434,-183.392
4971,20.362,0.0,-5.587,14.775
4972,-2.0,0.0,0.0,-2.0
4973,168.85,0.0,34.552,203.402
4974,-64.0,0.0,-0.452,-64.452
4979,-376.98,-51.0,-13.262,-441.242
4991,-282.43,0.0,-2.556,-284.986
4995,-1.0,0.0,1.0,0.0
5009,1361.875,0.0,49.893,1411.768
5011,-55.993,0.0,-0.887,-56.88
5013,-5.0,0.0,0.0,-5.0
5014,14.0,0.0,0.0,14.0
5015,6.0,0.0,0.0,6.0
5016,-13.0,0.0,0.0,-13.0
5201,1.0,0.0,0.0,1.0
5202,-101.999,0.0,0.0,-101.999
5206,37.0,0.0,-57.0,-20.0
5209,128.277,-0.238,1.308,129.347
5210,6.0,0.0,0.0,6.0
5211,-1.0,0.0,0.0,-1.0
5213,-26.0,0.0,0.0,-26.0
5220,4.0,0.0,-2.0,2.0
5223,6.0,0.0,0.0,6.0
5227,-34.108,0.0,0.0,-34.108
5228,167.195,0.0,-1.836,165.359
5230,655.645,0.0,0.998,656.643
5245,-11.0,0.0,-28.0,-39.0
5251,-50.0,0.0,0.0,-50.0
5263,132.898,0.0,5.439,138.337
5272,-6.0,0.0,0.002,-5.998
5274,-155.31,-36.48,14.605,-177.185
5278,16.0,0.0,0.06,16.06
5287,-25.518,-0.622,0.0,-26.14
5289,-197.887,16.2,-19.833,-201.52
5291,-99.625,0.0,1.498,-98.127
5299,-71.05,0.0,-1.077,-72.127
5302,10.0,0.0,0.0,10.0
5309,-2314.82,-2.0,91.077,-2225.743
5310,1.0,0.0,5.0,6.0
5312,0.0,0.0,0.0,0.0
5314,-2508.317,0.0,-61.862,-2570.179
5315,45.0,0.0,0.0,45.0
5321,83.0,0.0,0.0,83.0
5324,1.0,0.0,0.0,1.0
5328,-8.397,0.0,19.972,11.575
5340,-1226.9,0.0,-28.986,-1255.886
5347,1086.746,-642.0,17.393,462.139
5351,-1516.753,12.0,-15.035,-1519.788
5353,-1.0,0.0,0.0,-1.0
5355,6.0,0.0,0.0,6.0
5356,-22.0,0.0,0.0,-22.0
5364,-2.0,0.0,0.325,-1.675
5381,-74.782,0.0,0.0,-74.782
5386,-162.555,0.0,1.651,-160.904
5392,-379.0,0.0,-24.808,-403.808
5398,-22.0,0.0,-0.493,-22.493
5403,-6.0,0.0,0.0,-6.0
5410,-9.2,0.0,0.369,-8.831
5425,-1578.485,0.0,-223.671,-1802.156
5426,-247.742,0.0,-0.747,-248.489
5432,8.581,0.0,-0.938,7.643
5438,-1.0,0.0,0.0,-1.0
5439,-362.323,0.0,20.263,-342.06
5443,-43.436,0.0,-10.817,-54.253
5450,-3.0,0.0,-0.899,-3.899
5452,-324.463,0.0,-8.043,-332.506
5457,-50.898,0.0,-5.329,-56.227
5460,91.0,0.0,1.9,92.9
5464,29.0,0.0,-5.691,23.309
5465,-60.148,0.0,0.0,-60.148
5468,-24.0,0.0,-0.864,-24.864
5474,-4.97,0.0,-1.203,-6.173
5475,-1155.827,0.0,45.935,-1109.892
5478,-17.0,0.0,-0.514,-17.514
5481,-12.0,0.0,0.0,-12.0
5483,-4001.044,198.0,-699.769,-4502.813
5487,-6.0,0.0,0.002,-5.998
5488,28.0,0.0,0.0,28.0
5489,1.0,0.0,0.0,1.0
5490,-16.263,0.0,0.0,-16.263
5493,-1.96,0.0,0.687,-1.273
5498,-86.804,0.0,-3.209,-90.013
5508,40.071,0.0,-0.051,40.02
5511,48.409,0.0,-4.0,44.409
5512,41.66,0.0,0.149,41.809
5514,0.0,0.0,0.0,0.0
5516,0.0,0.0,-0.648,-0.648
5523,-1.0,0.0,0.0,-1.0
5529,7.0,0.0,0.0,7.0
5530,93.0,0.0,0.0,93.0
5536,-293.617,615.5,-66.807,255.076
5547,1.0,0.0,0.0,1.0
5548,3.0,0.0,0.0,3.0
5601,-1.0,0.0,0.0,-1.0
5603,-16.0,0.0,0.0,-16.0
5604,0.0,0.0,0.0,0.0
5609,22.11,0.0,0.0,22.11
5701,9.0,0.0,0.0,9.0
5704,-1.0,0.0,0.0,-1.0
5864,-111.504,0.0,0.0,-111.504
5902,0.0,0.0,0.0,0.0
5903,-0.783,0.0,0.0,-0.783
5904,-926.93,85.0,-18.44,-860.37
5905,14.0,0.0,0.0,14.0
6015,581.675,0.0,0.0,581.675
6016,1274.072,0.0,0.0,1274.072
6021,116.95,0.0,0.0,116.95
6023,-43.0,0.0,0.0,-43.0
6026,52.004,-8.145,0.0,43.859
6028,4.0,0.0,0.0,4.0
6101,-66.0,0.0,0.0,-66.0
6103,2.0,0.0,0.0,2.0
6104,-85.9,0.0,-12.782,-98.682
6109,-5.0,0.0,0.0,-5.0
6111,-2.82,0.0,-0.821,-3.641
6113,-68.0,0.0,4.0,-64.0
6114,3.0,0.0,0.0,3.0
6118,32.29,0.0,0.0,32.29
6121,-206.8,-2.5,2.563,-206.737
6122,278.024,-1.396,2.26,278.888
6123,-4.0,0.0,0.0,-4.0
6124,4.0,0.0,0.0,4.0
6125,176.561,0.0,2.956,179.517
6126,19.964,0.0,-9.575,10.389
6127,3247.454,0.0,76.592,3324.046
6129,-31.814,0.0,0.0,-31.814
6130,-12.0,0.0,0.0,-12.0
6134,-3.0,0.0,6.705,3.705
6138,-135.545,0.0,-5.151,-140.696
6140,-31.283,0.0,0.0,-31.283
6143,-163.0,0.0,0.0,-163.0
6146,374.047,-1.0,14.361,387.408
6147,-4956.348,2016.0,-1505.129,-4445.477
6148,-39.0,0.0,0.0,-39.0
6150,76.0,0.0,0.588,76.588
6151,-33.0,0.0,0.0,-33.0
6154,-8.0,0.0,0.0,-8.0
6156,-89.63,0.0,0.397,-89.233
6158,1.0,0.0,0.0,1.0
6160,-6.0,0.0,0.0,-6.0
6161,-8.0,0.0,0.0,-8.0
6163,51.579,0.0,2.429,54.008
6169,1.0,0.0,0.001,1.001
6170,84.0,0.0,0.208,84.208
6171,-13.0,0.0,0.0,-13.0
6174,667.838,0.0,30.368,698.206
6175,186.544,0.0,9.429,195.973
6179,-606.532,0.0,-19.316,-625.848
6180,111.0,0.0,0.0,111.0
6182,-8917.917,0.0,-1790.304,-10708.221
6185,5.0,0.0,0.0,5.0
6186,-5.096,0.0,0.0,-5.096
6187,-335.52,131.217,32.374,-171.929
6188,-258.0,0.0,-0.413,-258.413
6190,-446.227,0.0,-19.936,-466.163
6194,7.0,0.0,0.0,7.0
6195,2.0,0.0,0.0,2.0
6199,-1089.24,0.0,-58.884,-1148.124
6203,5.0,0.0,-1.058,3.942
6204,35.249,0.0,-0.418,34.831
6207,-231.579,0.0,0.261,-231.318
6208,-11.993,0.0,-0.506,-12.499
6217,26.01,0.0,18.586,44.596
6218,-1433.178,0.0,-0.337,-1433.515
6219,6.55,0.0,0.0,6.55
6220,-22.0,0.0,0.0,-22.0
6221,-40.0,0.0,0.0,-40.0
6223,97.75,13.732,8.405,119.887
6227,-28.166,0.0,-123.216,-151.382
6228,-1.999,0.0,0.0,-1.999
6229,-5.0,0.0,0.0,-5.0
6231,14.106,0.0,4.214,18.32
6233,71.0,0.0,0.0,71.0
6234,-707.609,0.0,-23.544,-731.153
6237,-50.0,0.0,-30.0,-80.0
6240,0.0,0.0,-0.408,-0.408
6241,-11.0,0.0,0.0,-11.0
6244,-1110.902,0.0,-35.751,-1146.653
6245,72.686,0.0,32.67,105.356
6246,0.0,0.0,0.002,0.002
6248,0.0,0.0,-0.032,-0.032
6259,-48.03,0.0,1.0,-47.03
6261,-81.369,0.0,-14.883,-96.252
6263,-3.851,0.0,0.001,-3.85
6265,12.0,0.0,18.604,30.604
6266,39.0,0.0,-0.001,38.999
6270,2.0,0.0,0.617,2.617
6274,924.463,210.0,-5.806,1128.657
6275,6.951,0.0,-1.678,5.273
6279,-38.766,0.0,10.763,-28.003
6284,15.523,0.0,-3.871,11.652
6290,-319.752,0.0,-3.74,-323.492
6291,-2.684,-325.0,-21.792,-349.476
6292,-2.984,0.0,4.011,1.027
6294,0.0,0.0,0.0,0.0
6411,-63.0,0.0,0.342,-62.658
6417,-33.0,0.0,0.333,-32.667
6418,9.0,0.0,0.0,9.0
6419,-84.016,0.0,-0.606,-84.622
6423,-5.0,0.0,0.0,-5.0
6425,-0.674,0.0,-2.251,-2.925
6432,11.855,0.0,0.0,11.855
6435,-16.19,0.0,-0.68,-16.87
6441,-10.042,0.0,0.0,-10.042
6461,-17.0,0.0,0.0,-17.0
6462,9.1,0.0,3.211,12.311
6465,31.0,0.0,-4.991,26.009
6469,39.71,0.0,2.577,42.287
6470,-1.0,0.0,0.0,-1.0
6474,5.0,0.0,0.0,5.0
6482,1.0,0.0,0.0,1.0
6485,-199.265,0.0,2.192,-197.073
6486,1.0,0.0,-0.316,0.684
6488,-1301.158,-988.9,4.25,-2285.808
6492,16.49,0.0,0.0,16.49
6494,-25.011,0.0,0.0,-25.011
6496,-1.0,0.0,0.0,-1.0
6498,-39.0,0.0,-0.141,-39.141
6499,47.01,0.0,0.0,47.01
6506,-4.0,0.0,0.3,-3.7
6508,3.0,0.0,0.0,3.0
6509,-13.918,-3.0,0.287,-16.631
6510,250.943,135.0,-27.097,358.846
6516,-1.0,0.0,0.315,-0.685
6517,-23.337,0.0,3.0,-20.337
6523,-1.0,0.0,0.409,-0.591
6527,-2.0,0.0,0.0,-2.0
6530,-55.996,0.0,0.017,-55.979
6532,-350.433,0.0,-19.577,-370.01
6535,-3.705,0.0,-0.421,-4.126
6538,-1224.394,0.0,-26.011,-1250.405
6542,1.0,0.0,0.0,1.0
6546,-20.0,0.0,-0.016,-20.016
6547,-123.096,0.0,19.0,-104.096
6548,-482.669,243.0,-85.035,-324.704
6556,-1.0,0.0,-0.014,-1.014
6560,-16.0,0.0,0.0,-16.0
6561,6.0,0.0,0.577,6.577
6568,-131.875,0.0,-1.739,-133.614
6569,-9.0,0.0,5.411,-3.589
6570,-25.0,0.0,0.0,-25.0
6574,7.0,0.0,0.193,7.193
6576,-11.923,0.0,0.0,-11.923
6577,-2.0,-0.245,1.0,-1.245
6578,-1.0,0.0,0.223,-0.777
6584,7.01,0.0,0.234,7.244
6588,-67.613,0.0,0.197,-67.416
6590,-1.2,0.0,0.0,-1.2
6593,-4.0,0.0,0.0,-4.0
6596,38.0,0.0,6.0,44.0
6603,618.104,0.0,22.07,640.174
6604,-12.0,0.0,0.0,-12.0
6609,2.0,0.0,0.0,2.0
6612,-3.201,0.0,0.0,-3.201
6613,-32.568,0.0,-2.627,-35.195
6615,-1.0,0.0,0.0,-1.0
6616,0.0,0.0,0.0,0.0
6617,17.069,0.0,0.0,17.069
6620,-260.9,0.0,19.142,-241.758
6624,-3.0,0.0,0.0,-3.0
6637,15.0,0.0,-0.792,14.208
6640,-65.503,0.0,1.139,-64.364
6642,-37.0,0.0,-0.077,-37.077
6643,21.13,0.0,-14.655,6.475
6649,-4.0,0.0,0.0,-4.0
6651,-16.91,0.0,0.988,-15.922
6654,3.0,0.0,-0.787,2.213
6664,48.174,2.0,-6.713,43.461
6667,110.704,0.0,-4.895,105.809
6679,-50.0,0.0,-11.487,-61.487
6683,-24.499,14.0,12.18,1.681
6684,6.0,0.0,0.0,6.0
6690,9.314,0.0,0.596,9.91
6692,-3.0,0.0,0.0,-3.0
6693,-12.957,0.0,-10.656,-23.613
6703,0.0,-0.485,0.0,-0.485
6708,3.0,0.0,0.0,3.0
6712,-17.82,0.0,0.327,-17.493
6716,10.0,0.0,-7.472,2.528
6720,9.0,0.0,-0.101,8.899
6721,1.0,0.0,0.0,1.0
6725,-49.586,0.0,1.053,-48.533
6727,60.673,0.0,-3.476,57.197
6728,1.0,0.0,0.0,1.0
6732,-6.704,0.0,-0.125,-6.829
6733,-0.106,0.0,0.14,0.034
6735,-8.0,0.0,-0.164,-8.164
6739,6.9,0.0,2.118,9.018
6741,-111.0,0.0,0.361,-110.639
6751,-35.0,0.0,0.0,-35.0
6752,-2.0,0.0,0.0,-2.0
6761,22.01,0.0,-3.014,18.996
6763,22.0,0.0,0.0,22.0
6785,-18.0,0.0,-0.336,-18.336
6788,-89.373,0.0,13.337,-76.036
6791,1.0,0.0,0.0,1.0
6803,-8.0,0.0,0.0,-8.0
6804,-14.0,0.0,-16.0,-30.0
6811,314.451,0.0,5.037,319.488
6821,8.0,0.0,-0.023,7.977
6823,-6.0,0.0,-0.5,-6.5
6829,-123.0,0.0,-14.366,-137.366
6840,-53.271,0.0,-6.051,-59.322
6841,59.0,0.0,0.264,59.264
6859,-2.07,0.0,-0.593,-2.663
6865,-1.0,0.0,0.0,-1.0
6870,-11.964,0.0,-2.243,-14.207
6872,-2.0,0.0,0.0,-2.0
6874,-1.0,0.0,0.0,-1.0
6875,-96.0,0.0,0.0,-96.0
6877,-50.75,0.0,10.438,-40.312
6894,-15.0,0.0,0.321,-14.679
6895,0.0,0.0,0.104,0.104
6903,-28.667,0.0,-11.133,-39.8
6907,-194.993,0.0,-30.283,-225.276
6910,1.0,0.0,0.0,1.0
6913,-90.433,0.0,-8.943,-99.376
6922,-20.763,0.0,-3.101,-23.864
6925,-4.0,0.0,0.0,-4.0
6929,-1.0,0.0,0.0,-1.0
6945,-240.98,0.0,0.0,-240.98
6953,-13.935,0.0,-0.585,-14.52
6967,11.0,0.0,0.0,11.0
6968,-1.0,0.0,0.0,-1.0
6971,7.0,0.0,0.0,7.0
6982,1.0,0.0,0.0,1.0
6983,-16.94,0.0,0.697,-16.243
6986,-4.0,0.0,0.0,-4.0
6996,-11.0,0.0,0.338,-10.662
6997,0.045,0.0,0.0,0.045
7402,-12.008,0.0,-0.095,-12.103
7547,4.0,0.0,0.0,4.0
7556,-0.893,0.0,8.926,8.033
7584,1.0,0.0,0.0,1.0
7642,4.0,0.0,0.0,4.0
7703,-6.0,0.0,1.249,-4.751
7704,33.0,0.0,0.0,33.0
7709,-20.0,0.0,-0.749,-20.749
7712,-65.419,0.0,-0.77,-66.189
7714,41.0,0.0,-0.005,40.995
7715,-8.0,0.0,0.003,-7.997
7717,-62.184,0.0,-7.903,-70.087
7718,1.0,0.0,0.0,1.0
7723,8.0,0.0,-6.106,1.894
7728,-9.0,0.0,12.032,3.032
7734,3.002,0.0,2.479,5.481
7738,-2.0,0.0,0.0,-2.0
7743,-1.0,0.0,0.0,-1.0
7744,-33.951,0.0,-2.528,-36.479
7747,0.0,0.0,-87.7,-87.7
7751,33.0,2.0,0.137,35.137
7757,0.0,0.0,0.0,0.0
7770,0.0,0.0,-11.607,-11.607
7772,90.0,0.0,-0.104,89.896
7777,6.2,0.0,9.945,16.145
7792,28.782,0.0,-29.863,-1.081
7794,-3.0,0.0,0.0,-3.0
7805,18.2,0.0,1.427,19.627
7810,-8.944,0.0,0.0,-8.944
7814,1.0,0.0,-4.0,-3.0
7825,6.0,0.0,0.0,6.0
7828,2.0,0.0,1.472,3.472
7839,7.0,0.0,-3.0,4.0
7856,-2.403,0.0,-5.8,-8.203
8024,7.0,0.0,0.0,7.0
8027,48.333,0.0,-5.062,43.271
8032,1.0,0.0,0.0,1.0
8034,2.0,0.0,0.0,2.0
8038,301.0,0.0,0.0,301.0
8040,-40.889,0.0,-3.092,-43.981
8042,2289.24,0.0,72.379,2361.619
8043,18.467,0.0,44.734,63.201
8044,34.0,0.0,0.0,34.0
8047,1.0,0.0,-1.0,0.0
8048,-31.163,0.0,-4.867,-36.03
8049,-4.0,0.0,0.0,-4.0
8050,-267.0,0.0,0.565,-266.435
8054,-267.0,0.0,-0.304,-267.304
8059,13.0,0.0,0.0,13.0
8064,-153.159,0.0,4.461,-148.698
8066,4.0,0.0,0.0,4.0
8068,153.0,0.0,5.76,158.76
8069,-673.483,20.0,8.732,-644.751
8071,22.142,0.0,0.0,22.142
8074,-237.999,0.0,-16.296,-254.295
8076,-18.206,0.0,0.0,-18.206
8083,7.985,0.0,0.0,7.985
8084,4.0,0.0,0.0,4.0
8085,-27.0,0.0,0.0,-27.0
8086,2111.271,0.0,101.729,2213.0
8087,0.0,0.0,0.0,0.0
8088,-85.0,0.0,-0.675,-85.675
8089,13.0,0.0,0.0,13.0
8091,-89.797,0.0,-2.852,-92.649
8092,53.0,0.0,0.0,53.0
8093,4.0,0.0,0.0,4.0
8096,-76.297,0.0,7.822,-68.475
8097,-7.0,0.0,0.0,-7.0
8099,0.0,0.0,-0.394,-0.394
8107,3.0,0.0,0.0,3.0
8109,-17.343,-1.0,1.339,-17.004
8111,727.877,0.0,-23.813,704.064
8121,-838.945,0.0,37.317,-801.628
8147,-42.809,0.0,-6.63,-49.439
8155,-28.184,-48.0,-20.725,-96.909
8171,22.0,0.0,0.0,22.0
8176,-1.0,0.0,0.01,-0.99
8182,257.055,0.0,-3.369,253.686
8227,-60.455,0.0,-13.059,-73.514
8234,67.499,0.0,-0.745,66.754
8240,44.0,0.0,-21.528,22.472
8255,-55.445,0.0,-2.085,-57.53
8277,-3.0,0.0,0.0,-3.0
8279,-5.0,0.0,0.0,-5.0
8284,0.0,0.0,-0.152,-0.152
8289,423.13,0.0,30.162,453.292
8291,-3.0,0.0,0.0,-3.0
8299,-247.828,28.159,1.364,-218.305
8342,-1.0,0.0,0.0,-1.0
8349,-1.578,0.0,0.0,-1.578
8354,-1.0,0.0,-4.0,-5.0
8358,-308.617,-1.0,962.693,653.076
8383,-102.805,0.0,1.583,-101.222
8390,-48.0,0.0,-4.676,-52.676
8401,-4.0,0.0,0.0,-4.0
8403,38.0,0.0,2.0,40.0
8410,10.0,0.0,0.369,10.369
8415,-5.0,0.0,0.0,-5.0
8421,-6.0,0.0,0.0,-6.0
8423,1.0,0.0,0.0,1.0
8424,2.0,0.0,0.0,2.0
8426,0.0,0.0,0.0,0.0
8431,-342.083,0.0,-28.992,-371.075
8432,0.0,0.0,-0.003,-0.003
8435,0.0,0.0,0.45,0.45
8436,-27.0,0.0,31.764,4.764
8437,-8.0,0.0,0.0,-8.0
8440,0.0,0.0,0.0,0.0
8446,6.0,0.0,0.0,6.0
8450,1.0,0.0,0.0,1.0
8477,-4.0,0.0,0.0,-4.0
8489,-12.0,0.0,0.324,-11.676
8905,1.0,0.0,0.0,1.0
8908,2.0,0.0,0.0,2.0
8916,-12.0,0.0,0.378,-11.622
8924,-5.0,-1.026,-0.413,-6.439
8927,-31.0,0.0,0.0,-31.0
8928,-2.0,0.0,0.0,-2.0
8929,6.0,0.0,0.0,6.0
8931,5.0,0.0,0.0,5.0
8932,595.78,0.0,54.906,650.686
8933,4.0,0.0,0.0,4.0
8935,6.0,0.0,0.0,6.0
8936,293.564,0.0,559.52,853.084
8937,-7.0,0.0,0.0,-7.0
8938,1.0,-1.977,-0.02,-0.997
8941,-1.0,0.0,0.0,-1.0
8942,-26.0,0.0,0.0,-26.0
9951,2.0,0.0,0.0,2.0
9960,0.0,0.0,0.0,0.0
9962,1.0,0.0,0.0,1.0
