rank,code,name,industry,close,chg,turnover,pe,rev_yoy,rev_yoy_3m,foreign_20d,hi52_dist,tpl,rs
1,2330,台積電,半導體業,2550.0,-1.35,535.6,29.96,53.32,50.88,-24189,-1.5,True,71.0
2,2454,聯發科,半導體業,4690.0,-3.0,383.2,79.85,44.08,19.67,-2926,-14.4,True,95.0
3,2303,聯電,半導體業,147.5,-0.67,266.3,22.33,30.71,25.63,-42154,-20.5,True,90.0
4,2327,國巨*,電子零組件業,635.0,-1.85,251.6,43.57,51.8,49.81,-14131,-48.0,False,83.0
5,2308,台達電,電子零組件業,1965.0,-1.26,222.4,63.34,34.95,46.03,-5671,-24.0,False,65.0
6,2408,南亞科,半導體業,532.0,3.5,220.1,19.95,560.85,619.03,5138,-6.5,True,94.0
7,2409,友達,光電業,36.6,-3.56,197.5,158.13,-5.86,-4.25,-89920,-16.0,True,92.0
8,1303,南亞,塑膠工業,310.0,-1.27,186.7,50.65,46.75,41.02,-14825,-3.7,True,98.0
9,3189,景碩,半導體業,1075.0,-2.27,177.4,204.08,40.58,40.29,28738,-6.5,True,96.0
10,3037,欣興,電子零組件業,1270.0,-2.68,167.4,86.88,56.26,45.42,34719,-10.6,True,94.0
11,4958,臻鼎-KY,電子零組件業,592.0,-0.5,167.1,70.41,41.05,,10424,-10.2,True,91.0
12,2344,華邦電,半導體業,177.0,-1.39,145.5,19.79,289.43,279.21,653,-24.2,True,86.0
13,6274,台燿,電子零組件業,1740.0,1.16,145.4,87.35,132.48,122.93,5506,-9.4,True,91.0
14,3105,穩懋,半導體業,581.0,-1.19,145.4,69.1,30.55,30.56,48321,-8.8,False,88.0
15,8046,南電,電子零組件業,1475.0,-0.34,141.0,173.91,40.59,49.55,15967,-5.4,True,94.0
16,6488,環球晶,半導體業,1130.0,-7.0,136.6,58.98,7.61,4.69,-13065,-29.4,False,91.0
17,3008,大立光,光電業,6660.0,-2.7,133.9,36.41,-16.23,-11.4,-2851,-16.7,True,97.0
18,2492,華新科,電子零組件業,420.0,-1.87,127.7,48.09,45.54,37.78,5326,-34.9,False,95.0
19,2383,台光電,電子零組件業,6000.0,0.84,120.8,93.04,129.85,142.7,1626,-7.3,True,89.0
20,3443,創意,半導體業,8360.0,-1.18,114.3,216.87,111.02,122.39,-304,-4.5,True,98.0
21,6213,聯茂,電子零組件業,806.0,1.26,112.8,123.41,97.93,101.84,3458,-1.5,True,98.0
22,2368,金像電,電子零組件業,1285.0,3.21,109.4,44.69,76.39,77.33,-19015,-18.7,False,77.0
23,3481,群創,光電業,51.0,-2.86,106.8,67.31,0.02,5.11,40777,-29.8,False,76.0
24,3661,世芯-KY,半導體業,4345.0,3.7,103.5,61.45,273.61,,428,-23.0,False,80.0
25,3711,日月光投控,半導體業,744.0,1.64,102.4,52.97,45.66,40.55,41419,-1.8,True,90.0
26,3017,奇鋐,電腦及週邊設備業,3440.0,-2.96,101.2,47.25,54.34,52.21,-662,-7.0,True,91.0
27,3081,聯亞,通信網路業,2960.0,-5.73,97.8,270.22,180.9,182.53,-6246,-17.8,True,93.0
28,6147,頎邦,半導體業,226.0,-2.38,95.9,55.92,43.61,36.91,2901,-27.9,False,92.0
29,6182,合晶,半導體業,129.0,-4.44,91.9,586.96,19.97,17.65,-4443,-33.7,False,96.0
30,3026,禾伸堂,電子零組件業,877.0,4.53,88.7,81.85,33.22,32.45,-7041,-16.1,True,98.0
31,3665,貿聯-KY,其他電子業,2360.0,1.94,86.9,42.51,53.99,,1761,-21.6,True,80.0
32,2317,鴻海,其他電子業,249.0,-1.19,85.8,16.61,51.98,48.19,-43620,-20.7,False,68.0
33,6770,力積電,半導體業,72.2,-0.55,83.8,24.2,76.19,71.83,92686,-23.6,True,66.0
34,2345,智邦,通信網路業,2070.0,2.73,83.3,31.66,59.42,65.74,2017,-26.7,False,41.0
35,2449,京元電子,半導體業,304.5,1.67,80.1,39.25,31.58,30.92,12438,-17.1,False,53.0
36,8358,金居,電子零組件業,535.0,-2.55,78.3,81.82,59.71,52.64,-9396,-29.4,False,87.0
37,3653,健策,電子零組件業,7165.0,5.29,77.8,153.58,90.9,87.27,-979,-3.7,True,97.0
38,6669,緯穎,電腦及週邊設備業,2240.0,0.0,77.4,7.18,50.36,63.18,-5372,-22.1,True,91.0
39,3231,緯創,電腦及週邊設備業,188.5,1.89,75.0,14.69,166.48,104.81,-41294,-8.5,True,87.0
40,8299,群聯,半導體業,2060.0,0.0,68.8,9.44,376.52,374.77,1466,-28.5,False,55.0
41,1815,富喬,電子零組件業,135.0,1.89,68.6,38.41,79.21,76.48,-78343,-4.6,True,87.0
42,8039,台虹,電子零組件業,305.5,0.33,63.7,96.67,-13.83,-12.96,-11966,-16.1,True,98.0
43,8150,南茂,半導體業,128.0,-0.39,61.7,40.03,33.27,36.87,70181,-3.8,True,91.0
44,2059,川湖,電子零組件業,10615.0,-9.97,61.0,65.0,344.42,298.72,-227,-29.6,False,96.0
45,2481,強茂,半導體業,172.5,-3.36,61.0,47.35,29.82,29.38,5994,-25.8,False,68.0
46,3406,玉晶光,光電業,1060.0,-2.3,60.6,29.36,0.72,0.96,-8822,-7.0,True,96.0
47,3324,雙鴻,其他電子業,1520.0,-0.33,59.2,35.17,67.18,69.03,-4837,-13.1,True,93.0
48,2360,致茂,其他電子業,2330.0,-2.92,58.0,61.22,156.3,179.33,3677,-16.6,True,84.0
49,7769,鴻勁,半導體業,5925.0,0.68,56.4,60.76,91.58,97.54,-461,-30.0,,69.0
50,2313,華通,電子零組件業,248.0,0.81,56.1,39.61,6.87,12.62,9865,-18.8,False,55.0
