code,name,industry,is_fin,cap_e8,rev_cagr3,roe3_avg,roe_min_year,rank_cagr,rank_roe,rank_sum
2330,台積電,半導體業,False,670352.0,29.6,28.4,24.7,23.0,16.0,39.0
2454,聯發科,半導體業,False,78964.0,12.7,24.7,21.0,40.0,22.0,62.0
2308,台達電,電子零組件業,False,53250.0,19.3,18.8,16.3,30.0,29.0,59.0
2317,鴻海,其他電子業,False,36034.0,15.7,10.3,8.9,34.0,61.0,95.0
3711,日月光投控,半導體業,False,33261.0,7.5,11.7,10.8,55.5,54.0,109.5
1303,南亞,塑膠工業,False,23237.0,2.6,2.0,0.8,66.0,81.0,147.0
2881,富邦金,金融保險業,True,21641.0,46.6,11.2,3.2,,,
3037,欣興,電子零組件業,False,21501.0,10.2,9.7,4.4,47.0,64.0,111.0
2383,台光電,電子零組件業,False,21481.0,61.4,28.8,19.8,5.0,15.0,20.0
2303,聯電,半導體業,False,18541.0,2.5,14.3,12.1,67.0,45.0,112.0
2408,南亞科,半導體業,False,18114.0,105.5,14.9,14.9,1.0,42.5,43.5
2882,國泰金,金融保險業,True,16430.0,7.7,9.7,4.1,,,
3017,奇鋐,電腦及週邊設備業,False,14470.0,51.6,33.5,23.9,11.0,8.0,19.0
2382,廣達,電腦及週邊設備業,False,13699.0,44.5,29.0,21.1,14.0,13.0,27.0
2891,中信金,金融保險業,True,13458.0,35.1,13.8,9.7,,,
2327,國巨*,電子零組件業,False,12867.0,14.0,13.5,13.0,36.5,49.0,85.5
6669,緯穎,電腦及週邊設備業,False,12829.0,61.0,33.3,29.6,6.0,9.0,15.0
2059,川湖,電子零組件業,False,12484.0,80.1,27.4,20.2,2.0,19.0,21.0
2345,智邦,通信網路業,False,11503.0,59.6,39.3,34.8,8.0,6.0,14.0
2412,中華電,通信網路業,False,11287.0,4.2,9.9,9.7,64.0,62.5,126.5
3443,創意,半導體業,False,11223.0,24.0,34.0,31.2,26.0,7.0,33.0
7769,鴻勁,半導體業,False,10625.0,,31.6,30.3,,10.0,
3653,健策,電子零組件業,False,10422.0,27.5,24.4,22.1,25.0,23.0,48.0
2887,台新新光金,金融保險業,True,10410.0,41.7,8.0,7.4,,,
2360,致茂,其他電子業,False,9993.0,32.4,27.2,19.3,21.0,20.0,41.0
8046,南電,電子零組件業,False,9725.0,-1.8,7.3,1.1,73.0,69.0,142.0
6505,台塑化,油電燃氣業,False,9669.0,-1.5,4.4,1.9,72.0,75.0,147.0
2885,元大金,金融保險業,True,9608.0,26.4,10.4,9.2,,,
3008,大立光,光電業,False,8966.0,11.6,12.3,11.7,44.0,51.5,95.5
2884,玉山金,金融保險業,True,8055.0,19.7,10.7,8.7,,,
2344,華邦電,半導體業,False,7988.0,35.1,4.9,0.7,19.0,73.0,92.0
5274,信驊,半導體業,False,7895.0,54.7,49.2,34.1,10.0,5.0,15.0
2357,華碩,電腦及週邊設備業,False,7428.0,23.0,11.2,2.2,27.0,56.0,83.0
2886,兆豐金,金融保險業,True,7313.0,9.2,9.3,9.0,,,
2301,光寶科,電腦及週邊設備業,False,6925.0,7.5,16.5,15.1,55.5,36.0,91.5
2890,永豐金,金融保險業,True,6711.0,25.6,11.0,10.4,,,
2368,金像電,電子零組件業,False,6589.0,42.0,27.6,24.6,15.0,18.0,33.0
4958,臻鼎-KY,電子零組件業,False,6506.0,,7.6,6.3,,67.5,
2395,研華,電腦及週邊設備業,False,6414.0,10.8,21.1,19.4,46.0,27.0,73.0
2883,凱基金,金融保險業,True,6391.0,44.7,8.5,5.5,,,
2880,華南金,金融保險業,True,6389.0,11.6,10.7,10.4,,,
3231,緯創,電腦及週邊設備業,False,6026.0,55.3,13.8,11.7,9.0,47.0,56.0
6488,環球晶,半導體業,False,5761.0,-6.2,16.3,7.7,78.0,37.0,115.0
3189,景碩,半導體業,False,5638.0,15.5,2.5,0.8,35.0,80.0,115.0
6223,旺矽,半導體業,False,5556.0,32.3,22.2,17.7,22.0,26.0,48.0
2892,第一金,金融保險業,True,5543.0,6.8,9.4,9.1,,,
6274,台燿,電子零組件業,False,5256.0,45.2,16.2,6.2,13.0,38.0,51.0
2603,長榮,航運業,False,5120.0,5.6,17.3,12.2,61.5,32.0,93.5
6446,藥華藥,生技醫療業,False,4964.0,77.7,11.6,4.0,3.0,55.0,58.0
3665,貿聯-KY,其他電子業,False,4640.0,,14.2,10.3,,46.0,
8299,群聯,半導體業,False,4622.0,63.2,14.5,5.0,4.0,44.0,48.0
3045,台灣大,通信網路業,False,4580.0,4.5,16.8,16.1,63.0,34.0,97.0
1301,台塑,塑膠工業,False,4367.0,-5.2,1.3,0.6,77.0,83.0,160.0
1326,台化,塑膠工業,False,4279.0,-1.2,1.5,0.3,70.5,82.0,152.5
1216,統一,食品工業,False,4188.0,7.6,15.1,14.7,54.0,40.0,94.0
5880,合庫金,金融保險業,True,4171.0,7.4,7.7,7.4,,,
3481,群創,光電業,False,4082.0,6.3,3.1,1.9,59.5,77.5,137.0
2379,瑞昱,半導體業,False,3892.0,12.6,28.9,23.8,41.0,14.0,55.0
2449,京元電子,半導體業,False,3826.0,8.4,18.5,15.5,51.0,30.0,81.0
4904,遠傳,通信網路業,False,3770.0,8.9,14.9,14.2,50.0,42.5,92.5
3661,世芯-KY,半導體業,False,3608.0,,15.3,13.7,,39.0,
5347,世界,半導體業,False,3588.0,12.2,15.0,12.4,42.0,41.0,83.0
6770,力積電,半導體業,False,3501.0,7.0,6.8,2.5,57.0,70.0,127.0
2801,彰銀,金融保險業,True,3304.0,9.7,7.5,6.9,,,
3034,聯詠,半導體業,False,3268.0,0.4,30.8,24.2,69.0,11.0,80.0
2615,萬海,航運業,False,3129.0,8.3,11.8,4.8,52.0,53.0,105.0
2313,華通,電子零組件業,False,3109.0,6.3,13.2,12.3,59.5,50.0,109.5
3044,健鼎,電子零組件業,False,3043.0,16.0,17.1,13.6,33.0,33.0,66.0
2002,中鋼,鋼鐵工業,False,2982.0,-4.3,0.8,0.8,76.0,85.0,161.0
3081,聯亞,通信網路業,False,2975.0,35.7,8.7,3.3,18.0,65.0,83.0
2207,和泰車,汽車工業,False,2869.0,4.1,26.1,14.9,65.0,21.0,86.0
6213,聯茂,電子零組件業,False,2862.0,19.0,5.2,3.6,31.0,72.0,103.0
2409,友達,光電業,False,2826.0,6.7,3.1,2.9,58.0,77.5,135.5
3036,文曄,電子通路業,False,2732.0,51.1,9.9,6.3,12.0,62.5,74.5
2376,技嘉,電腦及週邊設備業,False,2546.0,60.1,18.1,13.0,7.0,31.0,38.0
2404,漢唐,其他電子業,False,2544.0,13.1,50.5,43.8,39.0,4.0,43.0
3105,穩懋,半導體業,False,2510.0,11.9,3.0,2.2,43.0,79.0,122.0
1519,華城,電機機械,False,2418.0,32.9,50.8,34.5,20.0,3.0,23.0
4938,和碩,電腦及週邊設備業,False,2408.0,-3.9,8.0,6.5,74.5,66.0,140.5
5876,上海商銀,金融保險業,True,2396.0,3.5,7.5,7.0,,,
1590,亞德客-KY,電機機械,False,2390.0,,16.7,15.8,,35.0,
2337,旺宏,半導體業,False,2368.0,19.9,10.9,5.7,29.0,58.0,87.0
6239,力成,半導體業,False,2357.0,8.2,12.3,10.4,53.0,51.5,104.5
3529,力旺,半導體業,False,2326.0,13.6,55.2,54.0,38.0,2.0,40.0
2618,長榮航,航運業,False,2244.0,11.0,20.9,14.5,45.0,28.0,73.0
6515,穎崴,半導體業,False,2234.0,36.8,23.4,17.7,16.0,24.0,40.0
3293,鈊象,文化創意業,False,2198.0,22.7,68.7,64.0,28.0,1.0,29.0
2912,統一超,貿易百貨業,False,2188.0,5.6,28.1,26.6,61.5,17.0,78.5
2356,英業達,電腦及週邊設備業,False,2102.0,18.6,11.1,9.4,32.0,57.0,89.0
3533,嘉澤,電子零組件業,False,2099.0,14.0,22.8,21.4,36.5,25.0,61.5
3702,大聯大,電子通路業,False,2084.0,28.4,10.7,8.4,24.0,59.0,83.0
2609,陽明,航運業,False,2067.0,-1.2,10.5,5.6,70.5,60.0,130.5
1101,台泥,水泥工業,False,1896.0,9.7,3.7,3.5,48.0,76.0,124.0
2492,華新科,電子零組件業,False,1890.0,9.3,4.7,2.9,49.0,74.0,123.0
6139,亞翔,其他電子業,False,1873.0,36.6,30.3,17.5,17.0,12.0,29.0
5871,中租-KY,其他業,False,1833.0,,13.7,10.8,,48.0,
3532,台勝科,半導體業,False,1811.0,-3.9,7.6,2.2,74.5,67.5,142.0
2834,臺企銀,金融保險業,True,1804.0,4.9,8.8,8.5,,,
6415,矽力*-KY,半導體業,False,1755.0,,5.8,3.4,,71.0,
1802,台玻,玻璃陶瓷,False,1739.0,1.2,1.2,0.9,68.0,84.0,152.0
