code,market,price,shares,amount,bid,ask
00400A,TWSE,16.47,30611.0,504093.0,16.46,16.47
00401A,TWSE,14.7,136.0,1999.0,14.69,14.7
00402A,TWSE,10.36,1443.0,14947.0,10.36,10.37
00403A,TWSE,11.37,14236.0,161823.0,11.36,11.37
00404A,TWSE,10.09,555.0,5596.0,10.08,10.09
00405A,TWSE,9.66,7143.0,68987.0,9.66,9.68
00406A,TWSE,10.24,54735.0,560404.0,10.23,10.24
00407A,TWSE,10.65,2579.0,27463.0,10.63,10.65
00408A,TWSE,11.05,660.0,7291.0,11.04,11.05
00409A,TWSE,10.43,480.0,5005.0,10.43,10.45
00410A,TWSE,13.15,5.0,65.0,13.1,13.15
0050,TWSE,116.25,54269.0,6308540.0,116.25,116.3
0051,TWSE,153.0,169.0,25857.0,153.0,153.05
0052,TWSE,67.85,7159.0,485702.0,67.85,67.9
0053,TWSE,262.0,209.0,54758.0,262.0,262.9
0055,TWSE,49.8,1692.0,84257.0,49.8,49.82
0056,TWSE,58.55,29172.0,1707911.0,58.5,58.55
0057,TWSE,343.35,14.0,4805.0,341.25,343.35
0061,TWSE,,0.0,0.0,23.06,23.15
006203,TWSE,208.5,11.0,2293.0,208.5,210.3
006204,TWSE,248.65,8.0,1989.0,245.95,248.65
006205,TWSE,39.06,36.0,1406.0,39.05,39.06
006206,TWSE,36.26,2.0,72.0,36.26,36.65
006207,TWSE,,0.0,0.0,30.55,30.75
006208,TWSE,265.65,3989.0,1059627.0,265.6,265.65
00625K,TWSE,,0.0,0.0,,
00631L,TWSE,41.8,10547.0,440842.0,41.8,41.81
00632R,TWSE,9.15,6926.0,63363.0,9.15,9.16
00633L,TWSE,43.74,23.0,1006.0,43.64,43.74
00634R,TWSE,3.25,30.0,97.0,3.25,3.29
00635U,TWSE,42.62,1451.0,61833.0,42.62,42.66
00636,TWSE,,0.0,0.0,26.2,26.25
00636K,TWSE,,0.0,0.0,,
00637L,TWSE,18.06,176.0,3178.0,18.06,18.1
00638R,TWSE,,0.0,0.0,6.91,7.27
00639,TWSE,,0.0,0.0,15.01,15.1
00640L,TWSE,112.25,100.0,11224.0,112.25,113.15
00641R,TWSE,,0.0,0.0,3.58,3.63
00642U,TWSE,,0.0,0.0,31.0,31.05
00643,TWSE,,0.0,0.0,16.95,17.1
00643K,TWSE,,0.0,0.0,,
00645,TWSE,59.05,79.0,4663.0,59.0,59.05
00646,TWSE,78.15,2028.0,158478.0,78.15,78.2
00647L,TWSE,,0.0,0.0,142.9,8888.0
00648R,TWSE,,0.0,0.0,3.83,3.87
00650L,TWSE,15.4,6.0,92.0,15.4,15.5
00651R,TWSE,,0.0,0.0,5.32,5.45
00652,TWSE,,0.0,0.0,30.99,33.12
00653L,TWSE,,0.0,0.0,40.74,43.58
00654R,TWSE,,0.0,0.0,6.91,7.69
00655L,TWSE,,0.0,0.0,30.26,30.45
00656R,TWSE,,0.0,0.0,6.12,6.18
00657,TWSE,83.1,11.0,914.0,82.6,83.1
00657K,TWSE,,0.0,0.0,,
00660,TWSE,,0.0,0.0,45.44,45.6
00661,TWSE,90.95,345.0,31375.0,90.7,90.95
00662,TWSE,127.6,1051.0,134098.0,127.55,127.6
00663L,TWSE,121.3,34.0,4122.0,121.3,121.4
00664R,TWSE,,0.0,0.0,1.48,1.5
00665L,TWSE,8.55,20.0,171.0,8.55,8.59
00666R,TWSE,,0.0,0.0,9.32,9.45
00668,TWSE,60.1,16.0,961.0,60.1,60.2
00668K,TWSE,,0.0,0.0,,
00669R,TWSE,,0.0,0.0,5.35,5.39
00670L,TWSE,221.3,612.0,135432.0,221.3,222.3
00671R,TWSE,,0.0,0.0,2.28,2.3
00673R,TWSE,,0.0,0.0,10.77,10.81
00674R,TWSE,29.6,50.0,1480.0,29.31,29.65
00675L,TWSE,367.5,18.0,6615.0,366.55,367.5
00676R,TWSE,5.05,30.0,151.0,5.05,5.1
00678,TWSE,41.93,41.0,1719.0,41.93,42.05
00680L,TWSE,,0.0,0.0,5.6,
00681R,TWSE,,0.0,0.0,23.11,23.28
00682U,TWSE,,0.0,0.0,20.4,
00683L,TWSE,,0.0,0.0,22.47,23.0
00684R,TWSE,,0.0,0.0,14.67,15.0
00685L,TWSE,13.85,13736.0,190215.0,13.85,13.86
00686R,TWSE,,0.0,0.0,0.9,0.91
00688L,TWSE,,0.0,0.0,5.58,5.6
00689R,TWSE,,0.0,0.0,24.22,24.45
00690,TWSE,85.3,561.0,47847.0,85.25,85.3
00692,TWSE,99.7,1308.0,130400.0,99.7,99.8
00693U,TWSE,23.82,15.0,357.0,23.75,23.82
00700,TWSE,,0.0,0.0,16.6,16.7
00701,TWSE,41.56,100.0,4155.0,41.55,41.56
00702,TWSE,,0.0,0.0,23.25,23.4
00703,TWSE,,0.0,0.0,18.49,18.6
00706L,TWSE,18.98,307.0,5824.0,18.92,18.98
00707R,TWSE,,0.0,0.0,31.14,
00708L,TWSE,70.75,32.0,2263.0,70.75,70.95
00709,TWSE,38.45,100.0,3844.0,38.44,38.45
00710B,TWSE,,0.0,0.0,18.49,18.59
00711B,TWSE,,0.0,0.0,14.5,14.63
00712,TWSE,7.08,32317.0,228761.0,7.07,7.08
00713,TWSE,63.25,7072.0,447281.0,63.25,63.3
00714,TWSE,20.3,280.0,5684.0,20.3,20.4
00715L,TWSE,69.95,862.0,60295.0,69.75,69.95
00717,TWSE,,0.0,0.0,14.5,15.0
00728,TWSE,71.6,317.0,22693.0,71.5,71.6
00730,TWSE,30.17,5.0,150.0,30.03,30.17
00731,TWSE,99.35,50.0,4967.0,99.35,99.5
00733,TWSE,78.35,1780.0,139452.0,78.3,78.35
00735,TWSE,111.15,1434.0,159375.0,110.7,111.15
00736,TWSE,32.09,108.0,3464.0,32.09,32.14
00737,TWSE,,0.0,0.0,42.13,42.19
00738U,TWSE,48.07,205.0,9851.0,48.07,48.15
00739,TWSE,,0.0,0.0,26.13,26.4
00752,TWSE,22.09,200.0,4416.0,22.09,22.1
00753L,TWSE,8.43,600.0,5056.0,8.43,8.46
00757,TWSE,146.0,392.0,57232.0,145.9,146.0
00762,TWSE,122.65,194.0,23791.0,122.45,122.65
00763U,TWSE,,0.0,0.0,34.7,34.8
00770,TWSE,67.3,603.0,40577.0,67.3,67.55
00771,TWSE,14.85,5.0,74.0,14.8,14.85
00775B,TWSE,,0.0,0.0,29.26,29.55
00783,TWSE,26.85,370.0,9934.0,26.55,26.85
00830,TWSE,92.65,2976.0,275701.0,92.65,92.7
00850,TWSE,99.0,2304.0,228096.0,98.9,99.0
00851,TWSE,75.0,98.0,7350.0,74.75,75.0
00852L,TWSE,32.9,338.0,11119.0,32.9,32.97
00861,TWSE,91.95,214.0,19676.0,91.85,91.95
00865B,TWSE,49.01,596.0,29209.0,48.95,49.01
00875,TWSE,59.9,192.0,11498.0,59.85,59.9
00876,TWSE,95.3,1032.0,98347.0,95.3,95.6
00878,TWSE,35.26,12219.0,430790.0,35.26,35.27
00881,TWSE,54.1,3584.0,193878.0,54.1,54.15
00882,TWSE,14.85,1339.0,19881.0,14.84,14.85
00885,TWSE,17.76,460.0,8165.0,17.75,17.76
00891,TWSE,38.65,2110.0,81545.0,38.63,38.65
00892,TWSE,43.63,929.0,40528.0,43.6,43.63
00893,TWSE,47.8,701.0,33506.0,47.8,47.87
00894,TWSE,52.4,1003.0,52551.0,52.35,52.4
00895,TWSE,53.85,438.0,23583.0,53.8,53.85
00896,TWSE,28.66,1599.0,45827.0,28.66,28.67
00897,TWSE,13.6,368.0,5004.0,13.58,13.6
00898,TWSE,11.69,730.0,8532.0,11.69,12.0
00899,TWSE,21.86,55.0,1202.0,21.86,22.07
00900,TWSE,19.7,4692.0,92423.0,19.7,19.77
00901,TWSE,49.5,40.0,1980.0,49.5,50.0
00902,TWSE,13.15,100.0,1315.0,13.09,13.15
00903,TWSE,22.38,311.0,6957.0,22.37,22.38
00904,TWSE,44.75,57.0,2549.0,44.75,44.8
00905,TWSE,28.6,925.0,26455.0,28.57,28.6
00907,TWSE,17.83,2065.0,36816.0,17.83,17.9
00908,TWSE,,0.0,0.0,14.32,14.66
00909,TWSE,47.62,1036.0,49332.0,47.62,47.7
00910,TWSE,57.65,814.0,46917.0,57.6,57.65
00911,TWSE,58.7,247.0,14494.0,58.6,58.7
00912,TWSE,37.35,61.0,2278.0,37.28,37.35
00913,TWSE,54.1,580.0,31374.0,54.1,54.25
00915,TWSE,33.03,1215.0,40128.0,33.03,33.05
00916,TWSE,27.2,125.0,3399.0,27.18,27.2
00917,TWSE,22.26,100.0,2225.0,22.26,22.3
00918,TWSE,34.17,9143.0,312391.0,34.16,34.17
00919,TWSE,31.96,18429.0,588910.0,31.96,31.97
00920,TWSE,25.65,238.0,6104.0,25.65,25.8
00921,TWSE,24.27,526.0,12764.0,24.27,24.28
00922,TWSE,45.25,4053.0,183387.0,45.24,45.25
00923,TWSE,42.95,1151.0,49427.0,42.94,42.95
00924,TWSE,34.67,219.0,7591.0,34.67,34.7
00926,TWSE,,0.0,0.0,27.1,27.15
00927,TWSE,40.55,20830.0,844607.0,40.55,40.57
00929,TWSE,30.16,7841.0,236463.0,30.15,30.16
00930,TWSE,24.03,346.0,8312.0,23.99,24.03
00932,TWSE,17.64,197.0,3475.0,17.64,17.7
00934,TWSE,30.1,100.0,3010.0,30.1,30.2
00935,TWSE,63.0,4699.0,296037.0,62.95,63.0
00936,TWSE,,0.0,0.0,21.71,21.74
00938,TWSE,,0.0,0.0,27.3,27.4
00939,TWSE,24.13,749.0,18071.0,24.13,24.14
00940,TWSE,13.26,1257.0,16662.0,13.25,13.26
00941,TWSE,26.76,1689.0,45192.0,26.76,26.8
00943,TWSE,21.35,558.0,11911.0,21.33,21.35
00944,TWSE,,0.0,0.0,22.41,22.45
00945B,TWSE,14.25,200.0,2849.0,14.25,14.26
00946,TWSE,15.45,5.0,77.0,15.4,15.45
00947,TWSE,41.12,1688.0,69404.0,41.05,41.12
00949,TWSE,22.48,115.0,2582.0,22.48,22.56
00951,TWSE,19.55,904.0,17671.0,19.55,19.6
00952,TWSE,18.68,788.0,14714.0,18.68,18.7
00953B,TWSE,9.45,6347.0,59969.0,9.44,9.45
00954,TWSE,,0.0,0.0,20.82,20.9
00956,TWSE,,0.0,0.0,13.28,13.4
00960,TWSE,22.44,638.0,14313.0,22.44,22.55
00961,TWSE,13.2,822.0,10845.0,13.2,13.25
00962,TWSE,15.36,66.0,1013.0,15.35,15.36
00963,TWSE,,0.0,0.0,12.54,13.0
00964,TWSE,,0.0,0.0,14.9,15.34
00965,TWSE,25.4,399.0,10132.0,25.37,25.4
00971,TWSE,18.2,191.0,3476.0,18.1,18.2
00972,TWSE,,0.0,0.0,21.5,22.92
009800,TWSE,13.81,411.0,5674.0,13.75,13.81
009801,TWSE,12.18,225.0,2739.0,12.18,12.5
009802,TWSE,20.55,1141.0,23445.0,20.54,20.55
009803,TWSE,22.43,500.0,11213.0,22.43,22.45
009804,TWSE,24.8,1509.0,37420.0,24.76,24.8
009805,TWSE,15.55,915.0,14220.0,15.55,15.56
009808,TWSE,,0.0,0.0,32.95,33.05
009809,TWSE,,0.0,0.0,18.97,19.05
00980A,TWSE,26.71,690.0,18422.0,26.7,26.71
009810,TWSE,,0.0,0.0,21.73,21.75
009811,TWSE,13.77,821.0,11302.0,13.73,13.77
009812,TWSE,13.29,210.0,2790.0,13.29,
009813,TWSE,11.75,1446.0,16987.0,11.74,11.75
009816,TWSE,17.07,15968.0,272540.0,17.06,17.07
009817,TWSE,,0.0,0.0,8.52,8.53
009818,TWSE,21.56,400.0,8624.0,21.56,21.8
009819,TWSE,10.14,948.0,9608.0,10.14,10.15
00981A,TWSE,32.3,30201.0,975400.0,32.29,32.3
00981T,TWSE,,0.0,0.0,11.69,11.75
009820,TWSE,10.83,598.0,6475.0,10.79,10.83
009821,TWSE,13.27,1125.0,14923.0,13.27,13.8
009824,TWSE,10.86,563.0,6113.0,10.85,10.86
009826,TWSE,10.15,3910.0,39681.0,10.15,10.18
009827,TWSE,,0.0,0.0,10.96,999.0
009828,TWSE,11.34,7264.0,82358.0,11.33,11.34
009829,TWSE,10.89,3071.0,33436.0,10.88,10.89
00982A,TWSE,24.52,6500.0,159360.0,24.51,24.52
00982D,TWSE,9.28,532.0,4936.0,9.27,9.28
00982T,TWSE,,0.0,0.0,15.51,15.7
00983A,TWSE,13.33,167.0,2226.0,13.33,13.35
00983D,TWSE,,0.0,0.0,9.54,
00984A,TWSE,16.32,5518.0,90042.0,16.31,16.32
00984D,TWSE,9.63,1816.0,17484.0,9.63,9.65
00985A,TWSE,24.5,30140.0,738407.0,24.49,24.5
00985B,TWSE,10.02,465.0,4657.0,10.0,10.02
00986A,TWSE,,0.0,0.0,15.19,15.29
00987A,TWSE,18.0,489.0,8802.0,17.95,18.0
00988A,TWSE,17.59,7489.0,131704.0,17.59,17.6
00989A,TWSE,,0.0,0.0,18.38,18.4
00990A,TWSE,16.77,1327.0,22246.0,16.77,16.78
00991A,TWSE,19.2,9618.0,184647.0,19.2,19.21
00991B,TWSE,,0.0,0.0,14.2,
00992A,TWSE,20.14,12890.0,259576.0,20.13,20.14
00993A,TWSE,14.62,440.0,6431.0,14.61,14.62
00994A,TWSE,18.2,355.0,6459.0,18.18,18.2
00995A,TWSE,18.66,1017.0,18972.0,18.65,18.66
00996A,TWSE,15.43,3016.0,46527.0,15.42,15.43
00997A,TWSE,12.03,773.0,9297.0,12.01,12.03
00999A,TWSE,11.62,1504.0,17471.0,11.62,11.63
01001T,TWSE,,0.0,0.0,10.9,11.1
01002T,TWSE,,0.0,0.0,12.38,13.7
01004T,TWSE,,0.0,0.0,9.88,10.05
01007T,TWSE,,0.0,0.0,11.16,11.25
01009T,TWSE,,0.0,0.0,5.4,
01010T,TWSE,,0.0,0.0,10.02,10.05
1101,TWSE,25.45,10444.0,265774.0,25.45,25.5
1101B,TWSE,,0.0,0.0,43.15,43.4
1102,TWSE,35.8,2176.0,77897.0,35.8,35.9
1103,TWSE,13.05,531.0,6927.0,13.05,13.1
1104,TWSE,26.85,804.0,21584.0,26.85,26.9
1108,TWSE,,0.0,0.0,11.15,11.25
1109,TWSE,,0.0,0.0,13.3,13.35
1110,TWSE,14.35,283.0,4059.0,14.35,14.45
1201,TWSE,11.4,732.0,8342.0,11.4,11.45
1203,TWSE,43.15,300.0,12944.0,43.0,43.15
1210,TWSE,51.3,2280.0,116958.0,51.3,51.4
1213,TWSE,,0.0,0.0,7.07,7.92
1215,TWSE,106.0,1095.0,116070.0,105.5,106.0
1216,TWSE,75.3,4565.0,343724.0,75.2,75.3
1217,TWSE,9.86,781.0,7694.0,9.86,9.87
1218,TWSE,14.45,208.0,3003.0,14.45,14.5
1219,TWSE,11.2,2.0,22.0,11.2,11.25
1220,TWSE,10.95,101.0,1105.0,10.9,10.95
1225,TWSE,,0.0,0.0,23.95,24.3
1227,TWSE,27.8,301.0,8367.0,27.75,27.8
1229,TWSE,39.65,3672.0,145579.0,39.65,39.7
1231,TWSE,78.5,660.0,51809.0,78.2,78.5
1232,TWSE,154.5,115.0,17767.0,153.5,154.5
1233,TWSE,,0.0,0.0,28.05,28.15
1234,TWSE,32.5,100.0,3249.0,32.5,34.2
1235,TWSE,31.35,80.0,2508.0,31.35,34.85
1236,TWSE,25.35,1200.0,30418.0,25.35,25.75
1256,TWSE,167.0,10.0,1670.0,167.0,169.0
1301,TWSE,75.4,26113.0,1968884.0,75.4,
1303,TWSE,314.0,31214.0,9801196.0,314.0,314.5
1304,TWSE,13.0,2785.0,36205.0,12.95,13.0
1305,TWSE,12.85,1825.0,23446.0,12.85,12.9
1307,TWSE,31.6,100.0,3159.0,31.4,31.6
1308,TWSE,14.7,2272.0,33393.0,14.7,14.75
1309,TWSE,14.35,1957.0,28077.0,14.35,14.4
1310,TWSE,9.7,1729.0,16766.0,9.68,9.7
1312,TWSE,15.0,3125.0,46875.0,14.95,15.0
1312A,TWSE,,0.0,0.0,22.15,25.05
1313,TWSE,12.6,1787.0,22513.0,12.6,12.65
1314,TWSE,8.9,5109.0,45459.0,8.9,8.91
1315,TWSE,71.5,2006.0,143426.0,71.5,71.6
1316,TWSE,10.35,449.0,4645.0,10.35,10.4
1319,TWSE,80.2,295.0,23659.0,80.2,80.3
1321,TWSE,,0.0,0.0,32.2,
1323,TWSE,,0.0,0.0,21.35,21.55
1324,TWSE,,0.0,0.0,9.95,9.97
1325,TWSE,28.2,740.0,20867.0,28.15,28.2
1326,TWSE,75.7,12164.0,920776.0,75.7,75.8
1337,TWSE,4.41,458.0,2019.0,4.4,4.41
1338,TWSE,,0.0,0.0,15.0,15.05
1339,TWSE,,0.0,0.0,42.1,
1340,TWSE,5.14,651.0,3344.0,5.14,5.18
1341,TWSE,,0.0,0.0,58.3,59.2
1342,TWSE,100.5,100.0,10049.0,100.5,101.0
1402,TWSE,28.55,4220.0,120472.0,28.55,28.6
1409,TWSE,26.15,6052.0,158243.0,26.1,26.15
1410,TWSE,23.75,314.0,7457.0,23.75,23.95
1413,TWSE,9.18,901.0,8271.0,9.18,9.33
1414,TWSE,17.55,191.0,3351.0,17.55,17.75
1416,TWSE,11.75,677.0,7954.0,11.75,11.8
1417,TWSE,8.1,730.0,5912.0,8.1,8.13
1418,TWSE,,0.0,0.0,18.5,18.7
1419,TWSE,,0.0,0.0,65.3,65.9
1423,TWSE,34.25,1.0,34.0,34.25,34.55
1432,TWSE,14.95,365.0,5444.0,14.95,15.0
1434,TWSE,19.05,1411.0,26876.0,19.0,19.05
1435,TWSE,20.9,551.0,11515.0,20.9,21.15
1436,TWSE,36.0,344.0,12384.0,36.0,37.5
1437,TWSE,,0.0,0.0,31.15,31.3
1438,TWSE,,0.0,0.0,21.5,21.75
1439,TWSE,,0.0,0.0,28.25,29.25
1440,TWSE,13.9,142.0,1972.0,13.9,14.0
1441,TWSE,9.71,1238.0,12014.0,9.71,9.72
1442,TWSE,,0.0,0.0,26.65,
1443,TWSE,23.2,110.0,2552.0,22.5,23.2
1444,TWSE,6.94,2957.0,20514.0,6.94,6.99
1445,TWSE,10.3,43.0,442.0,10.3,10.4
1446,TWSE,13.4,30.0,402.0,13.4,13.5
1447,TWSE,6.61,626.0,4136.0,6.61,6.62
1449,TWSE,12.75,966.0,12315.0,12.75,12.8
1451,TWSE,16.85,334.0,5627.0,16.85,17.0
1452,TWSE,10.75,1.0,10.0,10.75,
1453,TWSE,10.95,382.0,4180.0,10.95,11.1
1454,TWSE,12.2,1000.0,12198.0,12.2,13.3
1455,TWSE,10.85,1459.0,15826.0,10.85,
1456,TWSE,14.25,8.0,114.0,14.25,14.45
1457,TWSE,14.2,781.0,11090.0,14.2,14.25
1459,TWSE,18.2,1415.0,25749.0,18.15,18.2
1460,TWSE,6.12,136.0,831.0,6.12,6.15
1463,TWSE,,0.0,0.0,17.5,17.6
1464,TWSE,9.94,278.0,2762.0,9.94,
1465,TWSE,11.6,114.0,1321.0,11.5,11.6
1466,TWSE,14.45,190.0,2744.0,14.4,14.45
1467,TWSE,8.3,200.0,1660.0,8.2,8.3
1468,TWSE,,0.0,0.0,13.2,13.45
1470,TWSE,,0.0,0.0,23.05,24.4
1471,TWSE,9.4,228.0,2142.0,9.4,9.42
1472,TWSE,,0.0,0.0,88.6,89.3
1473,TWSE,19.3,10.0,193.0,19.2,19.3
1474,TWSE,9.93,111.0,1101.0,9.93,10.0
1475,TWSE,,0.0,0.0,25.2,25.6
1476,TWSE,298.0,377.0,112346.0,298.0,298.5
1477,TWSE,203.5,258.0,52501.0,203.0,203.5
1503,TWSE,199.5,2006.0,400189.0,199.5,200.0
1504,TWSE,73.4,7681.0,563772.0,73.4,73.5
1506,TWSE,9.6,838.0,8044.0,9.6,9.66
1512,TWSE,6.23,371.0,2311.0,6.23,6.28
1513,TWSE,168.0,2973.0,499464.0,167.5,168.0
1514,TWSE,104.0,4397.0,457288.0,103.5,104.0
1515,TWSE,,0.0,0.0,28.4,28.45
1516,TWSE,13.55,92.0,1243.0,13.55,13.65
1517,TWSE,10.3,235.0,2420.0,10.3,10.4
1519,TWSE,702.0,1728.0,1213056.0,702.0,703.0
1521,TWSE,,0.0,0.0,25.5,25.65
1522,TWSE,26.05,279.0,7267.0,25.95,26.05
1524,TWSE,26.15,146.0,3817.0,26.15,26.4
1525,TWSE,,0.0,0.0,62.2,63.4
1526,TWSE,15.05,11.0,165.0,14.9,15.05
1527,TWSE,32.6,1.0,32.0,32.55,32.6
1528,TWSE,24.0,195.0,4680.0,23.9,24.0
1529,TWSE,15.8,557.0,8800.0,15.8,15.95
1530,TWSE,26.3,144.0,3784.0,26.3,26.35
1531,TWSE,,0.0,0.0,11.5,12.0
1532,TWSE,21.65,151.0,3268.0,21.65,21.9
1533,TWSE,30.35,63.0,1912.0,30.35,30.5
1535,TWSE,45.75,3.0,137.0,45.75,45.9
1536,TWSE,46.65,13.0,604.0,46.65,46.75
1537,TWSE,114.0,15.0,1710.0,113.5,114.0
1538,TWSE,8.61,547.0,4708.0,8.61,8.85
1539,TWSE,,0.0,0.0,15.55,15.65
1540,TWSE,19.0,10.0,190.0,19.0,20.75
1541,TWSE,,0.0,0.0,19.9,20.65
1558,TWSE,109.5,98.0,10731.0,109.0,109.5
1560,TWSE,1020.0,1920.0,1958400.0,1015.0,1020.0
1563,TWSE,80.0,3259.0,260720.0,80.0,80.3
1568,TWSE,,0.0,0.0,31.15,31.35
1582,TWSE,72.1,10.0,721.0,72.1,72.3
1583,TWSE,,0.0,0.0,46.8,47.35
1587,TWSE,23.6,500.0,11800.0,23.6,25.0
1590,TWSE,1235.0,447.0,552045.0,1230.0,1235.0
1597,TWSE,141.0,5002.0,705282.0,141.0,145.0
1598,TWSE,,0.0,0.0,20.3,20.35
1603,TWSE,30.5,776.0,23667.0,30.5,30.6
1604,TWSE,23.3,422.0,9829.0,23.25,23.3
1605,TWSE,39.9,16322.0,651211.0,39.85,39.9
1608,TWSE,37.1,953.0,35353.0,37.1,37.15
1609,TWSE,38.9,7652.0,297642.0,38.9,38.95
1611,TWSE,11.35,452.0,5127.0,11.3,11.35
1612,TWSE,35.1,117.0,4106.0,35.05,35.1
1614,TWSE,31.3,10.0,313.0,31.2,31.3
1615,TWSE,42.0,20.0,840.0,42.0,42.05
1616,TWSE,19.0,90.0,1710.0,19.0,20.0
1617,TWSE,25.0,51.0,1275.0,25.0,25.3
1618,TWSE,39.1,648.0,25336.0,39.1,39.3
1623,TWSE,,0.0,0.0,197.5,
1626,TWSE,9.75,102.0,993.0,9.75,9.77
1702,TWSE,32.7,200.0,6537.0,32.7,32.75
1707,TWSE,84.8,690.0,58508.0,84.7,84.8
1708,TWSE,57.3,772.0,44233.0,57.3,57.4
1709,TWSE,60.0,8739.0,524340.0,59.8,60.0
1710,TWSE,18.15,2367.0,42956.0,18.15,18.2
1711,TWSE,45.7,1511.0,69048.0,45.7,46.2
1712,TWSE,39.85,720.0,28688.0,39.85,40.05
1713,TWSE,,0.0,0.0,44.65,44.9
1714,TWSE,19.7,9269.0,182583.0,19.65,19.7
1717,TWSE,75.6,4529.0,342379.0,75.6,75.7
1718,TWSE,11.25,7532.0,84725.0,11.2,11.25
1720,TWSE,56.4,500.0,28199.0,56.2,56.4
1721,TWSE,27.8,1689.0,46950.0,27.8,27.85
1722,TWSE,41.3,1027.0,42410.0,41.3,41.6
1723,TWSE,81.6,102.0,8322.0,81.5,81.6
1725,TWSE,,0.0,0.0,33.85,34.15
1726,TWSE,,0.0,0.0,76.2,76.5
1727,TWSE,107.5,1686.0,181239.0,107.0,107.5
1730,TWSE,51.4,50.0,2570.0,51.3,51.4
1731,TWSE,20.6,791.0,16292.0,20.6,21.05
1732,TWSE,26.75,101.0,2701.0,26.6,26.75
1733,TWSE,30.55,9.0,274.0,30.55,30.65
1734,TWSE,31.9,1864.0,59457.0,31.9,32.1
1735,TWSE,23.4,3.0,70.0,23.4,23.85
1736,TWSE,122.5,60.0,7349.0,122.5,123.5
1737,TWSE,29.9,625.0,18685.0,29.85,29.9
1752,TWSE,,0.0,0.0,31.5,31.6
1760,TWSE,54.3,10.0,543.0,54.3,54.5
1762,TWSE,,0.0,0.0,33.95,34.05
1773,TWSE,177.0,639.0,113103.0,177.0,177.5
1776,TWSE,,0.0,0.0,18.35,18.5
1783,TWSE,38.3,105.0,4021.0,38.3,38.55
1786,TWSE,41.6,1.0,41.0,41.6,41.65
1789,TWSE,19.05,837.0,15943.0,18.95,19.05
1795,TWSE,183.0,3092.0,565836.0,182.5,183.0
1802,TWSE,65.7,12376.0,813080.0,65.7,
1805,TWSE,,0.0,0.0,9.91,10.0
1806,TWSE,7.91,801.0,6333.0,7.91,7.97
1808,TWSE,32.0,4547.0,145504.0,32.0,32.3
1809,TWSE,46.6,280.0,13045.0,46.6,46.65
1810,TWSE,23.4,890.0,20825.0,23.4,23.5
1817,TWSE,,0.0,0.0,39.75,41.85
1903,TWSE,,0.0,0.0,47.4,49.95
1904,TWSE,25.1,4479.0,112416.0,25.1,25.15
1905,TWSE,12.8,3255.0,41659.0,12.8,12.85
1906,TWSE,10.6,361.0,3825.0,10.6,10.7
1907,TWSE,28.3,396.0,11204.0,28.25,28.3
1909,TWSE,10.05,1750.0,17583.0,10.05,10.25
2002,TWSE,18.9,14243.0,269142.0,18.9,18.95
2002A,TWSE,,0.0,0.0,37.2,37.35
2006,TWSE,86.1,404.0,34783.0,86.1,86.2
2007,TWSE,6.92,535.0,3701.0,6.92,6.98
2008,TWSE,30.55,1142.0,34886.0,30.55,30.95
2009,TWSE,39.9,255.0,10171.0,39.9,40.0
2010,TWSE,22.45,1364.0,30620.0,22.45,22.8
2012,TWSE,14.0,300.0,4200.0,13.95,14.0
2013,TWSE,40.8,356.0,14523.0,40.8,41.25
2014,TWSE,16.9,523.0,8807.0,16.9,17.0
2015,TWSE,64.1,300.0,19229.0,64.1,64.4
2017,TWSE,8.89,896.0,7962.0,8.89,8.92
2020,TWSE,24.3,1646.0,39983.0,24.3,24.4
2022,TWSE,7.15,1553.0,11090.0,7.14,7.15
2023,TWSE,13.85,2686.0,37157.0,13.85,13.9
2024,TWSE,12.8,27.0,324.0,12.7,12.8
2025,TWSE,13.85,22.0,303.0,13.85,
2027,TWSE,47.6,2793.0,132942.0,47.6,47.65
2028,TWSE,16.75,39.0,653.0,16.75,16.9
2029,TWSE,,0.0,0.0,21.95,23.0
2030,TWSE,36.75,1335.0,49057.0,36.75,37.0
2031,TWSE,,0.0,0.0,45.65,45.9
2032,TWSE,18.5,575.0,10637.0,18.5,18.65
2033,TWSE,53.4,90.0,4806.0,53.3,53.4
2034,TWSE,24.1,126.0,3035.0,24.1,24.15
2038,TWSE,12.6,154.0,1939.0,12.55,12.6
2049,TWSE,343.5,1336.0,458910.0,343.5,344.5
2059,TWSE,11790.0,3893.0,45898470.0,,11790.0
2062,TWSE,,0.0,0.0,17.9,18.9
2069,TWSE,25.4,525.0,13333.0,25.2,25.4
2072,TWSE,,0.0,0.0,130.5,134.0
2101,TWSE,29.75,2196.0,65325.0,29.75,29.95
2102,TWSE,16.45,813.0,13371.0,16.45,16.6
2103,TWSE,29.0,989.0,28681.0,28.9,29.0
2104,TWSE,11.2,2023.0,22655.0,11.2,11.25
2105,TWSE,30.35,1562.0,47403.0,30.35,30.4
2106,TWSE,16.6,449.0,7452.0,16.6,16.7
2107,TWSE,28.0,3344.0,93632.0,28.0,28.1
2108,TWSE,29.8,893.0,26609.0,29.8,30.85
2109,TWSE,14.3,341.0,4874.0,14.3,14.4
2114,TWSE,90.3,43.0,3882.0,90.1,90.3
2115,TWSE,,0.0,0.0,24.7,24.9
2201,TWSE,28.9,2502.0,72299.0,28.85,28.9
2204,TWSE,51.7,140.0,7237.0,51.6,51.7
2206,TWSE,63.1,228.0,14386.0,62.8,63.1
2207,TWSE,526.0,144.0,75744.0,526.0,527.0
2208,TWSE,18.5,1384.0,25603.0,18.5,18.55
2211,TWSE,79.8,470.0,37505.0,79.8,82.0
2227,TWSE,,0.0,0.0,45.25,46.3
2228,TWSE,73.9,37.0,2734.0,73.9,74.2
2231,TWSE,93.9,500.0,46948.0,91.1,93.9
2233,TWSE,167.5,123.0,20601.0,167.0,167.5
2236,TWSE,84.9,220.0,18677.0,84.9,88.7
2237,TWSE,26.75,52.0,1391.0,26.55,26.75
2239,TWSE,,0.0,0.0,17.95,18.25
2241,TWSE,52.0,7737.0,402324.0,52.0,
2243,TWSE,59.9,1112.0,66606.0,59.8,59.9
2247,TWSE,,0.0,0.0,225.5,227.5
2248,TWSE,,0.0,0.0,58.8,61.2
2250,TWSE,,0.0,0.0,54.9,55.0
2254,TWSE,91.4,2.0,182.0,,91.4
2258,TWSE,30.9,100.0,3090.0,30.7,30.9
2301,TWSE,300.0,11694.0,3508200.0,300.0,300.5
2302,TWSE,48.3,1206.0,58244.0,48.2,48.3
2303,TWSE,149.0,49960.0,7444040.0,148.5,149.0
2305,TWSE,58.6,2942.0,172395.0,58.5,58.6
2308,TWSE,1995.0,10514.0,20975430.0,1995.0,2000.0
2312,TWSE,31.0,1329.0,41199.0,31.0,31.05
2313,TWSE,248.5,7877.0,1957417.0,248.5,251.0
2314,TWSE,10.75,1675.0,17997.0,10.75,10.85
2316,TWSE,179.5,1399.0,251114.0,179.5,180.0
2317,TWSE,253.0,23733.0,6004449.0,253.0,253.5
2321,TWSE,25.9,38.0,981.0,25.9,26.3
2324,TWSE,36.1,6357.0,229468.0,36.1,36.15
2327,TWSE,650.0,29092.0,18909800.0,649.0,650.0
2328,TWSE,47.9,1126.0,53932.0,47.9,48.1
2329,TWSE,45.4,442.0,20065.0,45.4,45.55
2330,TWSE,2585.0,60183.0,155573055.0,2580.0,2585.0
2331,TWSE,18.95,574.0,10876.0,18.95,19.0
2332,TWSE,21.05,4461.0,93892.0,21.05,21.1
2337,TWSE,119.0,7088.0,843472.0,118.5,119.0
2338,TWSE,47.85,665.0,31815.0,47.85,47.9
2340,TWSE,48.15,4309.0,207460.0,48.15,48.2
2342,TWSE,49.8,2186.0,108855.0,49.8,50.0
2344,TWSE,179.0,10669.0,1909751.0,179.0,179.5
2345,TWSE,2025.0,2508.0,5078700.0,2020.0,2025.0
2347,TWSE,96.3,170.0,16367.0,96.3,96.5
2348,TWSE,71.0,305.0,21655.0,70.9,71.0
2348A,TWSE,,0.0,0.0,38.05,38.15
2349,TWSE,10.25,3195.0,32743.0,10.25,10.3
2351,TWSE,223.0,500.0,111500.0,222.0,223.0
2352,TWSE,28.85,4923.0,142013.0,28.85,28.9
2353,TWSE,31.25,5353.0,167266.0,31.25,31.3
2354,TWSE,62.4,797.0,49726.0,62.3,62.4
2355,TWSE,44.65,366.0,16338.0,44.65,44.75
2356,TWSE,58.5,4123.0,241189.0,58.4,58.5
2357,TWSE,989.0,1163.0,1150207.0,988.0,989.0
2359,TWSE,128.0,1006.0,128768.0,128.0,128.5
2360,TWSE,2405.0,589.0,1416545.0,2400.0,2405.0
2362,TWSE,46.65,270.0,12593.0,46.6,46.65
2363,TWSE,60.4,3166.0,191221.0,60.4,60.5
2364,TWSE,64.3,1882.0,121008.0,64.3,64.6
2365,TWSE,28.0,232.0,6496.0,28.0,28.15
2367,TWSE,47.3,1570.0,74253.0,47.3,47.4
2368,TWSE,1245.0,11964.0,14895180.0,1245.0,1250.0
2369,TWSE,32.8,587.0,19249.0,32.8,32.85
2371,TWSE,30.4,3785.0,115057.0,30.4,30.5
2373,TWSE,52.5,106.0,5565.0,52.5,52.7
2374,TWSE,66.3,1953.0,129480.0,66.3,66.4
2375,TWSE,130.0,1892.0,245960.0,130.0,130.5
2376,TWSE,367.5,2940.0,1080435.0,367.5,368.0
2377,TWSE,156.0,1954.0,304824.0,155.5,156.0
2379,TWSE,745.0,1020.0,759900.0,745.0,747.0
2380,TWSE,15.9,3165.0,50310.0,15.85,15.9
2382,TWSE,335.0,3843.0,1287405.0,335.0,335.5
2383,TWSE,5975.0,2543.0,15194425.0,5975.0,5980.0
2385,TWSE,105.0,1379.0,144795.0,104.5,105.0
2387,TWSE,36.35,200.0,7270.0,36.3,36.35
2388,TWSE,71.2,992.0,70629.0,71.2,71.3
2390,TWSE,10.0,2200.0,22000.0,10.0,10.05
2392,TWSE,40.95,310.0,12692.0,40.95,41.0
2393,TWSE,67.9,910.0,61785.0,67.7,67.9
2395,TWSE,735.0,116.0,85260.0,735.0,736.0
2397,TWSE,63.6,80.0,5088.0,63.6,64.1
2399,TWSE,49.95,92.0,4589.0,49.95,50.0
2401,TWSE,27.25,200.0,5449.0,26.75,27.25
2402,TWSE,62.0,393.0,24366.0,62.0,62.1
2404,TWSE,1330.0,844.0,1122520.0,1325.0,1330.0
2405,TWSE,15.1,13.0,196.0,15.1,15.3
2406,TWSE,30.95,1227.0,37966.0,30.95,32.8
2408,TWSE,517.0,14206.0,7344502.0,517.0,518.0
2409,TWSE,38.0,39899.0,1516162.0,37.95,38.0
2412,TWSE,145.0,5596.0,811420.0,144.5,145.0
2413,TWSE,58.1,1173.0,68145.0,58.1,58.2
2414,TWSE,54.0,881.0,47574.0,54.0,54.1
2415,TWSE,29.25,1011.0,29569.0,29.25,29.3
2417,TWSE,38.05,249.0,9472.0,38.05,38.15
2419,TWSE,27.4,627.0,17178.0,27.4,28.15
2420,TWSE,56.4,600.0,33839.0,56.4,58.0
2421,TWSE,172.0,500.0,86000.0,171.5,172.0
2423,TWSE,,0.0,0.0,71.0,71.5
2424,TWSE,8.93,100.0,893.0,8.8,8.93
2425,TWSE,36.85,114.0,4199.0,36.5,36.85
2426,TWSE,105.0,2741.0,287805.0,105.0,105.5
2427,TWSE,23.15,21.0,486.0,23.05,23.15
2428,TWSE,271.0,584.0,158264.0,271.0,271.5
2429,TWSE,,0.0,0.0,30.0,30.2
2430,TWSE,17.3,1533.0,26517.0,17.3,17.55
2431,TWSE,,0.0,0.0,10.1,10.2
2432,TWSE,,0.0,0.0,28.1,28.4
2433,TWSE,39.85,22.0,876.0,39.85,41.5
2434,TWSE,60.5,552.0,33395.0,60.5,61.3
2436,TWSE,72.4,1410.0,102078.0,72.4,72.7
2438,TWSE,,0.0,0.0,19.15,19.3
2439,TWSE,79.0,1839.0,145281.0,78.9,79.0
2440,TWSE,,0.0,0.0,14.05,14.15
2441,TWSE,126.5,1373.0,173681.0,126.0,126.5
2442,TWSE,14.05,1.0,14.0,14.05,14.15
2444,TWSE,15.7,325.0,5100.0,15.7,17.0
2449,TWSE,300.0,9918.0,2975400.0,300.0,300.5
2450,TWSE,,0.0,0.0,28.2,28.25
2451,TWSE,286.0,1159.0,331474.0,285.5,286.0
2453,TWSE,53.6,8.0,428.0,53.5,53.6
2454,TWSE,4870.0,14059.0,68467330.0,4870.0,4875.0
2455,TWSE,562.0,3024.0,1699488.0,561.0,562.0
2457,TWSE,22.7,200.0,4539.0,22.25,22.7
2458,TWSE,133.0,507.0,67431.0,133.0,134.0
2459,TWSE,65.0,3.0,195.0,65.0,65.4
2460,TWSE,,0.0,0.0,30.2,30.55
2461,TWSE,,0.0,0.0,16.9,17.0
2462,TWSE,20.15,250.0,5037.0,20.1,20.15
2464,TWSE,192.0,7666.0,1471872.0,192.0,192.5
2465,TWSE,89.3,571.0,50987.0,89.3,89.4
2466,TWSE,180.5,761.0,137357.0,180.5,181.0
2467,TWSE,572.0,326.0,186472.0,572.0,573.0
2468,TWSE,41.95,655.0,27473.0,41.95,42.0
2471,TWSE,51.3,2.0,102.0,51.3,51.4
2472,TWSE,246.0,2442.0,600732.0,246.0,250.0
2474,TWSE,200.0,986.0,197200.0,200.0,201.0
2476,TWSE,134.0,1279.0,171386.0,134.0,135.0
2477,TWSE,22.5,45.0,1012.0,22.5,24.45
2478,TWSE,136.0,1716.0,233376.0,135.5,136.0
2480,TWSE,166.0,234.0,38844.0,166.0,167.5
2481,TWSE,179.0,2442.0,437118.0,179.0,179.5
2482,TWSE,16.1,200.0,3219.0,16.1,16.2
2483,TWSE,38.6,226.0,8722.0,38.6,38.8
2484,TWSE,87.3,2668.0,232897.0,87.2,87.3
2485,TWSE,43.9,1403.0,61590.0,43.9,44.4
2486,TWSE,242.5,1254.0,304088.0,242.5,243.0
2488,TWSE,49.75,24.0,1194.0,49.75,49.95
2489,TWSE,41.75,9780.0,408297.0,41.75,41.85
2491,TWSE,39.5,200.0,7899.0,39.5,39.6
2492,TWSE,428.0,7612.0,3257936.0,428.0,
2493,TWSE,214.5,80.0,17157.0,214.5,215.0
2495,TWSE,38.1,910.0,34670.0,37.8,38.1
2496,TWSE,,0.0,0.0,54.5,54.9
2497,TWSE,44.9,160.0,7183.0,44.75,44.9
2498,TWSE,42.15,1230.0,51837.0,42.15,42.35
2501,TWSE,20.5,1903.0,39007.0,20.5,20.65
2504,TWSE,31.4,1063.0,33376.0,31.4,31.45
2505,TWSE,17.0,973.0,16541.0,16.9,17.0
2506,TWSE,8.36,1105.0,9236.0,8.35,8.36
2509,TWSE,13.55,229.0,3102.0,13.5,13.55
2511,TWSE,8.2,1046.0,8573.0,8.2,8.25
2514,TWSE,11.2,1006.0,11262.0,11.2,12.3
2515,TWSE,12.1,8564.0,103605.0,12.1,12.15
2516,TWSE,14.9,2.0,28.0,14.9,15.1
2520,TWSE,37.0,300.0,11100.0,37.0,37.15
2524,TWSE,33.5,893.0,29914.0,33.5,33.7
2527,TWSE,50.7,40.0,2026.0,50.7,50.9
2528,TWSE,19.0,170.0,3230.0,19.0,
2530,TWSE,,0.0,0.0,19.9,20.05
2534,TWSE,16.7,1.0,16.0,16.7,16.95
2535,TWSE,90.0,1253.0,112770.0,89.8,90.0
2536,TWSE,,0.0,0.0,18.3,18.9
2537,TWSE,11.05,481.0,5315.0,11.05,11.7
2538,TWSE,,0.0,0.0,8.78,8.81
2539,TWSE,33.8,1153.0,38970.0,33.8,33.85
2540,TWSE,48.5,740.0,35890.0,48.5,48.65
2542,TWSE,38.75,2616.0,101359.0,38.75,38.8
2543,TWSE,39.1,1655.0,64709.0,39.1,39.15
2545,TWSE,,0.0,0.0,33.8,35.8
2546,TWSE,108.0,1867.0,201636.0,108.0,108.5
2547,TWSE,9.68,1704.0,16491.0,9.68,9.69
2548,TWSE,91.7,735.0,67397.0,91.6,91.7
2597,TWSE,164.0,960.0,157440.0,164.0,165.0
2601,TWSE,6.08,18318.0,111333.0,6.08,6.09
2603,TWSE,233.5,4672.0,1090897.0,233.0,233.5
2605,TWSE,36.5,1967.0,71793.0,36.5,36.55
2606,TWSE,74.8,100.0,7479.0,74.7,74.8
2607,TWSE,55.4,5882.0,325854.0,55.4,55.5
2608,TWSE,28.55,317.0,9047.0,28.55,28.65
2609,TWSE,59.1,3255.0,192357.0,59.1,59.2
2610,TWSE,20.3,2931.0,59491.0,20.25,20.3
2611,TWSE,14.95,701.0,10476.0,14.95,15.0
2612,TWSE,61.9,4.0,247.0,61.8,61.9
2613,TWSE,21.95,210.0,4608.0,21.95,22.05
2614,TWSE,15.5,3302.0,51176.0,15.45,15.5
2615,TWSE,111.5,2781.0,310073.0,111.0,111.5
2616,TWSE,13.2,401.0,5292.0,13.2,13.25
2617,TWSE,32.0,389.0,12448.0,32.0,32.05
2618,TWSE,41.85,1153.0,48249.0,41.7,41.85
2630,TWSE,45.55,114.0,5191.0,45.55,45.85
2633,TWSE,25.75,440.0,11327.0,25.75,25.8
2634,TWSE,63.7,1999.0,127328.0,63.7,63.9
2636,TWSE,69.7,403.0,28086.0,69.7,70.0
2637,TWSE,98.4,70.0,6886.0,97.2,98.4
2642,TWSE,20.25,89.0,1802.0,20.25,20.3
2645,TWSE,175.0,401.0,70175.0,174.0,175.0
2646,TWSE,20.1,555.0,11153.0,20.1,20.15
2701,TWSE,10.25,414.0,4242.0,10.25,10.3
2702,TWSE,11.95,567.0,6773.0,11.95,12.05
2704,TWSE,44.35,572.0,25365.0,44.35,44.7
2705,TWSE,15.1,374.0,5645.0,15.05,15.1
2706,TWSE,12.15,270.0,3276.0,12.1,12.15
2707,TWSE,175.0,40.0,7000.0,175.0,186.0
2712,TWSE,,0.0,0.0,13.2,13.25
2722,TWSE,,0.0,0.0,21.5,21.6
2723,TWSE,80.4,18.0,1447.0,80.4,80.9
2727,TWSE,233.5,126.0,29417.0,233.5,234.0
2731,TWSE,145.0,68.0,9860.0,144.5,145.0
2739,TWSE,,0.0,0.0,36.2,36.3
2748,TWSE,,0.0,0.0,38.6,38.8
2753,TWSE,184.0,22.0,4048.0,183.5,184.0
2762,TWSE,78.9,21.0,1638.0,78.9,81.0
2801,TWSE,27.7,9236.0,255813.0,27.65,27.7
2812,TWSE,18.85,16508.0,311130.0,18.85,18.9
2816,TWSE,40.45,590.0,23863.0,40.35,40.45
2820,TWSE,16.85,212.0,3571.0,16.85,16.95
2832,TWSE,56.6,100.0,5660.0,56.6,56.9
2834,TWSE,17.55,19964.0,350311.0,17.55,17.6
2836,TWSE,12.1,431.0,5213.0,12.05,12.1
2836A,TWSE,,0.0,0.0,23.75,23.95
2838,TWSE,20.6,1852.0,38148.0,20.6,20.7
2838A,TWSE,,0.0,0.0,51.9,52.0
2845,TWSE,13.0,15767.0,204971.0,12.95,13.0
2849,TWSE,,0.0,0.0,15.35,16.0
2850,TWSE,163.5,447.0,73082.0,162.5,163.5
2851,TWSE,47.65,605.0,28824.0,47.65,47.7
2852,TWSE,27.6,154.0,4250.0,27.6,
2855,TWSE,58.0,738.0,42804.0,58.0,58.1
2880,TWSE,46.75,7984.0,373216.0,46.75,46.8
2881,TWSE,155.0,15636.0,2423580.0,154.5,155.0
2881A,TWSE,60.9,1154.0,70274.0,60.9,61.4
2881B,TWSE,60.4,116.0,7005.0,60.4,60.7
2881C,TWSE,51.6,398.0,20532.0,51.5,51.6
2882,TWSE,112.5,18254.0,2053554.0,112.5,113.0
2882A,TWSE,60.0,53.0,3180.0,60.0,60.1
2882B,TWSE,58.6,69.0,4041.0,58.5,58.6
2883,TWSE,38.3,20895.0,800233.0,38.3,38.35
2883B,TWSE,8.61,3969.0,34163.0,8.61,8.62
2884,TWSE,45.65,15419.0,703807.0,45.65,45.7
2885,TWSE,70.0,32128.0,2248960.0,70.0,70.1
2886,TWSE,49.8,11170.0,556241.0,49.75,49.8
2887,TWSE,42.05,21897.0,920714.0,42.0,42.05
2887E,TWSE,48.35,61.0,2946.0,48.35,48.5
2887F,TWSE,45.45,9.0,409.0,45.45,45.5
2887G,TWSE,44.1,98.0,4320.0,43.8,44.1
2887H,TWSE,42.75,41.0,1752.0,42.5,42.75
2887I,TWSE,9.52,13013.0,123858.0,9.51,9.52
2887Z1,TWSE,21.75,41.0,891.0,21.75,21.9
2889,TWSE,16.35,3817.0,62396.0,16.35,16.45
2890,TWSE,44.95,7381.0,331745.0,44.9,44.95
2891,TWSE,68.7,9377.0,644167.0,68.7,68.8
2891B,TWSE,,0.0,0.0,61.2,61.5
2891C,TWSE,,0.0,0.0,60.2,60.3
2892,TWSE,38.8,9173.0,355882.0,38.75,38.8
2897,TWSE,10.7,583.0,6236.0,10.65,10.7
2897B,TWSE,,0.0,0.0,11.75,11.85
2901,TWSE,,0.0,0.0,24.65,24.85
2903,TWSE,21.85,1138.0,24862.0,21.85,21.9
2904,TWSE,12.65,1.0,12.0,12.5,12.65
2905,TWSE,17.5,970.0,16972.0,17.5,17.7
2906,TWSE,13.35,229.0,3054.0,13.3,13.35
2908,TWSE,21.9,222.0,4861.0,21.9,22.0
2910,TWSE,,0.0,0.0,23.35,23.6
2911,TWSE,5.88,494.0,2900.0,5.88,5.9
2912,TWSE,214.0,223.0,47722.0,214.0,214.5
2913,TWSE,10.9,2181.0,23767.0,10.9,11.0
2915,TWSE,58.3,2095.0,122135.0,58.3,58.4
2923,TWSE,,0.0,0.0,23.75,24.0
2929,TWSE,5.73,124.0,709.0,5.7,5.73
2939,TWSE,24.4,1.0,24.0,24.1,24.4
2945,TWSE,39.85,50.0,1992.0,39.6,39.85
3002,TWSE,18.8,1.0,18.0,18.8,19.35
3003,TWSE,58.7,67.0,3932.0,58.7,60.3
3004,TWSE,,0.0,0.0,120.0,121.0
3005,TWSE,118.0,200.0,23600.0,118.0,118.5
3006,TWSE,271.5,3001.0,814758.0,271.5,272.0
3008,TWSE,6870.0,2431.0,16700970.0,6870.0,6875.0
3010,TWSE,131.5,390.0,51284.0,131.0,131.5
3011,TWSE,,0.0,0.0,9.91,10.0
3013,TWSE,96.6,3924.0,379048.0,96.5,96.6
3014,TWSE,150.0,4086.0,612900.0,149.5,150.0
3015,TWSE,52.9,1117.0,59087.0,52.9,54.2
3016,TWSE,195.0,3876.0,755820.0,195.0,195.5
3017,TWSE,3550.0,1292.0,4586600.0,3550.0,3555.0
3018,TWSE,11.45,276.0,3159.0,11.45,11.5
3019,TWSE,138.5,660.0,91406.0,138.5,139.5
3021,TWSE,,0.0,0.0,27.8,28.15
3022,TWSE,90.4,1211.0,109470.0,90.3,90.4
3023,TWSE,323.0,423.0,136629.0,321.0,323.0
3024,TWSE,14.9,635.0,9459.0,13.8,14.9
3025,TWSE,58.7,50.0,2934.0,58.6,58.7
3026,TWSE,839.0,2709.0,2272851.0,839.0,840.0
3027,TWSE,20.25,10.0,202.0,19.9,20.25
3028,TWSE,,0.0,0.0,63.3,63.5
3029,TWSE,115.5,474.0,54740.0,115.5,118.5
3030,TWSE,315.0,924.0,291060.0,314.5,315.0
3031,TWSE,33.3,1533.0,51042.0,33.3,33.5
3032,TWSE,77.4,1.0,77.0,77.4,77.5
3033,TWSE,41.8,950.0,39709.0,41.8,41.85
3034,TWSE,534.0,1005.0,536670.0,533.0,534.0
3035,TWSE,209.5,1673.0,350486.0,209.5,210.0
3036,TWSE,215.0,2118.0,455370.0,215.0,215.5
3037,TWSE,1310.0,4686.0,6138660.0,1305.0,1310.0
3038,TWSE,20.3,101.0,2049.0,20.3,20.45
3040,TWSE,33.05,478.0,15792.0,33.05,33.1
3041,TWSE,23.8,2594.0,61732.0,23.8,23.95
3042,TWSE,214.0,1152.0,246528.0,213.5,214.0
3043,TWSE,20.8,240.0,4989.0,20.65,20.8
3044,TWSE,582.0,917.0,533694.0,582.0,584.0
3045,TWSE,122.0,1021.0,124562.0,122.0,122.5
3046,TWSE,53.0,45.0,2385.0,53.0,57.6
3047,TWSE,14.4,378.0,5441.0,14.4,14.45
3048,TWSE,53.4,661.0,35293.0,53.3,53.4
3049,TWSE,12.2,1026.0,12515.0,12.15,12.2
3050,TWSE,11.5,999.0,11488.0,11.45,11.5
3051,TWSE,22.3,340.0,7579.0,22.3,22.5
3052,TWSE,10.5,116.0,1217.0,10.5,10.55
3054,TWSE,,0.0,0.0,58.6,58.8
3055,TWSE,225.0,326.0,73350.0,225.0,227.0
3056,TWSE,13.5,3523.0,47557.0,13.5,13.6
3057,TWSE,15.0,372.0,5580.0,14.9,15.0
3058,TWSE,8.2,3.0,24.0,8.2,8.23
3059,TWSE,38.55,1268.0,48876.0,38.55,38.6
3060,TWSE,29.0,916.0,26564.0,29.0,29.15
3062,TWSE,22.4,209.0,4680.0,22.4,22.45
3090,TWSE,177.0,830.0,146910.0,176.5,177.0
3092,TWSE,24.5,1.0,24.0,24.5,24.65
3094,TWSE,67.5,771.0,52039.0,67.5,67.6
3130,TWSE,208.0,122.0,25376.0,207.5,208.0
3135,TWSE,157.0,2264.0,355448.0,157.0,157.5
3138,TWSE,105.0,30.0,3150.0,102.5,105.0
3149,TWSE,77.1,2499.0,192664.0,77.1,77.2
3150,TWSE,,0.0,0.0,14.9,15.05
3164,TWSE,16.5,100.0,1650.0,16.5,16.7
3167,TWSE,1025.0,2893.0,2965325.0,1020.0,1025.0
3168,TWSE,,0.0,0.0,40.75,42.35
3189,TWSE,1095.0,6584.0,7209480.0,1095.0,1100.0
3209,TWSE,46.6,3964.0,184711.0,46.6,46.65
3229,TWSE,56.5,222.0,12543.0,56.5,56.8
3231,TWSE,186.0,5622.0,1045692.0,186.0,186.5
3257,TWSE,49.65,49.0,2432.0,49.5,49.65
3266,TWSE,,0.0,0.0,13.75,
3296,TWSE,28.3,200.0,5660.0,28.3,28.45
3305,TWSE,110.5,701.0,77459.0,110.0,110.5
3308,TWSE,22.1,855.0,18893.0,22.1,22.25
3311,TWSE,47.1,906.0,42670.0,47.1,47.25
3312,TWSE,51.5,588.0,30279.0,51.5,
3321,TWSE,,0.0,0.0,17.65,17.7
3338,TWSE,70.5,58.0,4088.0,70.5,70.8
3346,TWSE,23.3,425.0,9900.0,23.3,23.4
3356,TWSE,67.4,4080.0,274982.0,67.3,67.4
3376,TWSE,169.5,2289.0,387978.0,169.5,171.5
3380,TWSE,30.9,800.0,24717.0,30.9,31.05
3406,TWSE,1090.0,2247.0,2449230.0,1090.0,1095.0
3413,TWSE,288.0,1310.0,377280.0,288.0,290.0
3416,TWSE,169.0,103.0,17407.0,169.0,169.5
3419,TWSE,11.8,75.0,885.0,11.75,11.8
3432,TWSE,,0.0,0.0,14.2,14.75
3437,TWSE,21.35,57.0,1216.0,21.3,21.35
3443,TWSE,8520.0,1082.0,9218640.0,8515.0,8520.0
3447,TWSE,,0.0,0.0,27.55,
3450,TWSE,540.0,668.0,360720.0,539.0,540.0
3481,TWSE,52.5,32235.0,1692287.0,52.4,52.5
3494,TWSE,,0.0,0.0,7.06,7.07
3501,TWSE,,0.0,0.0,37.9,39.8
3504,TWSE,84.6,197.0,16665.0,84.6,84.9
3515,TWSE,219.5,100.0,21950.0,219.5,223.0
3518,TWSE,50.0,265.0,13250.0,50.0,50.2
3528,TWSE,85.7,100.0,8570.0,85.5,85.7
3530,TWSE,58.7,60.0,3521.0,58.4,58.7
3532,TWSE,513.0,3069.0,1574397.0,513.0,
3533,TWSE,1830.0,815.0,1491450.0,1830.0,1835.0
3535,TWSE,92.4,20.0,1848.0,92.2,92.4
3543,TWSE,55.6,658.0,36583.0,55.5,55.6
3545,TWSE,49.5,667.0,33014.0,49.5,49.6
3550,TWSE,24.5,1140.0,27928.0,24.5,24.6
3557,TWSE,,0.0,0.0,23.65,23.75
3563,TWSE,745.0,360.0,268200.0,745.0,746.0
3576,TWSE,18.6,5040.0,93734.0,18.55,18.6
3583,TWSE,749.0,591.0,442659.0,749.0,750.0
3588,TWSE,55.3,1102.0,60935.0,55.3,55.8
3591,TWSE,26.8,3552.0,95177.0,26.8,26.85
3592,TWSE,238.0,100.0,23800.0,237.5,238.0
3593,TWSE,11.8,2.0,22.0,11.8,
3596,TWSE,157.5,405.0,63786.0,157.0,157.5
3605,TWSE,167.5,1976.0,330964.0,167.5,168.0
3607,TWSE,14.0,1.0,14.0,14.0,14.25
3617,TWSE,,0.0,0.0,245.5,247.0
3622,TWSE,,0.0,0.0,47.1,47.25
3645,TWSE,74.4,119.0,8853.0,74.4,74.9
3652,TWSE,,0.0,0.0,35.25,35.3
3653,TWSE,6855.0,375.0,2570625.0,6855.0,6870.0
3661,TWSE,4175.0,2803.0,11702525.0,4175.0,4180.0
3665,TWSE,2345.0,537.0,1259265.0,2340.0,2345.0
3669,TWSE,,0.0,0.0,32.45,32.95
3673,TWSE,76.7,1042.0,79915.0,76.7,76.8
3679,TWSE,108.5,5.0,542.0,108.0,108.5
3686,TWSE,15.55,75.0,1165.0,15.5,15.55
3694,TWSE,51.9,17.0,880.0,51.9,53.9
3701,TWSE,61.2,593.0,36286.0,61.2,61.3
3702,TWSE,119.5,1567.0,187251.0,119.5,120.0
3703,TWSE,19.35,300.0,5803.0,19.35,20.0
3704,TWSE,39.5,528.0,20854.0,39.5,43.5
3705,TWSE,57.2,500.0,28600.0,57.1,57.2
3706,TWSE,81.1,3152.0,255617.0,81.0,81.1
3708,TWSE,97.5,1.0,97.0,97.5,100.0
3711,TWSE,733.0,9926.0,7275758.0,733.0,734.0
3712,TWSE,20.3,664.0,13474.0,20.3,20.35
3714,TWSE,67.4,4275.0,288125.0,67.4,67.5
3715,TWSE,139.5,6556.0,914552.0,139.0,139.5
3716,TWSE,33.65,678.0,22812.0,33.65,33.8
3717,TWSE,27.5,1025.0,28186.0,27.5,29.0
4104,TWSE,72.0,1353.0,97416.0,71.9,72.0
4106,TWSE,24.2,5.0,121.0,24.15,24.2
4108,TWSE,11.25,344.0,3869.0,11.25,11.35
4119,TWSE,,0.0,0.0,53.2,53.5
4133,TWSE,21.55,846.0,18229.0,21.55,21.7
4137,TWSE,76.4,2.0,152.0,76.2,76.4
4142,TWSE,18.6,74.0,1375.0,18.5,18.6
4148,TWSE,32.1,34.0,1091.0,31.7,32.1
4164,TWSE,28.75,22.0,632.0,28.25,28.75
4169,TWSE,,0.0,0.0,149.5,152.0
4178,TWSE,18.0,100.0,1800.0,17.75,18.0
4190,TWSE,24.6,63.0,1549.0,24.55,24.6
4195,TWSE,15.85,31.0,490.0,15.75,15.85
4306,TWSE,14.5,980.0,14209.0,14.5,14.55
4414,TWSE,8.06,400.0,3222.0,8.06,8.07
4426,TWSE,,0.0,0.0,7.62,7.64
4438,TWSE,,0.0,0.0,55.9,59.0
4439,TWSE,,0.0,0.0,93.1,96.3
4440,TWSE,17.3,586.0,10137.0,17.3,17.45
4441,TWSE,,0.0,0.0,173.0,177.5
4526,TWSE,,0.0,0.0,34.0,34.6
4532,TWSE,24.5,278.0,6810.0,24.5,24.7
4536,TWSE,158.5,65.0,10302.0,158.5,159.0
4540,TWSE,58.9,613.0,36102.0,58.9,59.6
4545,TWSE,,0.0,0.0,38.1,38.45
4551,TWSE,189.0,305.0,57645.0,189.0,189.5
4552,TWSE,15.45,350.0,5406.0,15.35,15.45
4555,TWSE,,0.0,0.0,42.3,44.0
4557,TWSE,,0.0,0.0,49.9,50.4
4560,TWSE,,0.0,0.0,29.95,31.9
4562,TWSE,,0.0,0.0,30.0,32.5
4564,TWSE,15.85,27.0,427.0,15.75,15.85
4566,TWSE,77.4,200.0,15478.0,77.2,77.4
4569,TWSE,,0.0,0.0,159.5,
4571,TWSE,,0.0,0.0,153.5,156.0
4572,TWSE,139.5,405.0,56497.0,139.5,140.0
4576,TWSE,238.0,270.0,64260.0,234.5,238.0
4581,TWSE,,0.0,0.0,46.65,
4582,TWSE,,0.0,0.0,22.0,22.5
4583,TWSE,413.0,200.0,82600.0,413.0,420.0
4585,TWSE,293.5,6.0,1760.0,293.5,294.0
4588,TWSE,,0.0,0.0,56.1,56.8
4590,TWSE,97.0,135.0,13095.0,88.9,97.0
4720,TWSE,23.4,1480.0,34630.0,23.35,23.4
4722,TWSE,226.5,377.0,85388.0,226.5,228.5
4736,TWSE,131.5,100.0,13150.0,131.5,132.0
4737,TWSE,,0.0,0.0,54.4,55.0
4739,TWSE,87.4,1447.0,126463.0,87.4,87.5
4746,TWSE,,0.0,0.0,48.3,
4755,TWSE,128.0,836.0,107008.0,127.5,128.0
4763,TWSE,46.55,615.0,28623.0,46.5,46.55
4764,TWSE,207.0,970.0,200790.0,206.5,207.0
4766,TWSE,357.5,68.0,24309.0,357.5,358.5
4770,TWSE,270.0,445.0,120150.0,270.0,276.5
4771,TWSE,204.0,100.0,20400.0,203.5,206.0
4807,TWSE,31.6,86.0,2717.0,31.4,31.6
4904,TWSE,105.0,4372.0,459060.0,105.0,105.5
4906,TWSE,42.2,1795.0,75744.0,41.95,42.2
4912,TWSE,109.5,324.0,35477.0,109.5,110.0
4915,TWSE,63.0,550.0,34650.0,63.0,63.1
4916,TWSE,103.0,2601.0,267903.0,103.0,105.0
4919,TWSE,160.5,3064.0,491765.0,160.5,161.0
4927,TWSE,54.5,3074.0,167526.0,54.4,54.5
4930,TWSE,15.75,221.0,3478.0,15.75,15.8
4934,TWSE,15.45,80.0,1236.0,15.45,15.5
4935,TWSE,33.0,8.0,264.0,33.0,33.05
4938,TWSE,90.0,1641.0,147690.0,90.0,90.1
4942,TWSE,31.4,45.0,1413.0,31.4,33.4
4943,TWSE,6.52,723.0,4709.0,6.52,6.6
4949,TWSE,84.4,150.0,12660.0,84.4,85.7
4952,TWSE,50.0,600.0,30000.0,50.0,52.0
4956,TWSE,42.8,812.0,34752.0,42.8,42.95
4958,TWSE,594.0,10442.0,6202548.0,594.0,595.0
4960,TWSE,24.0,1450.0,34800.0,24.0,24.1
4961,TWSE,179.5,423.0,75926.0,179.5,180.0
4967,TWSE,268.0,3615.0,968820.0,267.5,268.0
4968,TWSE,97.5,151.0,14721.0,97.5,99.9
4976,TWSE,37.2,4000.0,148795.0,37.2,37.55
4977,TWSE,177.0,3157.0,558789.0,176.5,177.0
4989,TWSE,73.6,5804.0,427154.0,73.5,73.6
4994,TWSE,,0.0,0.0,81.1,82.0
4999,TWSE,17.75,90.0,1597.0,17.75,17.95
5007,TWSE,,0.0,0.0,54.0,55.8
5203,TWSE,,0.0,0.0,59.6,59.8
5215,TWSE,37.7,3.0,113.0,37.7,37.85
5222,TWSE,103.5,1319.0,136513.0,103.5,105.0
5225,TWSE,,0.0,0.0,53.6,54.4
5234,TWSE,338.0,1446.0,488748.0,337.5,338.0
5236,TWSE,126.5,188.0,23781.0,126.5,127.0
5243,TWSE,96.8,100.0,9679.0,96.8,97.1
5244,TWSE,40.9,10.0,409.0,40.75,40.9
5258,TWSE,42.25,59.0,2492.0,42.15,42.25
5269,TWSE,1460.0,421.0,614660.0,1460.0,1465.0
5283,TWSE,51.6,1816.0,93703.0,51.6,51.8
5284,TWSE,288.5,150.0,43274.0,288.5,289.0
5285,TWSE,99.0,41.0,4059.0,99.0,101.0
5288,TWSE,,0.0,0.0,187.5,190.0
5292,TWSE,242.0,931.0,225302.0,241.5,242.0
5306,TWSE,87.9,80.0,7032.0,87.9,88.2
5388,TWSE,74.3,1025.0,76155.0,74.2,74.3
5434,TWSE,607.0,343.0,208201.0,606.0,607.0
5469,TWSE,80.5,940.0,75668.0,80.5,80.7
5471,TWSE,51.7,240.0,12406.0,51.4,51.7
5484,TWSE,38.95,303.0,11801.0,38.95,39.0
5515,TWSE,51.7,400.0,20677.0,51.7,52.0
5519,TWSE,,0.0,0.0,24.8,26.0
5521,TWSE,11.1,227.0,2518.0,11.1,11.15
5522,TWSE,61.2,280.0,17136.0,61.1,61.2
5525,TWSE,21.95,5.0,109.0,21.85,21.95
5531,TWSE,6.96,1104.0,7681.0,6.96,7.0
5533,TWSE,13.85,470.0,6507.0,13.85,13.95
5534,TWSE,71.6,588.0,42099.0,71.6,71.9
5538,TWSE,,0.0,0.0,36.0,36.3
5546,TWSE,,0.0,0.0,13.6,13.9
5607,TWSE,52.2,748.0,39045.0,52.2,52.4
5608,TWSE,16.55,544.0,9000.0,16.55,16.6
5706,TWSE,44.2,355.0,15691.0,44.2,44.4
5871,TWSE,106.0,4148.0,439688.0,106.0,106.5
5871A,TWSE,,0.0,0.0,99.9,100.0
5876,TWSE,49.35,1061.0,52356.0,49.35,49.4
5880,TWSE,26.4,14520.0,383295.0,26.4,26.45
5906,TWSE,,0.0,0.0,36.15,38.15
5907,TWSE,,0.0,0.0,4.7,
6005,TWSE,32.6,3910.0,127453.0,32.6,32.65
6024,TWSE,59.5,1468.0,87344.0,59.5,59.6
6108,TWSE,26.1,353.0,9212.0,26.1,
6112,TWSE,45.2,37.0,1671.0,45.2,46.0
6115,TWSE,,0.0,0.0,44.0,46.5
6116,TWSE,15.5,4993.0,77385.0,15.5,15.55
6117,TWSE,68.2,57.0,3887.0,68.0,68.2
6120,TWSE,13.9,1800.0,24991.0,13.9,13.95
6128,TWSE,,0.0,0.0,18.95,20.4
6133,TWSE,27.05,1050.0,28400.0,27.05,27.3
6136,TWSE,25.35,404.0,10241.0,25.35,25.95
6139,TWSE,791.0,1507.0,1192037.0,791.0,793.0
6141,TWSE,56.3,136.0,7656.0,56.3,
6142,TWSE,9.0,1200.0,10800.0,9.0,9.09
6152,TWSE,19.8,1990.0,39399.0,19.8,19.85
6153,TWSE,17.95,1198.0,21500.0,17.95,18.0
6155,TWSE,74.2,510.0,37841.0,71.6,74.2
6164,TWSE,13.35,58.0,773.0,13.35,13.45
6165,TWSE,,0.0,0.0,48.0,
6166,TWSE,131.0,645.0,84495.0,130.5,131.0
6168,TWSE,41.5,1565.0,64945.0,41.5,41.6
6176,TWSE,91.2,3018.0,275238.0,91.2,91.3
6177,TWSE,45.85,402.0,18430.0,45.85,47.25
6183,TWSE,,0.0,0.0,91.7,
6184,TWSE,,0.0,0.0,40.05,40.6
6189,TWSE,49.4,272.0,13434.0,49.4,49.55
6191,TWSE,87.5,4684.0,409838.0,87.4,87.5
6192,TWSE,,0.0,0.0,111.0,113.0
6196,TWSE,670.0,1171.0,784570.0,670.0,671.0
6197,TWSE,371.0,2311.0,857381.0,370.5,371.0
6201,TWSE,,0.0,0.0,44.3,45.0
6202,TWSE,60.9,170.0,10348.0,60.5,60.9
6205,TWSE,72.0,501.0,36072.0,72.0,72.3
6206,TWSE,135.0,260.0,35100.0,135.0,138.0
6209,TWSE,90.9,2613.0,237504.0,90.9,91.0
6213,TWSE,796.0,4544.0,3617024.0,796.0,799.0
6214,TWSE,190.5,418.0,79626.0,190.0,190.5
6215,TWSE,97.5,200.0,19500.0,97.5,
6216,TWSE,21.25,297.0,6311.0,21.25,
6224,TWSE,,0.0,0.0,80.6,
6225,TWSE,68.2,1354.0,92341.0,68.2,68.7
6226,TWSE,43.2,1752.0,75685.0,43.2,43.25
6230,TWSE,115.5,9.0,1039.0,115.5,116.0
6235,TWSE,36.7,1095.0,40181.0,36.7,36.85
6239,TWSE,309.0,4259.0,1316031.0,309.0,309.5
6243,TWSE,39.1,72.0,2814.0,39.1,39.3
6257,TWSE,280.0,2101.0,588280.0,280.0,283.0
6269,TWSE,65.0,1105.0,71825.0,65.0,65.3
6271,TWSE,241.5,3002.0,724975.0,241.0,241.5
6272,TWSE,,0.0,0.0,25.35,27.0
6277,TWSE,78.0,5.0,390.0,77.9,78.0
6278,TWSE,250.5,4405.0,1103429.0,250.0,250.5
6281,TWSE,51.0,7.0,357.0,51.0,51.2
6282,TWSE,44.05,1520.0,66950.0,44.05,44.15
6283,TWSE,,0.0,0.0,18.8,19.05
6285,TWSE,258.0,3885.0,1002330.0,258.0,258.5
6405,TWSE,40.35,1.0,40.0,40.35,
6409,TWSE,892.0,227.0,202484.0,890.0,892.0
6412,TWSE,74.1,375.0,27782.0,74.0,74.1
6414,TWSE,396.5,95.0,37666.0,396.5,398.0
6415,TWSE,456.0,1243.0,566808.0,456.0,456.5
6416,TWSE,134.0,162.0,21708.0,134.0,
6426,TWSE,350.0,345.0,120750.0,350.0,352.0
6431,TWSE,,0.0,0.0,16.9,17.1
6438,TWSE,165.5,956.0,158216.0,165.0,165.5
6442,TWSE,1815.0,3601.0,6535815.0,1815.0,
6443,TWSE,27.7,1131.0,31325.0,27.7,27.8
6446,TWSE,1205.0,2655.0,3199275.0,1205.0,1210.0
6449,TWSE,261.5,512.0,133883.0,261.5,
6451,TWSE,435.0,365.0,158775.0,435.0,436.0
6456,TWSE,102.5,2403.0,246294.0,102.5,103.0
6464,TWSE,,0.0,0.0,76.3,76.8
6472,TWSE,425.5,977.0,415709.0,425.5,427.0
6477,TWSE,33.85,178.0,6023.0,33.85,35.9
6491,TWSE,413.0,38.0,15694.0,412.0,413.0
6504,TWSE,,0.0,0.0,37.7,38.1
6505,TWSE,107.0,7007.0,749749.0,107.0,107.5
6515,TWSE,5600.0,572.0,3203200.0,5600.0,5605.0
6525,TWSE,142.5,490.0,69824.0,142.5,143.0
6526,TWSE,792.0,874.0,692208.0,791.0,792.0
6531,TWSE,1005.0,1710.0,1718550.0,1005.0,1010.0
6533,TWSE,347.0,1628.0,564916.0,346.0,347.0
6534,TWSE,,0.0,0.0,94.1,94.2
6541,TWSE,32.75,60.0,1965.0,32.75,33.9
6550,TWSE,16.05,2662.0,42717.0,16.05,16.1
6552,TWSE,24.7,170.0,4199.0,24.45,24.7
6558,TWSE,24.95,2.0,49.0,24.95,25.05
6573,TWSE,,0.0,0.0,15.9,15.95
6579,TWSE,153.0,76.0,11628.0,152.5,153.0
6581,TWSE,,0.0,0.0,109.0,113.5
6582,TWSE,31.25,100.0,3124.0,31.25,31.3
6585,TWSE,105.5,5.0,527.0,105.0,105.5
6589,TWSE,,0.0,0.0,50.3,50.8
6591,TWSE,43.0,98.0,4214.0,43.0,43.6
6592,TWSE,56.5,862.0,48702.0,56.5,57.1
6592A,TWSE,,0.0,0.0,96.1,96.9
6592B,TWSE,,0.0,0.0,94.7,95.2
6598,TWSE,,0.0,0.0,27.0,28.4
6605,TWSE,137.0,365.0,50005.0,136.5,137.0
6606,TWSE,,0.0,0.0,24.1,24.5
6614,TWSE,,0.0,0.0,35.5,
6625,TWSE,73.4,200.0,14679.0,73.4,75.5
6641,TWSE,,0.0,0.0,17.05,
6645,TWSE,12.7,1288.0,16356.0,12.5,12.7
6655,TWSE,,0.0,0.0,122.0,129.0
6657,TWSE,33.4,150.0,5010.0,33.2,33.4
6658,TWSE,203.5,250.0,50874.0,203.5,204.5
6666,TWSE,,0.0,0.0,44.0,44.2
6668,TWSE,50.2,158.0,7930.0,50.2,50.3
6669,TWSE,2255.0,5934.0,13381170.0,2250.0,2255.0
6670,TWSE,280.0,100.0,28000.0,274.0,280.0
6671,TWSE,,0.0,0.0,22.95,
6672,TWSE,505.0,1483.0,748915.0,505.0,
6674,TWSE,18.4,1.0,18.0,18.25,18.4
6689,TWSE,65.0,30.0,1950.0,65.0,68.5
6691,TWSE,777.0,1549.0,1203573.0,776.0,777.0
6695,TWSE,,0.0,0.0,51.4,51.9
6698,TWSE,,0.0,0.0,32.3,32.9
6706,TWSE,155.0,1333.0,206615.0,154.5,155.0
6715,TWSE,486.5,321.0,156164.0,486.0,486.5
6719,TWSE,190.0,215.0,40850.0,190.0,190.5
6722,TWSE,,0.0,0.0,32.7,33.0
6742,TWSE,59.6,535.0,31882.0,59.6,59.8
6743,TWSE,35.55,377.0,13401.0,35.55,35.65
6753,TWSE,131.5,158.0,20776.0,131.5,132.0
6754,TWSE,41.05,160.0,6567.0,41.05,
6756,TWSE,98.0,16.0,1568.0,97.9,98.0
6757,TWSE,53.2,24.0,1275.0,53.2,53.5
6768,TWSE,64.6,100.0,6460.0,64.5,66.2
6770,TWSE,72.8,30062.0,2188443.0,72.8,72.9
6771,TWSE,,0.0,0.0,40.85,42.45
6776,TWSE,,0.0,0.0,52.4,53.0
6781,TWSE,1030.0,358.0,368740.0,1025.0,1030.0
6782,TWSE,,0.0,0.0,231.0,233.5
6789,TWSE,485.0,910.0,441350.0,485.0,485.5
6790,TWSE,37.55,100.0,3755.0,37.55,37.6
6792,TWSE,,0.0,0.0,59.2,63.4
6794,TWSE,,0.0,0.0,72.0,
6796,TWSE,,0.0,0.0,55.4,56.2
6799,TWSE,91.5,5.0,457.0,91.0,91.5
6805,TWSE,2460.0,462.0,1136520.0,2455.0,2460.0
6807,TWSE,,0.0,0.0,32.75,32.85
6830,TWSE,535.0,336.0,179760.0,535.0,536.0
6831,TWSE,491.0,65.0,31915.0,491.0,492.0
6834,TWSE,126.0,666.0,83916.0,126.0,126.5
6835,TWSE,,0.0,0.0,31.7,32.15
6838,TWSE,,0.0,0.0,24.75,25.2
6854,TWSE,91.6,4.0,366.0,91.6,99.9
6861,TWSE,277.0,100.0,27700.0,274.0,277.0
6862,TWSE,150.0,173.0,25950.0,150.0,152.0
6863,TWSE,,0.0,0.0,96.4,
6869,TWSE,70.0,333.0,23310.0,70.0,70.5
6873,TWSE,65.4,136.0,8893.0,65.4,65.5
6885,TWSE,30.4,79.0,2401.0,30.2,30.4
6887,TWSE,,0.0,0.0,35.5,
6890,TWSE,156.0,100.0,15600.0,156.0,158.0
6901,TWSE,17.0,1605.0,27285.0,17.0,17.25
6902,TWSE,142.5,14.0,1988.0,142.5,146.0
6906,TWSE,78.0,508.0,39624.0,78.0,84.0
6908,TWSE,,0.0,0.0,26.05,26.15
6909,TWSE,43.35,70.0,3034.0,43.05,43.35
6914,TWSE,119.5,196.0,23421.0,119.0,119.5
6916,TWSE,,0.0,0.0,18.8,19.1
6918,TWSE,,0.0,0.0,73.7,74.0
6919,TWSE,78.4,2461.0,192938.0,78.3,78.4
6921,TWSE,,0.0,0.0,,
6923,TWSE,,0.0,0.0,73.6,
6924,TWSE,,0.0,0.0,129.5,131.5
6928,TWSE,,0.0,0.0,45.05,
6931,TWSE,38.35,380.0,14573.0,38.3,38.35
6933,TWSE,386.0,116.0,44776.0,386.0,387.5
6934,TWSE,,0.0,0.0,71.3,73.9
6936,TWSE,32.6,100.0,3259.0,32.0,32.6
6937,TWSE,293.5,116.0,34042.0,293.0,293.5
6944,TWSE,908.0,4189.0,3803612.0,907.0,908.0
6947,TWSE,,0.0,0.0,68.1,69.8
6949,TWSE,45.3,600.0,27177.0,45.3,45.45
6951,TWSE,,0.0,0.0,69.3,70.3
6952,TWSE,,0.0,0.0,,39.25
6955,TWSE,,0.0,0.0,93.5,
6957,TWSE,444.0,235.0,104340.0,444.0,
6958,TWSE,16.75,356.0,5961.0,16.75,17.15
6958A,TWSE,,0.0,0.0,21.3,21.5
6962,TWSE,32.95,20.0,659.0,32.95,33.15
6965,TWSE,,0.0,0.0,62.3,62.9
6969,TWSE,,0.0,0.0,30.6,
6988,TWSE,,0.0,0.0,12.55,
6994,TWSE,30.45,2.0,60.0,30.45,30.5
7610,TWSE,1815.0,501.0,909315.0,1810.0,1815.0
7631,TWSE,,0.0,0.0,139.5,140.5
7689,TWSE,158.0,85.0,13430.0,157.5,158.0
7705,TWSE,,0.0,0.0,29.8,30.6
7711,TWSE,632.0,251.0,158632.0,632.0,640.0
7721,TWSE,,0.0,0.0,61.4,61.6
7722,TWSE,269.0,447.0,120243.0,268.5,269.0
7730,TWSE,198.0,11.0,2178.0,198.0,201.0
7732,TWSE,,0.0,0.0,32.75,33.7
7736,TWSE,71.8,4.0,287.0,70.8,71.8
7740,TWSE,,0.0,0.0,108.0,110.5
7749,TWSE,408.0,10.0,4080.0,395.0,408.0
7750,TWSE,2035.0,503.0,1023605.0,2020.0,2035.0
7760,TWSE,,0.0,0.0,32.55,32.65
7765,TWSE,235.5,203.0,47806.0,233.0,235.5
7768,TWSE,301.5,151.0,45525.0,301.0,301.5
7769,TWSE,5940.0,750.0,4455000.0,5930.0,5940.0
7780,TWSE,16.1,150.0,2414.0,16.1,16.3
7786,TWSE,117.0,285.0,33345.0,116.5,117.0
7788,TWSE,330.0,427.0,140910.0,330.0,331.0
7791,TWSE,,0.0,0.0,53.9,56.8
7795,TWSE,542.0,621.0,336582.0,542.0,544.0
7799,TWSE,518.0,140.0,72520.0,518.0,523.0
7803,TWSE,,0.0,0.0,17.5,17.6
7812,TWSE,,0.0,0.0,64.6,65.0
7818,TWSE,,0.0,0.0,60.5,61.2
7821,TWSE,35.35,1.0,35.0,35.1,35.35
7822,TWSE,950.0,506.0,480700.0,950.0,953.0
7823,TWSE,79.0,20.0,1580.0,79.0,
7827,TWSE,165.0,26.0,4290.0,164.5,165.0
7835,TWSE,,0.0,0.0,19.6,19.9
7855,TWSE,,0.0,0.0,42.05,42.2
8011,TWSE,17.0,300.0,5100.0,16.95,17.0
8016,TWSE,291.0,175.0,50925.0,291.0,295.0
8021,TWSE,561.0,2288.0,1283568.0,560.0,561.0
8028,TWSE,287.0,1108.0,317996.0,287.0,289.0
8033,TWSE,175.5,658.0,115477.0,174.5,175.5
8039,TWSE,304.5,12091.0,3681680.0,304.5,305.0
8045,TWSE,,0.0,0.0,55.5,
8046,TWSE,1480.0,2811.0,4160280.0,1480.0,1485.0
8070,TWSE,,0.0,0.0,51.8,52.0
8072,TWSE,27.05,26.0,703.0,27.05,30.1
8081,TWSE,262.5,78.0,20475.0,262.5,267.5
8101,TWSE,10.15,365.0,3702.0,10.05,10.25
8103,TWSE,119.0,412.0,49028.0,118.5,119.0
8104,TWSE,31.0,162.0,5022.0,31.0,32.5
8105,TWSE,15.2,51.0,775.0,15.2,15.35
8110,TWSE,49.4,1111.0,54880.0,49.35,49.4
8112,TWSE,84.1,1663.0,139855.0,84.0,84.1
8112A,TWSE,45.5,112.0,5095.0,45.5,45.6
8114,TWSE,178.5,50.0,8925.0,177.5,178.5
8131,TWSE,68.4,1789.0,122363.0,68.4,68.6
8150,TWSE,129.0,10323.0,1331667.0,128.5,129.0
8162,TWSE,64.6,159.0,10271.0,64.6,65.0
8163,TWSE,29.95,502.0,15030.0,29.95,30.8
8201,TWSE,16.9,513.0,8666.0,16.8,16.9
8210,TWSE,880.0,1054.0,927520.0,880.0,886.0
8213,TWSE,37.7,2114.0,79693.0,37.7,
8215,TWSE,27.95,600.0,16767.0,27.95,28.0
8222,TWSE,35.4,51.0,1805.0,35.1,35.4
8249,TWSE,39.85,700.0,27893.0,39.8,39.85
8261,TWSE,192.0,3788.0,727296.0,191.5,192.0
8271,TWSE,202.0,705.0,142410.0,202.0,203.0
8341,TWSE,74.5,18.0,1341.0,74.5,75.9
8367,TWSE,,0.0,0.0,39.0,40.8
8374,TWSE,75.5,470.0,35485.0,75.2,75.5
8404,TWSE,13.4,150.0,2010.0,13.4,
8411,TWSE,,0.0,0.0,11.7,11.8
8422,TWSE,25.65,1052.0,26979.0,25.65,25.75
8429,TWSE,5.92,169.0,1000.0,5.92,6.2
8438,TWSE,,0.0,0.0,81.4,
8442,TWSE,46.1,171.0,7883.0,46.1,46.25
8443,TWSE,11.05,120.0,1325.0,11.05,11.15
8454,TWSE,243.5,1494.0,363784.0,243.5,244.5
8462,TWSE,158.5,261.0,41368.0,158.0,158.5
8463,TWSE,,0.0,0.0,21.0,21.25
8464,TWSE,365.5,11.0,4019.0,364.0,365.5
8466,TWSE,,0.0,0.0,14.85,16.9
8467,TWSE,92.1,40.0,3684.0,89.4,92.1
8473,TWSE,39.9,960.0,38301.0,39.9,40.6
8476,TWSE,20.75,5.0,103.0,20.75,20.95
8478,TWSE,142.0,10.0,1420.0,141.5,142.0
8481,TWSE,,0.0,0.0,40.6,42.9
8482,TWSE,,0.0,0.0,48.0,48.15
8487,TWSE,,0.0,0.0,72.0,77.0
8488,TWSE,,0.0,0.0,9.7,9.85
8499,TWSE,253.5,100.0,25350.0,248.5,253.5
8926,TWSE,60.3,1812.0,109257.0,60.3,61.0
8940,TWSE,,0.0,0.0,15.2,
8996,TWSE,1635.0,407.0,665445.0,1635.0,1640.0
9103,TWSE,5.35,900.0,4815.0,5.35,5.36
910322,TWSE,,0.0,0.0,23.2,23.5
9105,TWSE,8.89,6734.0,59849.0,8.88,8.89
910861,TWSE,,0.0,0.0,4.5,4.58
9110,TWSE,,0.0,0.0,3.2,
911608,TWSE,,0.0,0.0,2.5,
911622,TWSE,,0.0,0.0,3.61,3.73
911868,TWSE,,0.0,0.0,1.2,
912000,TWSE,,0.0,0.0,2.43,2.6
9136,TWSE,,0.0,0.0,9.32,10.0
9802,TWSE,,0.0,0.0,65.5,65.8
9902,TWSE,12.95,496.0,6420.0,12.95,14.2
9904,TWSE,24.95,1581.0,39439.0,24.9,24.95
9905,TWSE,,0.0,0.0,21.25,21.35
9906,TWSE,,0.0,0.0,39.75,40.15
9907,TWSE,14.7,1703.0,25030.0,14.7,14.75
9908,TWSE,29.05,50.0,1451.0,29.05,29.35
9910,TWSE,66.3,787.0,52175.0,66.3,66.5
9911,TWSE,81.4,308.0,25067.0,81.4,81.5
9912,TWSE,,0.0,0.0,13.05,13.1
9914,TWSE,67.4,299.0,20151.0,67.4,67.5
9917,TWSE,106.5,877.0,93396.0,106.0,106.5
9918,TWSE,42.8,150.0,6420.0,42.8,42.95
9919,TWSE,14.65,829.0,12143.0,14.6,14.65
9921,TWSE,91.4,601.0,54931.0,91.4,91.5
9924,TWSE,37.8,300.0,11340.0,37.7,37.8
9925,TWSE,39.45,96.0,3785.0,39.4,39.45
9926,TWSE,,0.0,0.0,48.75,49.15
9927,TWSE,62.5,780.0,48748.0,62.4,62.5
9928,TWSE,17.7,245.0,4335.0,17.7,17.9
9929,TWSE,12.55,1.0,12.0,12.55,
9930,TWSE,58.7,1164.0,68321.0,58.6,58.7
9931,TWSE,33.65,703.0,23654.0,33.65,33.85
9933,TWSE,43.8,2208.0,96704.0,43.8,44.2
9934,TWSE,9.82,105.0,1031.0,9.75,9.82
9935,TWSE,18.25,1.0,18.0,18.25,18.3
9937,TWSE,54.3,1.0,54.0,54.3,54.5
9938,TWSE,39.4,1.0,39.0,39.4,39.65
9939,TWSE,127.5,379.0,48321.0,126.5,127.5
9940,TWSE,20.0,151.0,3020.0,19.95,20.0
9941,TWSE,76.3,1538.0,117345.0,76.3,76.4
9941A,TWSE,48.55,13.0,631.0,48.55,48.75
9942,TWSE,,0.0,0.0,115.0,116.0
9943,TWSE,50.3,30.0,1509.0,50.2,50.3
9944,TWSE,17.25,50.0,862.0,17.1,17.25
9945,TWSE,29.1,2110.0,61396.0,29.1,29.2
9946,TWSE,16.65,260.0,4328.0,16.6,16.65
9955,TWSE,23.95,42.0,1001.0,23.95,24.0
9958,TWSE,89.5,715.0,63990.0,89.4,89.5
,TWSE,,2283879.0,656707310.0,,
00411A,TPEX,11.24,4404.0,49496.0,11.24,11.3
006201,TPEX,48.61,301.0,14627.0,48.61,48.63
00679B,TPEX,24.32,1742.0,42360.0,24.32,24.33
00687B,TPEX,25.26,1673.0,42256.0,25.26,25.27
00687C,TPEX,,0.0,0.0,,
00694B,TPEX,,0.0,0.0,41.5,41.7
00695B,TPEX,,0.0,0.0,33.35,33.56
00696B,TPEX,,0.0,0.0,26.5,26.6
00697B,TPEX,33.81,200.0,6761.0,33.8,33.81
00719B,TPEX,31.05,200.0,6210.0,31.02,31.05
00720B,TPEX,30.54,1564.0,47762.0,30.54,30.57
00722B,TPEX,,0.0,0.0,32.75,32.85
00723B,TPEX,,0.0,0.0,27.84,28.15
00724B,TPEX,,0.0,0.0,31.34,
00725B,TPEX,32.55,1558.0,50708.0,32.54,32.55
00726B,TPEX,,0.0,0.0,31.0,31.1
00727B,TPEX,,0.0,0.0,38.8,39.15
00734B,TPEX,,0.0,0.0,14.81,14.9
00740B,TPEX,,0.0,0.0,35.59,35.62
00741B,TPEX,,0.0,0.0,36.7,36.85
00746B,TPEX,,0.0,0.0,32.81,33.15
00749B,TPEX,,0.0,0.0,29.34,29.45
00750B,TPEX,,0.0,0.0,30.13,30.4
00751B,TPEX,28.58,1588.0,45379.0,28.56,28.58
00754B,TPEX,,0.0,0.0,29.98,30.05
00755B,TPEX,,0.0,0.0,30.13,30.25
00756B,TPEX,28.73,50.0,1436.0,28.73,
00758B,TPEX,,0.0,0.0,47.51,47.95
00759B,TPEX,,0.0,0.0,49.97,50.5
00760B,TPEX,,0.0,0.0,49.73,49.9
00761B,TPEX,,0.0,0.0,31.4,31.6
00764B,TPEX,25.18,210.0,5286.0,25.16,25.18
00768B,TPEX,,0.0,0.0,45.24,45.34
00772B,TPEX,30.9,437.0,13500.0,30.89,30.9
00773B,TPEX,33.14,5.0,165.0,33.09,33.14
00777B,TPEX,,0.0,0.0,29.5,29.75
00778B,TPEX,,0.0,0.0,31.48,
00779B,TPEX,,0.0,0.0,25.49,
00780B,TPEX,,0.0,0.0,35.22,35.4
00781B,TPEX,,0.0,0.0,25.49,25.51
00782B,TPEX,,0.0,0.0,28.06,28.15
00785B,TPEX,,0.0,0.0,32.7,
00786B,TPEX,,0.0,0.0,30.21,30.5
00787B,TPEX,,0.0,0.0,29.96,30.05
00788B,TPEX,,0.0,0.0,27.88,28.0
00789B,TPEX,,0.0,0.0,43.7,44.09
00791B,TPEX,,0.0,0.0,55.9,56.5
00792B,TPEX,,0.0,0.0,28.64,28.9
00795B,TPEX,24.43,500.0,12213.0,24.43,24.49
00799B,TPEX,28.5,100.0,2850.0,27.2,28.5
00834B,TPEX,,0.0,0.0,31.6,31.88
00836B,TPEX,,0.0,0.0,26.05,26.3
00840B,TPEX,,0.0,0.0,27.13,
00841B,TPEX,,0.0,0.0,26.0,
00842B,TPEX,,0.0,0.0,27.95,
00844B,TPEX,,0.0,0.0,28.84,29.11
00845B,TPEX,,0.0,0.0,31.22,31.55
00846B,TPEX,,0.0,0.0,33.8,34.1
00848B,TPEX,,0.0,0.0,31.9,32.1
00849B,TPEX,,0.0,0.0,37.0,37.4
00853B,TPEX,,0.0,0.0,25.2,25.35
00856B,TPEX,,0.0,0.0,,37.35
00857B,TPEX,20.99,500.0,10495.0,20.98,21.04
00858,TPEX,36.86,56.0,2063.0,36.85,36.86
00859B,TPEX,40.74,440.0,17925.0,40.43,40.74
00860B,TPEX,,0.0,0.0,37.51,37.9
00862B,TPEX,,0.0,0.0,28.91,29.0
00863B,TPEX,,0.0,0.0,29.0,
00864B,TPEX,46.22,120.0,5545.0,46.21,46.22
00867B,TPEX,,0.0,0.0,28.2,28.5
00870B,TPEX,,0.0,0.0,25.86,26.1
00877,TPEX,34.96,645.0,22547.0,34.9,34.96
00884B,TPEX,,0.0,0.0,27.0,27.25
00886,TPEX,49.91,97.0,4840.0,49.4,49.91
00887,TPEX,15.12,498.0,7527.0,15.09,15.12
00888,TPEX,36.89,2035.0,75065.0,36.89,37.0
00890B,TPEX,,0.0,0.0,29.74,29.85
00928,TPEX,35.55,100.0,3554.0,35.45,35.55
00931B,TPEX,12.3,500.0,6149.0,12.3,12.32
00933B,TPEX,14.85,683.0,10140.0,14.84,14.85
00937B,TPEX,13.59,1997.0,27133.0,13.58,13.59
00942B,TPEX,,0.0,0.0,13.05,13.1
00948B,TPEX,8.72,50.0,436.0,8.7,8.72
00950B,TPEX,12.99,100.0,1299.0,12.98,12.99
00955,TPEX,15.9,974.0,15483.0,15.88,15.9
00957B,TPEX,,0.0,0.0,12.33,12.4
00958B,TPEX,,0.0,0.0,8.54,8.56
00959B,TPEX,,0.0,0.0,8.62,8.69
00966B,TPEX,,0.0,0.0,12.72,12.85
00967B,TPEX,,0.0,0.0,8.42,
00968B,TPEX,,0.0,0.0,8.57,8.58
00969B,TPEX,,0.0,0.0,7.1,
00970B,TPEX,8.62,67.0,577.0,8.62,8.99
009806,TPEX,,0.0,0.0,13.9,14.05
009807,TPEX,,0.0,0.0,18.28,18.4
00980B,TPEX,,0.0,0.0,8.73,8.76
00980D,TPEX,,0.0,0.0,19.39,19.44
00980T,TPEX,,0.0,0.0,12.28,12.35
009814,TPEX,11.62,338.0,3926.0,11.61,11.62
009815,TPEX,12.33,595.0,7331.0,12.3,12.33
00981B,TPEX,8.94,1182.0,10566.0,8.94,
00981D,TPEX,10.11,250.0,2527.0,10.09,10.11
009822,TPEX,,0.0,0.0,9.45,9.48
009823,TPEX,10.64,468.0,4978.0,10.64,10.66
009825,TPEX,,0.0,0.0,9.74,
00982B,TPEX,,0.0,0.0,,9.01
00983B,TPEX,14.14,280.0,3957.0,7.07,14.14
00984B,TPEX,,0.0,0.0,14.98,
00985D,TPEX,,0.0,0.0,9.38,9.5
00986B,TPEX,,0.0,0.0,9.12,9.18
00986D,TPEX,,0.0,0.0,13.8,13.9
00987B,TPEX,,0.0,0.0,15.15,15.25
00987D,TPEX,,0.0,0.0,9.36,
00988B,TPEX,,0.0,0.0,19.05,19.16
00989B,TPEX,,0.0,0.0,9.86,9.89
00990B,TPEX,,0.0,0.0,9.8,
00998A,TPEX,16.8,3937.0,66137.0,16.8,16.94
1240,TPEX,,0.0,0.0,53.9,54.3
1259,TPEX,,0.0,0.0,64.3,65.4
1264,TPEX,250.0,58.0,14500.0,249.5,250.0
1268,TPEX,175.0,25.0,4375.0,174.0,175.0
1294,TPEX,,0.0,0.0,49.8,49.9
1295,TPEX,50.0,100.0,5000.0,50.0,50.4
1336,TPEX,18.15,1.0,18.0,18.15,19.0
1565,TPEX,97.3,100.0,9729.0,97.3,97.5
1569,TPEX,73.0,565.0,41245.0,73.0,
1570,TPEX,,0.0,0.0,32.75,32.8
1580,TPEX,96.3,25.0,2407.0,96.2,96.3
1584,TPEX,18.1,224.0,4052.0,18.1,18.15
1586,TPEX,17.7,154.0,2725.0,17.7,17.8
1591,TPEX,41.5,443.0,18384.0,41.5,
1593,TPEX,,0.0,0.0,31.65,33.0
1595,TPEX,72.3,521.0,37668.0,72.3,74.6
1599,TPEX,22.85,21.0,478.0,22.85,22.9
1742,TPEX,,0.0,0.0,17.5,17.7
1777,TPEX,,0.0,0.0,75.0,75.4
1780,TPEX,,0.0,0.0,24.5,24.6
1781,TPEX,,0.0,0.0,9.99,10.5
1784,TPEX,59.4,283.0,16809.0,59.4,60.2
1785,TPEX,108.0,3485.0,376380.0,108.0,108.5
1788,TPEX,127.5,30.0,3824.0,127.5,129.0
1796,TPEX,,0.0,0.0,29.1,30.1
1799,TPEX,28.1,623.0,17504.0,28.0,28.1
1813,TPEX,11.2,1000.0,11193.0,11.2,11.3
1815,TPEX,133.5,12430.0,1659381.0,133.5,134.0
2035,TPEX,,0.0,0.0,26.6,27.6
2061,TPEX,69.9,159.0,11113.0,69.9,
2063,TPEX,23.55,99.0,2331.0,23.4,23.55
2064,TPEX,11.95,2.0,22.0,11.7,11.95
2065,TPEX,35.45,338.0,11981.0,35.45,35.7
2066,TPEX,,0.0,0.0,51.0,54.9
2070,TPEX,62.3,118.0,7351.0,62.3,62.4
2073,TPEX,,0.0,0.0,25.65,25.7
2221,TPEX,190.0,30.0,5700.0,190.0,190.5
2230,TPEX,21.75,70.0,1521.0,21.7,21.75
2235,TPEX,,0.0,0.0,27.05,28.55
2596,TPEX,33.7,537.0,18095.0,33.7,34.2
2640,TPEX,156.0,33.0,5148.0,156.0,160.5
2641,TPEX,17.3,75.0,1297.0,17.3,17.35
2643,TPEX,,0.0,0.0,62.3,63.0
2718,TPEX,,0.0,0.0,39.1,39.85
2719,TPEX,18.55,476.0,8829.0,18.55,19.25
2724,TPEX,,0.0,0.0,12.5,
2726,TPEX,,0.0,0.0,7.9,8.03
2729,TPEX,,0.0,0.0,154.5,155.0
2732,TPEX,,0.0,0.0,63.3,63.4
2734,TPEX,14.35,219.0,3142.0,14.25,14.35
2736,TPEX,,0.0,0.0,11.05,11.2
2740,TPEX,30.9,500.0,15449.0,30.9,31.05
2743,TPEX,51.5,30.0,1545.0,51.5,51.6
2745,TPEX,,0.0,0.0,85.1,92.0
2751,TPEX,,0.0,0.0,54.3,54.5
2752,TPEX,,0.0,0.0,178.0,178.5
2754,TPEX,,0.0,0.0,67.5,67.6
2755,TPEX,,0.0,0.0,97.9,98.3
2756,TPEX,60.7,342.0,20758.0,60.7,61.4
2916,TPEX,,0.0,0.0,40.5,42.45
2924,TPEX,,0.0,0.0,16.6,18.35
2926,TPEX,,0.0,0.0,30.0,30.3
2937,TPEX,,0.0,0.0,42.8,45.0
2938,TPEX,,0.0,0.0,18.15,18.4
2941,TPEX,,0.0,0.0,29.6,31.35
2947,TPEX,60.7,228.0,13838.0,60.7,
2948,TPEX,34.55,32.0,1105.0,34.55,36.6
2949,TPEX,,0.0,0.0,59.0,63.2
3064,TPEX,,0.0,0.0,14.55,
3066,TPEX,26.85,70.0,1879.0,26.85,
3067,TPEX,,0.0,0.0,,17.0
3071,TPEX,22.75,50.0,1137.0,22.75,23.45
3073,TPEX,20.0,221.0,4420.0,20.0,20.55
3078,TPEX,46.3,28.0,1296.0,46.3,46.5
3081,TPEX,3145.0,3101.0,9752645.0,3140.0,3145.0
3083,TPEX,,0.0,0.0,23.05,23.5
3086,TPEX,27.1,260.0,7044.0,27.1,27.4
3088,TPEX,133.0,198.0,26334.0,133.0,134.0
3093,TPEX,46.5,101.0,4696.0,46.5,47.9
3095,TPEX,32.05,189.0,6055.0,32.05,32.95
3105,TPEX,588.0,2667.0,1568196.0,588.0,589.0
3114,TPEX,39.45,2588.0,102090.0,39.45,39.5
3115,TPEX,,0.0,0.0,8.01,8.15
3118,TPEX,31.15,1.0,31.0,31.15,31.25
3122,TPEX,24.2,1.0,24.0,24.2,25.4
3128,TPEX,20.2,262.0,5292.0,20.2,
3131,TPEX,2485.0,154.0,382690.0,2485.0,2500.0
3141,TPEX,81.4,609.0,49570.0,81.2,81.4
3147,TPEX,293.0,481.0,140933.0,293.0,295.0
3152,TPEX,242.5,369.0,89480.0,242.5,243.5
3158,TPEX,,0.0,0.0,85.2,85.4
3162,TPEX,,0.0,0.0,83.2,83.4
3163,TPEX,702.0,1873.0,1314846.0,702.0,703.0
3169,TPEX,110.0,310.0,34100.0,110.0,111.5
3171,TPEX,,0.0,0.0,57.5,57.9
3176,TPEX,38.1,252.0,9601.0,38.1,38.5
3178,TPEX,,0.0,0.0,67.3,69.6
3188,TPEX,22.5,159.0,3577.0,22.4,22.5
3191,TPEX,,0.0,0.0,17.3,17.55
3205,TPEX,46.4,49.0,2272.0,46.4,46.55
3206,TPEX,34.15,1.0,34.0,34.15,34.35
3207,TPEX,,0.0,0.0,39.2,
3211,TPEX,390.0,459.0,179010.0,390.0,391.5
3213,TPEX,124.0,151.0,18724.0,123.5,124.0
3217,TPEX,128.0,565.0,72320.0,128.0,133.0
3218,TPEX,134.0,100.0,13400.0,134.0,134.5
3219,TPEX,132.0,994.0,131208.0,131.0,132.0
3221,TPEX,54.6,1028.0,56126.0,54.5,54.6
3224,TPEX,,0.0,0.0,32.1,32.55
3226,TPEX,56.5,334.0,18871.0,56.5,57.8
3227,TPEX,187.0,482.0,90134.0,187.0,188.5
3228,TPEX,165.0,246.0,40590.0,165.0,168.0
3230,TPEX,40.55,51.0,2067.0,40.55,
3232,TPEX,19.95,200.0,3990.0,19.85,19.95
3234,TPEX,192.0,8538.0,1639296.0,191.5,192.0
3236,TPEX,56.2,3761.0,211355.0,56.2,56.4
3252,TPEX,15.25,11.0,167.0,15.25,15.3
3259,TPEX,,0.0,0.0,11.4,11.55
3260,TPEX,372.0,3325.0,1236900.0,371.0,372.0
3264,TPEX,252.0,5036.0,1269072.0,251.5,252.0
3265,TPEX,217.0,1182.0,256494.0,217.0,
3268,TPEX,,0.0,0.0,24.1,24.3
3272,TPEX,,0.0,0.0,13.7,13.95
3276,TPEX,14.1,2.0,28.0,14.1,14.15
3284,TPEX,21.7,540.0,11717.0,21.7,22.45
3285,TPEX,,0.0,0.0,42.5,43.0
3287,TPEX,39.3,21.0,825.0,39.3,39.4
3288,TPEX,21.85,50.0,1091.0,21.85,21.95
3289,TPEX,143.0,27.0,3861.0,142.5,143.5
3290,TPEX,50.6,401.0,20289.0,50.5,50.6
3293,TPEX,780.0,1005.0,783900.0,779.0,780.0
3294,TPEX,32.1,1.0,32.0,32.1,32.15
3297,TPEX,,0.0,0.0,34.0,34.35
3303,TPEX,50.3,50.0,2514.0,50.2,50.3
3306,TPEX,47.3,2.0,94.0,47.3,47.45
3310,TPEX,,0.0,0.0,67.2,68.2
3313,TPEX,10.35,32.0,331.0,10.35,10.8
3317,TPEX,68.4,857.0,58613.0,68.4,68.7
3322,TPEX,11.1,119.0,1320.0,11.05,11.1
3323,TPEX,29.8,225.0,6703.0,29.6,29.8
3324,TPEX,1530.0,963.0,1473390.0,1525.0,1530.0
3325,TPEX,11.15,2128.0,23722.0,11.15,11.2
3332,TPEX,,0.0,0.0,63.6,64.6
3339,TPEX,45.4,68.0,3086.0,45.4,46.0
3349,TPEX,,0.0,0.0,18.2,18.5
3354,TPEX,30.6,24.0,733.0,30.6,31.15
3357,TPEX,227.0,183.0,41541.0,227.0,227.5
3360,TPEX,16.3,18.0,292.0,15.25,16.3
3362,TPEX,195.5,1728.0,337821.0,195.0,195.5
3363,TPEX,682.0,941.0,641762.0,682.0,683.0
3372,TPEX,16.6,169.0,2805.0,16.5,16.6
3373,TPEX,17.1,641.0,10960.0,17.1,17.15
3374,TPEX,497.0,2836.0,1409492.0,496.5,497.0
3379,TPEX,27.3,1.0,27.0,27.3,
3388,TPEX,86.5,4.0,346.0,86.5,88.6
3390,TPEX,22.2,1.0,22.0,22.2,22.3
3402,TPEX,138.5,712.0,98612.0,138.5,140.0
3430,TPEX,113.0,340.0,38420.0,113.0,113.5
3434,TPEX,,0.0,0.0,31.15,31.4
3438,TPEX,60.4,631.0,38111.0,60.4,60.5
3441,TPEX,251.5,3489.0,877461.0,251.5,252.0
3444,TPEX,78.4,20.0,1568.0,78.4,83.0
3455,TPEX,281.5,446.0,125545.0,281.5,283.5
3465,TPEX,,0.0,0.0,28.9,29.9
3466,TPEX,27.5,610.0,16773.0,27.35,27.5
3467,TPEX,71.5,3.0,214.0,71.2,71.5
3479,TPEX,140.0,500.0,70000.0,135.5,140.0
3483,TPEX,79.0,688.0,54352.0,78.9,79.0
3484,TPEX,49.5,61.0,3018.0,49.5,49.7
3485,TPEX,222.0,22.0,4884.0,222.0,222.5
3489,TPEX,,0.0,0.0,22.3,22.45
3490,TPEX,45.7,381.0,17410.0,45.7,45.75
3491,TPEX,1700.0,1723.0,2929100.0,1695.0,1700.0
3492,TPEX,,0.0,0.0,19.1,19.4
3498,TPEX,231.0,852.0,196812.0,230.5,231.0
3499,TPEX,,0.0,0.0,13.35,13.5
3508,TPEX,25.0,5.0,125.0,25.0,25.05
3511,TPEX,19.95,90.0,1795.0,19.95,20.2
3512,TPEX,19.1,13.0,248.0,19.1,20.95
3516,TPEX,26.5,35.0,927.0,25.8,26.5
3520,TPEX,17.7,297.0,5254.0,17.7,17.8
3521,TPEX,,0.0,0.0,11.55,
3522,TPEX,12.0,200.0,2400.0,11.9,12.0
3523,TPEX,13.8,6.0,82.0,13.8,15.45
3526,TPEX,275.0,500.0,137500.0,275.0,275.5
3527,TPEX,49.8,770.0,38344.0,49.8,50.8
3529,TPEX,3030.0,770.0,2333100.0,3025.0,3030.0
3531,TPEX,21.0,670.0,14070.0,21.0,
3537,TPEX,56.5,22.0,1243.0,56.3,56.5
3540,TPEX,24.0,287.0,6888.0,24.0,24.05
3541,TPEX,,0.0,0.0,24.4,24.45
3546,TPEX,72.4,676.0,48940.0,72.4,72.7
3548,TPEX,74.5,30.0,2235.0,74.5,74.6
3551,TPEX,200.0,211.0,42200.0,199.5,200.0
3552,TPEX,43.8,328.0,14365.0,43.8,44.05
3555,TPEX,163.0,20.0,3260.0,163.0,169.0
3556,TPEX,65.6,336.0,22040.0,65.6,65.7
3558,TPEX,134.5,202.0,27169.0,134.0,134.5
3564,TPEX,61.0,100.0,6100.0,61.0,61.5
3567,TPEX,,0.0,0.0,26.0,26.05
3570,TPEX,,0.0,0.0,167.5,169.5
3577,TPEX,110.5,100.0,11050.0,110.5,114.0
3580,TPEX,103.5,96.0,9934.0,103.0,103.5
3581,TPEX,116.0,50.0,5800.0,115.0,116.0
3587,TPEX,247.0,327.0,80769.0,246.5,247.0
3594,TPEX,46.4,1.0,46.0,46.4,46.5
3597,TPEX,36.75,43.0,1580.0,36.75,
3609,TPEX,,0.0,0.0,24.2,24.7
3611,TPEX,182.5,226.0,41244.0,182.0,182.5
3615,TPEX,43.7,238.0,10399.0,43.7,44.0
3623,TPEX,29.7,9.0,266.0,29.7,30.0
3624,TPEX,159.5,1214.0,193631.0,159.5,
3625,TPEX,10.05,310.0,3112.0,10.05,10.1
3628,TPEX,72.7,5.0,363.0,72.6,72.7
3629,TPEX,,0.0,0.0,14.0,
3630,TPEX,28.45,469.0,13324.0,28.45,28.5
3631,TPEX,43.2,382.0,16502.0,43.05,43.2
3646,TPEX,25.0,1.0,25.0,25.0,25.2
3663,TPEX,62.9,153.0,9623.0,62.8,62.9
3664,TPEX,,0.0,0.0,8.1,8.22
3666,TPEX,,0.0,0.0,25.2,25.4
3672,TPEX,,0.0,0.0,12.85,12.9
3675,TPEX,359.5,1892.0,680168.0,359.5,360.0
3680,TPEX,567.0,533.0,302211.0,567.0,568.0
3684,TPEX,60.0,609.0,36540.0,59.9,60.0
3685,TPEX,,0.0,0.0,35.1,35.3
3687,TPEX,60.7,2.0,121.0,60.7,61.5
3689,TPEX,118.0,50.0,5900.0,117.0,118.0
3691,TPEX,104.5,316.0,33022.0,104.5,105.5
3693,TPEX,718.0,659.0,473162.0,718.0,719.0
3707,TPEX,90.0,6164.0,554760.0,90.0,90.2
3709,TPEX,65.5,827.0,54168.0,65.4,65.5
3710,TPEX,8.22,2255.0,18530.0,8.22,8.25
3713,TPEX,,0.0,0.0,13.3,14.95
3718,TPEX,63.7,1934.0,123186.0,63.4,63.7
4102,TPEX,18.5,355.0,6567.0,18.5,18.65
4105,TPEX,80.7,441.0,35585.0,80.4,80.7
4107,TPEX,109.5,96.0,10511.0,109.5,111.5
4109,TPEX,10.95,75.0,821.0,10.9,10.95
4111,TPEX,29.0,100.0,2900.0,28.9,29.0
4113,TPEX,,0.0,0.0,14.75,
4114,TPEX,29.15,2210.0,64415.0,29.15,29.2
4116,TPEX,,0.0,0.0,38.5,39.9
4120,TPEX,,0.0,0.0,45.4,45.8
4121,TPEX,12.7,242.0,3071.0,12.7,12.85
4123,TPEX,31.1,4280.0,133097.0,31.0,31.1
4126,TPEX,,0.0,0.0,77.5,77.8
4127,TPEX,43.0,1.0,43.0,43.0,44.2
4128,TPEX,15.3,798.0,12203.0,15.25,15.3
4129,TPEX,83.1,84.0,6980.0,83.1,83.4
4131,TPEX,30.0,499.0,14970.0,,30.0
4138,TPEX,53.8,6.0,322.0,53.5,53.8
4139,TPEX,,0.0,0.0,42.7,43.3
4147,TPEX,61.7,252.0,15548.0,61.7,61.9
4153,TPEX,31.15,5.0,155.0,31.15,31.65
4154,TPEX,,0.0,0.0,11.4,12.35
4157,TPEX,,0.0,0.0,8.5,8.55
4160,TPEX,38.95,26.0,1012.0,38.95,39.95
4161,TPEX,,0.0,0.0,21.0,21.6
4162,TPEX,56.0,22.0,1232.0,56.0,56.5
4163,TPEX,,0.0,0.0,134.0,134.5
4166,TPEX,,0.0,0.0,23.75,24.0
4167,TPEX,20.3,3594.0,72949.0,20.3,20.35
4168,TPEX,22.9,158.0,3614.0,22.9,23.0
4171,TPEX,18.4,1542.0,28356.0,18.4,
4173,TPEX,17.25,16.0,276.0,17.25,17.3
4174,TPEX,51.8,2944.0,152498.0,51.8,51.9
4175,TPEX,51.0,232.0,11832.0,50.9,51.0
4183,TPEX,,0.0,0.0,13.35,14.75
4188,TPEX,13.85,1.0,13.0,13.85,14.0
4192,TPEX,,0.0,0.0,17.7,17.8
4198,TPEX,,0.0,0.0,46.35,47.0
4205,TPEX,67.7,210.0,14216.0,67.7,68.3
4207,TPEX,19.2,1000.0,19198.0,19.15,19.2
4303,TPEX,31.5,3236.0,101934.0,31.5,31.55
4304,TPEX,,0.0,0.0,16.3,16.5
4305,TPEX,,0.0,0.0,41.2,
4401,TPEX,,0.0,0.0,13.55,13.8
4402,TPEX,12.95,101.0,1307.0,12.95,13.6
4406,TPEX,10.05,202.0,2030.0,9.96,10.05
4413,TPEX,,0.0,0.0,19.7,20.45
4416,TPEX,12.65,10.0,125.0,12.5,12.65
4417,TPEX,48.3,306.0,14776.0,48.3,48.7
4419,TPEX,,0.0,0.0,45.4,48.5
4420,TPEX,35.4,509.0,18017.0,35.35,35.4
4430,TPEX,17.85,290.0,5176.0,17.8,17.85
4432,TPEX,,0.0,0.0,15.45,
4433,TPEX,18.05,4.0,72.0,18.05,19.8
4442,TPEX,,0.0,0.0,53.1,
4502,TPEX,,0.0,0.0,15.25,15.8
4503,TPEX,23.6,392.0,9250.0,23.6,23.8
4506,TPEX,117.5,500.0,58747.0,117.5,118.5
4510,TPEX,,0.0,0.0,42.15,43.3
4513,TPEX,16.1,428.0,6889.0,16.1,16.2
4523,TPEX,,0.0,0.0,24.0,24.4
4527,TPEX,45.0,800.0,36000.0,45.0,45.05
4528,TPEX,14.75,1.0,14.0,14.7,14.75
4529,TPEX,,0.0,0.0,3.23,3.31
4530,TPEX,,0.0,0.0,23.75,24.45
4533,TPEX,25.55,30.0,765.0,25.3,25.55
4534,TPEX,29.9,46.0,1374.0,29.85,29.9
4535,TPEX,26.6,89.0,2367.0,26.6,29.15
4538,TPEX,,0.0,0.0,17.1,17.45
4541,TPEX,59.2,137.0,8109.0,59.2,59.9
4542,TPEX,338.5,469.0,158753.0,338.5,340.0
4543,TPEX,32.75,2423.0,79345.0,32.75,
4549,TPEX,98.0,370.0,36260.0,98.0,99.3
4550,TPEX,24.6,200.0,4920.0,24.0,24.9
4554,TPEX,27.7,140.0,3877.0,27.7,27.75
4556,TPEX,146.0,506.0,73876.0,145.0,146.0
4558,TPEX,,0.0,0.0,16.45,17.1
4561,TPEX,42.05,200.0,8410.0,42.0,42.2
4563,TPEX,53.0,3.0,159.0,52.7,53.0
4568,TPEX,38.45,1.0,38.0,38.45,39.0
4577,TPEX,89.0,2.0,178.0,89.0,91.5
4580,TPEX,,0.0,0.0,82.5,83.0
4584,TPEX,,0.0,0.0,37.8,41.9
4609,TPEX,,0.0,0.0,4.1,4.41
4702,TPEX,9.33,100.0,932.0,9.33,9.34
4706,TPEX,43.15,2.0,86.0,43.15,
4707,TPEX,32.6,1295.0,42214.0,32.6,32.7
4711,TPEX,17.7,28.0,493.0,17.7,17.85
4714,TPEX,11.95,172.0,2055.0,11.95,12.0
4716,TPEX,20.0,220.0,4400.0,20.0,20.95
4721,TPEX,82.4,2.0,164.0,82.3,82.6
4726,TPEX,,0.0,0.0,22.5,23.6
4728,TPEX,395.5,1.0,395.0,395.5,397.0
4729,TPEX,19.45,562.0,10930.0,19.45,19.55
4735,TPEX,38.0,1.0,38.0,38.0,38.15
4741,TPEX,40.8,106.0,4324.0,40.8,
4743,TPEX,47.4,647.0,30663.0,47.4,47.45
4744,TPEX,28.15,1.0,28.0,28.15,28.55
4745,TPEX,12.05,480.0,5784.0,12.05,12.2
4747,TPEX,23.0,214.0,4922.0,22.8,23.0
4749,TPEX,794.0,782.0,620908.0,793.0,794.0
4754,TPEX,37.8,110.0,4156.0,37.8,38.1
4760,TPEX,337.0,1091.0,367667.0,336.5,337.0
4767,TPEX,,0.0,0.0,28.25,28.35
4768,TPEX,364.5,2078.0,757428.0,364.0,364.5
4772,TPEX,278.0,1135.0,315530.0,278.0,290.0
4806,TPEX,,0.0,0.0,11.2,11.35
4903,TPEX,46.75,1513.0,70729.0,46.75,
4905,TPEX,92.3,50.0,4615.0,92.3,92.8
4907,TPEX,,0.0,0.0,42.85,43.0
4908,TPEX,254.0,1724.0,437896.0,254.0,
4909,TPEX,37.05,5.0,185.0,37.0,37.05
4911,TPEX,28.05,80.0,2244.0,28.05,28.1
4923,TPEX,63.5,112.0,7111.0,63.1,63.5
4924,TPEX,,0.0,0.0,15.7,
4931,TPEX,245.0,7720.0,1891400.0,245.0,247.5
4933,TPEX,,0.0,0.0,53.2,53.4
4939,TPEX,76.7,1127.0,86433.0,76.6,76.7
4946,TPEX,92.6,363.0,33612.0,92.6,98.5
4950,TPEX,15.55,180.0,2798.0,15.55,15.75
4951,TPEX,89.3,100.0,8930.0,89.3,92.1
4953,TPEX,121.0,781.0,94501.0,118.0,121.0
4966,TPEX,568.0,321.0,182328.0,568.0,570.0
4971,TPEX,608.0,282.0,171456.0,608.0,612.0
4972,TPEX,16.35,123.0,2010.0,16.3,16.35
4973,TPEX,137.0,40.0,5480.0,137.0,149.0
4974,TPEX,70.0,1.0,70.0,69.8,70.0
4979,TPEX,584.0,1276.0,745184.0,584.0,585.0
4991,TPEX,518.0,1587.0,822066.0,518.0,519.0
4995,TPEX,46.4,41.0,1902.0,46.4,46.95
5009,TPEX,32.7,343.0,11215.0,32.7,32.8
5011,TPEX,,0.0,0.0,23.0,23.75
5013,TPEX,52.7,1920.0,101181.0,52.7,
5014,TPEX,10.05,1.0,10.0,10.05,10.1
5015,TPEX,,0.0,0.0,22.9,23.0
5016,TPEX,,0.0,0.0,27.0,27.25
5201,TPEX,27.2,15.0,408.0,27.2,27.3
5202,TPEX,14.3,101.0,1443.0,14.3,14.5
5205,TPEX,30.3,7.0,212.0,30.3,
5206,TPEX,23.25,500.0,11624.0,23.0,23.25
5209,TPEX,,0.0,0.0,171.5,173.0
5210,TPEX,30.2,3.0,90.0,30.0,30.2
5211,TPEX,,0.0,0.0,20.85,
5212,TPEX,,0.0,0.0,49.0,49.25
5213,TPEX,20.15,726.0,14624.0,20.1,20.15
5220,TPEX,,0.0,0.0,22.1,22.2
5223,TPEX,,0.0,0.0,22.95,24.0
5227,TPEX,28.95,79.0,2286.0,28.95,31.0
5228,TPEX,55.8,26.0,1449.0,55.8,
5230,TPEX,22.85,5.0,113.0,22.6,22.85
5245,TPEX,21.2,19.0,402.0,20.0,21.2
5251,TPEX,31.2,13.0,405.0,31.1,31.2
5263,TPEX,91.2,65.0,5928.0,91.0,91.2
5272,TPEX,17.55,100.0,1754.0,17.55,17.75
5274,TPEX,17925.0,1066.0,19108050.0,17925.0,17950.0
5276,TPEX,,0.0,0.0,17.6,18.0
5278,TPEX,23.1,155.0,3579.0,22.9,23.1
5287,TPEX,138.0,46.0,6348.0,137.5,138.0
5289,TPEX,1265.0,2535.0,3206775.0,1265.0,1270.0
5291,TPEX,64.4,200.0,12880.0,63.9,64.4
5299,TPEX,99.6,28.0,2788.0,99.5,99.6
5301,TPEX,5.85,777.0,4543.0,5.85,6.0
5302,TPEX,,0.0,0.0,9.78,9.84
5309,TPEX,67.2,335.0,22512.0,67.2,67.5
5310,TPEX,29.1,116.0,3375.0,29.1,29.5
5312,TPEX,89.7,2.0,179.0,89.6,89.7
5314,TPEX,27.75,11906.0,330327.0,27.7,27.75
5315,TPEX,19.25,136.0,2616.0,19.25,19.55
5321,TPEX,,0.0,0.0,69.7,70.4
5324,TPEX,12.45,1.0,12.0,12.45,12.55
5328,TPEX,58.0,1868.0,108344.0,58.0,58.1
5340,TPEX,90.9,1627.0,147884.0,90.9,92.0
5344,TPEX,,0.0,0.0,14.2,14.35
5345,TPEX,21.0,192.0,4032.0,21.0,21.15
5347,TPEX,190.0,9889.0,1878910.0,190.0,190.5
5348,TPEX,,0.0,0.0,17.05,17.4
5351,TPEX,114.5,3152.0,360898.0,114.5,115.0
5353,TPEX,28.75,35.0,1006.0,28.7,28.75
5355,TPEX,7.7,217.0,1660.0,7.7,7.79
5356,TPEX,,0.0,0.0,25.7,25.9
5364,TPEX,,0.0,0.0,8.24,
5381,TPEX,22.0,1724.0,37928.0,21.95,22.0
5386,TPEX,282.0,1673.0,471786.0,282.0,286.5
5392,TPEX,38.9,1723.0,67017.0,38.9,38.95
5398,TPEX,,0.0,0.0,15.0,
5403,TPEX,91.6,300.0,27479.0,91.6,91.9
5410,TPEX,33.25,605.0,20115.0,33.25,33.45
5425,TPEX,105.0,4882.0,512610.0,104.5,105.0
5426,TPEX,30.25,986.0,29824.0,30.25,31.65
5432,TPEX,194.0,551.0,106894.0,194.0,195.0
5438,TPEX,,0.0,0.0,16.95,17.05
5439,TPEX,263.0,1632.0,429216.0,262.5,263.0
5443,TPEX,113.0,647.0,73111.0,113.0,113.5
5450,TPEX,,0.0,0.0,14.45,15.0
5452,TPEX,31.35,1524.0,47774.0,31.35,31.6
5455,TPEX,,0.0,0.0,29.45,30.9
5457,TPEX,,0.0,0.0,23.95,24.55
5460,TPEX,19.25,497.0,9565.0,19.25,
5464,TPEX,92.9,8.0,741.0,92.9,93.7
5465,TPEX,33.4,1.0,33.0,33.4,
5468,TPEX,24.05,977.0,23495.0,24.05,
5474,TPEX,,0.0,0.0,162.0,165.0
5475,TPEX,199.0,1004.0,199796.0,199.0,
5478,TPEX,97.1,42.0,4077.0,97.1,97.8
5481,TPEX,20.2,1.0,20.0,20.2,20.4
5483,TPEX,224.0,8132.0,1821568.0,224.0,224.5
5487,TPEX,29.7,30.0,891.0,29.7,29.95
5488,TPEX,,0.0,0.0,11.9,12.0
5489,TPEX,,0.0,0.0,41.6,44.5
5490,TPEX,25.5,671.0,17107.0,25.4,25.5
5493,TPEX,,0.0,0.0,90.1,90.5
5498,TPEX,55.0,501.0,27555.0,54.9,55.0
5508,TPEX,53.6,100.0,5360.0,53.6,53.9
5511,TPEX,68.3,8.0,546.0,68.3,68.7
5512,TPEX,7.51,821.0,6161.0,7.51,7.52
5514,TPEX,14.95,100.0,1494.0,14.9,14.95
5516,TPEX,,0.0,0.0,11.8,12.0
5520,TPEX,,0.0,0.0,80.2,
5523,TPEX,,0.0,0.0,28.85,30.35
5529,TPEX,,0.0,0.0,25.65,25.7
5530,TPEX,48.6,63.0,3061.0,48.05,48.6
5536,TPEX,1040.0,1000.0,1040000.0,1040.0,1045.0
5543,TPEX,,0.0,0.0,26.5,
5547,TPEX,,0.0,0.0,20.15,20.3
5548,TPEX,20.2,412.0,8320.0,20.1,20.2
5601,TPEX,,0.0,0.0,26.55,31.7
5603,TPEX,14.0,717.0,10038.0,14.0,14.1
5604,TPEX,,0.0,0.0,31.2,31.8
5609,TPEX,78.7,179.0,14086.0,78.6,78.7
5701,TPEX,4.03,653.0,2628.0,4.03,4.05
5703,TPEX,,0.0,0.0,13.1,13.85
5704,TPEX,,0.0,0.0,22.8,22.9
5864,TPEX,39.5,1072.0,42342.0,39.4,39.5
5878,TPEX,,0.0,0.0,37.5,38.0
5902,TPEX,,0.0,0.0,33.9,34.0
5903,TPEX,184.5,370.0,68262.0,184.5,188.0
5904,TPEX,70.0,4156.0,290920.0,69.9,70.0
5905,TPEX,7.37,820.0,6043.0,7.31,7.37
6015,TPEX,17.85,636.0,11352.0,17.85,18.0
6016,TPEX,24.0,5414.0,129936.0,23.95,24.0
6020,TPEX,,0.0,0.0,20.7,
6021,TPEX,43.75,40.0,1749.0,42.9,43.75
6023,TPEX,84.9,490.0,41599.0,84.7,84.9
6026,TPEX,15.9,21.0,333.0,15.9,15.95
6028,TPEX,111.0,10.0,1110.0,110.0,111.0
6101,TPEX,38.7,103.0,3985.0,38.6,38.7
6103,TPEX,39.9,32.0,1275.0,39.9,
6104,TPEX,87.8,201.0,17647.0,87.8,88.0
6109,TPEX,10.35,1.0,10.0,10.3,10.35
6111,TPEX,36.0,340.0,12240.0,36.0,36.5
6113,TPEX,23.65,266.0,6289.0,23.5,23.65
6114,TPEX,,0.0,0.0,22.7,22.8
6118,TPEX,,0.0,0.0,16.0,16.15
6121,TPEX,372.0,323.0,120156.0,371.5,372.0
6122,TPEX,59.9,556.0,33302.0,59.8,59.9
6123,TPEX,43.3,20.0,861.0,42.8,43.35
6124,TPEX,27.0,120.0,3240.0,26.0,27.0
6125,TPEX,50.1,400.0,20039.0,50.0,50.1
6126,TPEX,32.65,200.0,6528.0,32.5,32.65
6127,TPEX,58.9,546.0,32157.0,58.9,60.1
6129,TPEX,14.2,4592.0,65168.0,14.2,14.3
6130,TPEX,,0.0,0.0,22.65,
6134,TPEX,28.2,621.0,17511.0,28.2,28.45
6138,TPEX,271.5,1671.0,453671.0,271.0,271.5
6140,TPEX,20.05,1199.0,24036.0,20.05,20.35
6143,TPEX,78.3,1403.0,109847.0,78.3,78.8
6144,TPEX,13.25,25.0,331.0,13.1,13.25
6146,TPEX,,0.0,0.0,182.0,182.5
6147,TPEX,232.5,9659.0,2245695.0,232.0,232.5
6148,TPEX,37.6,319.0,11992.0,37.6,37.65
6150,TPEX,64.6,447.0,28875.0,64.6,65.2
6151,TPEX,,0.0,0.0,35.7,37.05
6154,TPEX,,0.0,0.0,14.0,14.25
6156,TPEX,,0.0,0.0,23.5,23.55
6158,TPEX,17.75,56.0,992.0,17.75,17.85
6160,TPEX,13.7,1.0,13.0,13.7,13.95
6161,TPEX,49.0,1500.0,73500.0,49.0,49.15
6163,TPEX,42.8,1412.0,60430.0,42.7,42.8
6169,TPEX,,0.0,0.0,11.75,12.0
6170,TPEX,49.0,178.0,8722.0,48.9,49.0
6171,TPEX,,0.0,0.0,23.8,23.95
6174,TPEX,59.0,804.0,47436.0,59.0,59.2
6175,TPEX,77.6,317.0,24597.0,77.6,79.0
6179,TPEX,37.7,1245.0,46935.0,37.6,37.7
6180,TPEX,40.5,20.0,810.0,40.5,40.95
6182,TPEX,135.0,21249.0,2868615.0,135.0,135.5
6185,TPEX,12.5,135.0,1687.0,12.5,12.55
6186,TPEX,28.95,132.0,3819.0,28.95,29.1
6187,TPEX,1525.0,2037.0,3106425.0,1525.0,1530.0
6188,TPEX,63.0,121.0,7623.0,63.0,63.5
6190,TPEX,76.3,893.0,68130.0,76.2,76.3
6194,TPEX,,0.0,0.0,31.5,31.85
6195,TPEX,27.9,102.0,2845.0,27.9,28.05
6198,TPEX,,0.0,0.0,19.35,19.8
6199,TPEX,139.0,261.0,36279.0,138.0,139.0
6203,TPEX,,0.0,0.0,59.8,61.4
6204,TPEX,110.0,636.0,69960.0,110.0,111.0
6207,TPEX,147.5,3265.0,481578.0,147.5,148.0
6208,TPEX,79.9,40.0,3196.0,79.5,79.9
6210,TPEX,,0.0,0.0,17.35,18.0
6212,TPEX,,0.0,0.0,30.55,32.3
6217,TPEX,174.5,357.0,62292.0,174.5,175.0
6218,TPEX,60.8,577.0,35076.0,60.8,61.0
6219,TPEX,,0.0,0.0,12.0,12.05
6220,TPEX,25.75,25.0,643.0,25.5,25.75
6221,TPEX,29.85,1032.0,30800.0,29.85,29.9
6222,TPEX,,0.0,0.0,19.0,20.1
6223,TPEX,5560.0,694.0,3858640.0,5555.0,5560.0
6227,TPEX,140.5,1030.0,144714.0,140.0,140.5
6228,TPEX,17.85,713.0,12726.0,17.85,
6229,TPEX,24.0,2.0,48.0,24.0,25.0
6231,TPEX,234.5,7.0,1640.0,233.0,234.5
6233,TPEX,24.9,14.0,348.0,24.8,24.9
6234,TPEX,41.8,78.0,3260.0,41.8,
6236,TPEX,,0.0,0.0,15.15,16.9
6237,TPEX,35.65,301.0,10729.0,35.4,35.65
6240,TPEX,,0.0,0.0,26.0,26.25
6241,TPEX,16.15,459.0,7412.0,16.15,16.4
6242,TPEX,,0.0,0.0,,34.0
6244,TPEX,22.85,155.0,3538.0,22.8,22.85
6245,TPEX,87.3,250.0,21823.0,87.3,87.4
6246,TPEX,12.65,5.0,62.0,12.65,12.7
6248,TPEX,17.0,486.0,8262.0,16.95,17.0
6259,TPEX,32.5,1214.0,39454.0,32.5,32.7
6261,TPEX,78.2,38.0,2971.0,78.1,78.2
6263,TPEX,177.0,502.0,88854.0,177.0,177.5
6264,TPEX,,0.0,0.0,5.9,6.07
6265,TPEX,49.6,4.0,197.0,49.6,49.7
6266,TPEX,26.45,43.0,1136.0,26.45,26.5
6270,TPEX,30.25,68.0,2057.0,30.25,33.35
6274,TPEX,1730.0,8143.0,14087390.0,1725.0,1730.0
6275,TPEX,47.35,8.0,378.0,47.35,47.4
6276,TPEX,19.1,278.0,5308.0,19.1,19.3
6279,TPEX,117.5,200.0,23500.0,117.0,117.5
6284,TPEX,80.6,214.0,17247.0,80.4,80.6
6290,TPEX,286.0,730.0,208780.0,286.0,286.5
6291,TPEX,418.5,3692.0,1545096.0,,418.5
6292,TPEX,,0.0,0.0,69.0,69.1
6294,TPEX,26.4,53.0,1399.0,26.4,28.0
6411,TPEX,79.0,9.0,711.0,78.9,79.0
6417,TPEX,,0.0,0.0,104.0,105.5
6418,TPEX,,0.0,0.0,34.35,34.5
6419,TPEX,,0.0,0.0,165.0,165.5
6423,TPEX,87.4,100.0,8739.0,86.6,87.4
6425,TPEX,73.2,227.0,16615.0,73.0,73.2
6432,TPEX,67.6,21.0,1418.0,66.5,67.6
6435,TPEX,258.0,692.0,178536.0,258.0,265.5
6441,TPEX,22.45,200.0,4489.0,22.4,22.45
6461,TPEX,28.35,1681.0,47652.0,28.35,28.4
6462,TPEX,103.0,80.0,8240.0,103.0,105.5
6465,TPEX,,0.0,0.0,42.95,43.5
6469,TPEX,64.3,1058.0,68024.0,64.3,64.5
6470,TPEX,,0.0,0.0,42.6,42.95
6474,TPEX,,0.0,0.0,35.55,
6482,TPEX,23.4,395.0,9243.0,23.0,23.4
6485,TPEX,85.6,118.0,10100.0,85.6,
6486,TPEX,78.6,15.0,1179.0,78.4,78.6
6488,TPEX,1220.0,2263.0,2760860.0,1220.0,1225.0
6492,TPEX,34.0,82.0,2788.0,34.0,34.1
6494,TPEX,52.2,40.0,2088.0,51.7,52.2
6496,TPEX,23.85,35.0,834.0,23.85,25.0
6498,TPEX,,0.0,0.0,74.3,74.5
6499,TPEX,78.9,776.0,61224.0,78.9,79.5
6506,TPEX,18.65,102.0,1902.0,18.65,18.85
6508,TPEX,26.0,547.0,14222.0,26.0,26.35
6509,TPEX,50.4,838.0,42232.0,50.2,50.6
6510,TPEX,3040.0,370.0,1124800.0,3040.0,3050.0
6512,TPEX,20.5,48.0,983.0,20.2,20.5
6516,TPEX,,0.0,0.0,56.1,56.9
6517,TPEX,68.2,41.0,2794.0,68.2,68.3
6523,TPEX,,0.0,0.0,89.8,92.0
6527,TPEX,72.8,50.0,3638.0,72.8,74.9
6530,TPEX,98.5,518.0,51022.0,98.5,98.6
6532,TPEX,116.0,647.0,75052.0,116.0,116.5
6535,TPEX,,0.0,0.0,81.0,81.3
6538,TPEX,332.0,528.0,175296.0,332.0,
6542,TPEX,,0.0,0.0,38.4,39.6
6546,TPEX,61.5,200.0,12300.0,61.5,63.4
6547,TPEX,61.0,1296.0,79056.0,61.0,61.3
6548,TPEX,78.5,365.0,28652.0,78.5,79.5
6556,TPEX,,0.0,0.0,61.9,62.3
6560,TPEX,35.0,1.0,35.0,33.15,35.0
6561,TPEX,312.0,51.0,15912.0,312.0,314.0
6568,TPEX,142.5,20.0,2849.0,141.5,142.5
6569,TPEX,,0.0,0.0,91.2,95.5
6570,TPEX,47.05,21.0,988.0,47.05,48.0
6574,TPEX,123.0,80.0,9840.0,118.0,123.0
6576,TPEX,,0.0,0.0,78.2,79.3
6577,TPEX,80.0,65.0,5200.0,80.0,80.8
6578,TPEX,16.3,1.0,16.0,16.3,
6584,TPEX,541.0,305.0,165005.0,541.0,542.0
6588,TPEX,109.5,251.0,27483.0,109.5,110.0
6590,TPEX,64.3,130.0,8358.0,64.3,70.7
6593,TPEX,32.25,100.0,3223.0,32.25,32.4
6596,TPEX,96.3,200.0,19260.0,96.3,97.0
6597,TPEX,,0.0,0.0,63.2,65.0
6603,TPEX,28.8,550.0,15838.0,28.7,28.8
6604,TPEX,,0.0,0.0,25.4,
6609,TPEX,,0.0,0.0,39.05,39.15
6612,TPEX,72.0,1.0,72.0,71.6,72.0
6613,TPEX,292.0,107.0,31244.0,292.0,292.5
6615,TPEX,33.5,419.0,14034.0,33.45,33.5
6616,TPEX,8.37,100.0,837.0,8.37,8.53
6617,TPEX,124.0,62.0,7688.0,124.0,134.5
6620,TPEX,127.0,492.0,62484.0,126.5,127.0
6624,TPEX,,0.0,0.0,37.1,38.5
6629,TPEX,,0.0,0.0,99.1,101.0
6637,TPEX,,0.0,0.0,53.6,55.0
6640,TPEX,1085.0,163.0,176855.0,1085.0,1090.0
6642,TPEX,79.1,22.0,1740.0,79.1,79.4
6643,TPEX,498.0,1143.0,569214.0,497.5,498.0
6649,TPEX,,0.0,0.0,35.95,36.3
6651,TPEX,142.5,81.0,11541.0,142.5,143.0
6654,TPEX,,0.0,0.0,217.0,218.0
6661,TPEX,,0.0,0.0,16.35,17.3
6662,TPEX,,0.0,0.0,27.6,28.5
6664,TPEX,378.0,504.0,190512.0,378.0,378.5
6667,TPEX,277.0,3304.0,915208.0,277.0,277.5
6679,TPEX,199.0,218.0,43382.0,199.0,205.0
6680,TPEX,51.3,140.0,7181.0,51.3,
6683,TPEX,1465.0,204.0,298860.0,1465.0,1470.0
6684,TPEX,48.1,200.0,9618.0,48.1,48.4
6690,TPEX,179.0,300.0,53700.0,179.0,180.5
6692,TPEX,22.25,865.0,19246.0,22.25,22.7
6693,TPEX,197.0,399.0,78603.0,197.0,201.5
6697,TPEX,,0.0,0.0,41.1,41.2
6703,TPEX,99.9,210.0,20977.0,99.9,100.5
6708,TPEX,68.3,375.0,25609.0,68.3,68.5
6712,TPEX,163.5,478.0,78151.0,163.5,166.5
6716,TPEX,154.0,914.0,140756.0,154.0,158.5
6720,TPEX,123.5,159.0,19636.0,123.5,125.0
6721,TPEX,,0.0,0.0,49.0,49.15
6725,TPEX,,0.0,0.0,221.5,231.0
6727,TPEX,528.0,641.0,338448.0,528.0,530.0
6728,TPEX,108.5,261.0,28318.0,107.0,108.5
6730,TPEX,,0.0,0.0,30.1,32.0
6732,TPEX,153.5,13.0,1995.0,153.0,153.5
6733,TPEX,24.5,620.0,15189.0,24.5,24.95
6735,TPEX,63.5,20.0,1270.0,63.5,66.0
6739,TPEX,1120.0,102.0,114240.0,1120.0,
6741,TPEX,,0.0,0.0,54.4,55.0
6751,TPEX,,0.0,0.0,48.8,
6752,TPEX,106.0,322.0,34132.0,106.0,
6761,TPEX,170.0,17.0,2890.0,170.0,171.0
6762,TPEX,,0.0,0.0,151.5,157.5
6763,TPEX,41.6,261.0,10857.0,41.6,42.0
6767,TPEX,,0.0,0.0,23.7,26.05
6785,TPEX,,0.0,0.0,91.0,94.9
6788,TPEX,380.0,443.0,168340.0,379.0,380.0
6791,TPEX,,0.0,0.0,101.0,102.0
6803,TPEX,263.5,170.0,44790.0,263.0,263.5
6804,TPEX,,0.0,0.0,18.3,18.4
6811,TPEX,273.0,1063.0,290199.0,273.0,
6821,TPEX,,0.0,0.0,45.3,45.7
6823,TPEX,,0.0,0.0,60.3,60.4
6829,TPEX,215.5,234.0,50426.0,215.0,215.5
6840,TPEX,,0.0,0.0,95.0,95.3
6841,TPEX,55.8,100.0,5579.0,55.8,56.0
6843,TPEX,38.4,20.0,768.0,37.95,38.4
6844,TPEX,56.8,10.0,568.0,56.3,56.8
6846,TPEX,,0.0,0.0,57.0,59.0
6855,TPEX,,0.0,0.0,111.5,115.5
6856,TPEX,,0.0,0.0,40.3,41.65
6859,TPEX,,0.0,0.0,120.5,121.0
6865,TPEX,,0.0,0.0,26.35,26.7
6870,TPEX,317.0,30.0,9510.0,316.0,317.0
6872,TPEX,,0.0,0.0,21.8,22.15
6874,TPEX,70.3,590.0,41475.0,70.3,
6875,TPEX,27.15,5.0,135.0,27.05,27.15
6877,TPEX,,0.0,0.0,132.5,133.0
6881,TPEX,216.5,30.0,6495.0,215.5,216.5
6884,TPEX,,0.0,0.0,29.8,30.9
6894,TPEX,,0.0,0.0,364.0,364.5
6895,TPEX,,0.0,0.0,154.0,155.5
6899,TPEX,,0.0,0.0,49.2,49.45
6903,TPEX,327.5,91.0,29802.0,327.5,338.0
6904,TPEX,,0.0,0.0,118.0,123.5
6907,TPEX,190.0,338.0,64220.0,189.5,190.0
6910,TPEX,,0.0,0.0,24.95,25.4
6913,TPEX,134.5,206.0,27704.0,134.0,134.5
6922,TPEX,204.0,185.0,37740.0,202.5,204.0
6925,TPEX,70.4,1.0,70.0,70.4,72.0
6929,TPEX,,0.0,0.0,21.7,22.5
6945,TPEX,140.0,141.0,19740.0,139.0,140.0
6953,TPEX,,0.0,0.0,257.0,258.0
6961,TPEX,,0.0,0.0,46.15,
6967,TPEX,72.9,338.0,24639.0,72.9,73.4
6968,TPEX,,0.0,0.0,41.0,41.25
6971,TPEX,,0.0,0.0,23.95,25.2
6982,TPEX,,0.0,0.0,44.8,44.85
6983,TPEX,365.5,500.0,182745.0,365.5,383.5
6986,TPEX,,0.0,0.0,43.75,44.0
6996,TPEX,167.0,20.0,3340.0,166.5,167.0
6997,TPEX,,0.0,0.0,67.1,68.3
7402,TPEX,99.9,320.0,31968.0,99.6,99.9
7547,TPEX,60.5,63.0,3811.0,60.5,62.0
7556,TPEX,283.0,247.0,69901.0,281.0,283.0
7584,TPEX,,0.0,0.0,28.0,29.7
7642,TPEX,,0.0,0.0,67.5,
7703,TPEX,,0.0,0.0,205.5,206.0
7704,TPEX,60.8,42.0,2553.0,59.6,60.8
7708,TPEX,,0.0,0.0,91.6,
7709,TPEX,84.5,55.0,4647.0,84.5,86.5
7712,TPEX,174.0,89.0,15486.0,174.0,179.0
7713,TPEX,73.4,58.0,4257.0,71.0,73.4
7714,TPEX,169.5,38.0,6441.0,169.5,170.0
7715,TPEX,,0.0,0.0,26.55,
7716,TPEX,,0.0,0.0,23.4,
7717,TPEX,604.0,300.0,181200.0,604.0,607.0
7718,TPEX,,0.0,0.0,45.8,
7723,TPEX,21.8,570.0,12424.0,21.8,
7728,TPEX,638.0,1.0,638.0,638.0,639.0
7734,TPEX,2740.0,26.0,71240.0,2740.0,2755.0
7738,TPEX,,0.0,0.0,156.5,
7743,TPEX,,0.0,0.0,26.8,27.0
7744,TPEX,,0.0,0.0,531.0,533.0
7747,TPEX,111.0,67.0,7437.0,111.0,111.5
7751,TPEX,1585.0,267.0,423195.0,1585.0,1595.0
7753,TPEX,,0.0,0.0,35.5,
7757,TPEX,89.1,3.0,267.0,80.0,89.1
7767,TPEX,45.4,100.0,4540.0,45.4,45.55
7770,TPEX,,0.0,0.0,39.95,40.15
7772,TPEX,144.5,514.0,74269.0,144.5,145.0
7777,TPEX,37.5,422.0,15824.0,37.5,38.55
7782,TPEX,,0.0,0.0,25.3,
7792,TPEX,408.0,430.0,175440.0,407.5,408.0
7794,TPEX,,0.0,0.0,29.3,32.0
7805,TPEX,492.5,30.0,14773.0,492.5,494.0
7810,TPEX,,0.0,0.0,247.0,249.5
7811,TPEX,73.3,5.0,366.0,72.2,73.3
7814,TPEX,,0.0,0.0,27.0,
7819,TPEX,,0.0,0.0,33.3,34.6
7820,TPEX,,0.0,0.0,107.5,111.0
7825,TPEX,78.5,210.0,16485.0,78.5,80.7
7828,TPEX,1820.0,736.0,1339520.0,1820.0,1860.0
7839,TPEX,,0.0,0.0,43.25,44.15
7842,TPEX,,0.0,0.0,95.0,99.6
7856,TPEX,4400.0,130.0,572000.0,4400.0,4405.0
8024,TPEX,12.25,20.0,245.0,12.2,12.25
8027,TPEX,210.0,1014.0,212940.0,210.0,214.0
8032,TPEX,,0.0,0.0,36.1,36.3
8034,TPEX,19.3,1.0,19.0,19.3,19.4
8038,TPEX,34.15,17.0,580.0,34.15,34.25
8040,TPEX,90.2,598.0,53936.0,90.1,90.2
8042,TPEX,126.5,8618.0,1090167.0,126.0,126.5
8043,TPEX,147.0,1671.0,245637.0,147.0,147.5
8044,TPEX,24.8,200.0,4960.0,23.9,24.8
8047,TPEX,,0.0,0.0,44.3,
8048,TPEX,51.5,58.0,2987.0,51.3,51.5
8049,TPEX,24.8,1.0,24.0,24.8,24.9
8050,TPEX,60.5,21.0,1270.0,60.4,60.5
8054,TPEX,81.5,553.0,45066.0,81.5,82.1
8059,TPEX,17.65,200.0,3530.0,17.55,17.65
8064,TPEX,136.5,302.0,41220.0,136.0,136.5
8066,TPEX,14.75,415.0,6121.0,14.7,14.75
8067,TPEX,,0.0,0.0,10.75,11.1
8068,TPEX,,0.0,0.0,17.4,17.5
8069,TPEX,146.5,2930.0,429238.0,146.0,146.5
8071,TPEX,22.15,210.0,4651.0,22.15,
8074,TPEX,58.0,689.0,39962.0,58.0,58.4
8076,TPEX,21.2,1962.0,41591.0,21.2,21.4
8077,TPEX,,0.0,0.0,40.9,41.95
8080,TPEX,,0.0,0.0,28.15,28.4
8083,TPEX,,0.0,0.0,161.0,
8084,TPEX,15.95,845.0,13475.0,,15.95
8085,TPEX,15.0,732.0,10980.0,15.0,15.15
8086,TPEX,140.0,1420.0,198800.0,140.0,
8087,TPEX,,0.0,0.0,22.35,23.55
8088,TPEX,44.7,20.0,894.0,44.65,44.7
8089,TPEX,,0.0,0.0,19.2,19.3
8091,TPEX,233.5,360.0,84059.0,233.5,238.5
8092,TPEX,,0.0,0.0,12.05,
8093,TPEX,25.75,1456.0,37489.0,25.75,26.25
8096,TPEX,89.7,892.0,80008.0,89.7,90.0
8097,TPEX,48.45,1.0,48.0,48.2,48.45
8099,TPEX,59.1,1.0,59.0,59.1,61.2
8102,TPEX,59.6,300.0,17880.0,59.6,
8107,TPEX,11.85,100.0,1184.0,11.8,11.85
8109,TPEX,141.5,500.0,70750.0,136.0,141.5
8111,TPEX,94.0,2479.0,233026.0,93.9,94.0
8121,TPEX,34.75,20.0,694.0,34.75,34.95
8147,TPEX,142.0,71.0,10082.0,141.5,142.0
8155,TPEX,336.0,100.0,33600.0,336.0,345.0
8171,TPEX,,0.0,0.0,21.05,21.15
8176,TPEX,9.72,1.0,9.0,9.72,9.75
8182,TPEX,43.55,1000.0,43550.0,43.55,43.8
8227,TPEX,371.5,963.0,357748.0,371.5,372.0
8234,TPEX,62.0,20.0,1240.0,62.0,
8240,TPEX,55.7,283.0,15761.0,55.7,55.9
8255,TPEX,153.5,100.0,15349.0,153.5,154.0
8272,TPEX,,0.0,0.0,60.2,
8277,TPEX,15.5,2000.0,30996.0,15.45,15.5
8279,TPEX,,0.0,0.0,80.9,84.8
8284,TPEX,,0.0,0.0,68.0,68.2
8289,TPEX,55.0,1028.0,56540.0,55.0,55.3
8291,TPEX,,0.0,0.0,27.7,30.85
8299,TPEX,2070.0,5286.0,10942020.0,2065.0,2070.0
8342,TPEX,,0.0,0.0,82.1,82.3
8349,TPEX,41.8,999.0,41757.0,41.35,41.8
8349A,TPEX,,0.0,0.0,45.1,45.35
8354,TPEX,16.45,55.0,904.0,16.45,16.55
8358,TPEX,552.0,5450.0,3008400.0,551.0,552.0
8383,TPEX,70.6,291.0,20542.0,70.5,70.6
8390,TPEX,92.2,382.0,35219.0,92.2,92.8
8401,TPEX,,0.0,0.0,22.35,22.7
8403,TPEX,19.0,1639.0,31141.0,18.95,19.0
8409,TPEX,17.95,1.0,17.0,17.95,
8410,TPEX,,0.0,0.0,26.85,
8415,TPEX,35.4,13.0,460.0,35.4,36.4
8416,TPEX,,0.0,0.0,169.5,171.0
8421,TPEX,,0.0,0.0,13.15,13.45
8423,TPEX,17.95,848.0,15221.0,17.95,18.05
8424,TPEX,,0.0,0.0,69.2,69.9
8426,TPEX,,0.0,0.0,20.6,20.95
8431,TPEX,64.5,30.0,1935.0,63.9,64.5
8432,TPEX,,0.0,0.0,53.5,54.0
8433,TPEX,,0.0,0.0,52.4,52.5
8435,TPEX,,0.0,0.0,52.8,54.0
8436,TPEX,104.0,31.0,3224.0,104.0,104.5
8437,TPEX,11.05,300.0,3314.0,10.95,11.05
8440,TPEX,19.75,645.0,12736.0,19.75,20.0
8444,TPEX,4.0,1273.0,5092.0,3.8,4.0
8446,TPEX,86.5,16.0,1384.0,86.5,87.5
8450,TPEX,14.15,250.0,3536.0,14.1,14.15
8455,TPEX,22.55,100.0,2254.0,22.55,23.35
8472,TPEX,,0.0,0.0,64.7,68.4
8477,TPEX,,0.0,0.0,13.6,14.15
8489,TPEX,21.9,91.0,1992.0,21.8,21.9
8905,TPEX,34.7,12.0,416.0,34.4,34.7
8906,TPEX,,0.0,0.0,28.2,28.75
8908,TPEX,39.55,200.0,7908.0,39.55,39.95
8916,TPEX,40.9,3.0,121.0,40.9,41.4
8917,TPEX,,0.0,0.0,52.5,52.7
8921,TPEX,16.2,10.0,162.0,15.95,16.2
8923,TPEX,,0.0,0.0,17.8,18.1
8924,TPEX,49.4,719.0,35514.0,49.35,49.4
8927,TPEX,18.5,100.0,1850.0,18.2,18.5
8928,TPEX,,0.0,0.0,22.8,22.9
8929,TPEX,14.1,601.0,8473.0,12.85,14.1
8930,TPEX,,0.0,0.0,28.2,28.35
8931,TPEX,42.5,787.0,33447.0,42.1,42.5
8932,TPEX,89.5,1680.0,150359.0,89.5,90.1
8933,TPEX,4.54,25.0,112.0,4.5,4.54
8935,TPEX,18.4,370.0,6808.0,18.15,18.4
8936,TPEX,53.2,200.0,10639.0,53.2,54.0
8937,TPEX,,0.0,0.0,24.7,25.1
8938,TPEX,51.8,90.0,4662.0,51.4,51.8
8941,TPEX,,0.0,0.0,43.35,43.9
8942,TPEX,40.25,403.0,16218.0,40.2,40.25
9949,TPEX,24.1,25.0,602.0,24.0,24.1
9950,TPEX,10.25,500.0,5125.0,10.1,10.25
9951,TPEX,,0.0,0.0,46.5,46.9
9960,TPEX,39.9,31.0,1236.0,39.9,40.25
9962,TPEX,10.05,1.0,10.0,10.05,10.2
