code,pe,yield,pb
1101,,3.14,0.83
1102,9.92,6.41,0.69
1103,9.81,3.95,0.49
1104,9.94,6.89,0.75
1108,16.32,9.01,0.82
1109,19.28,6.77,0.55
1110,23.31,2.08,0.87
1201,18.77,1.83,0.73
1203,20.48,2.33,1.57
1210,12.6,5.85,1.68
1213,,0.0,0.67
1215,12.1,6.67,2.83
1216,18.24,3.97,3.15
1217,14.98,2.53,0.64
1218,,9.13,0.61
1219,,4.44,0.96
1220,155.71,1.83,0.84
1225,115.24,0.0,1.56
1227,17.2,4.84,1.38
1229,15.92,5.04,1.13
1231,15.79,3.21,3.1
1232,17.05,4.68,4.47
1233,30.49,0.71,1.81
1234,19.7,5.11,0.7
1235,,3.23,0.53
1236,,6.4,0.86
1256,10.7,3.96,1.42
1301,45.98,0.66,0.84
1303,50.65,0.25,5.21
1304,,1.15,0.79
1305,,0.78,0.97
1307,9.4,6.98,1.26
1308,,1.36,0.81
1309,,1.04,1.06
1310,,0.0,0.82
1312,,0.0,0.58
1313,,0.79,0.56
1314,,0.0,0.45
1315,29.51,6.25,0.51
1316,,0.0,0.86
1319,12.99,6.25,1.75
1321,249.62,0.0,1.18
1323,16.93,4.19,0.74
1324,,0.0,0.83
1325,,0.0,0.92
1326,32.12,0.79,0.85
1337,,0.0,0.33
1338,,2.06,0.21
1339,7.31,5.89,0.76
1340,,0.0,0.3
1341,12.01,6.77,2.52
1342,14.29,5.94,3.5
1402,14.82,4.37,0.66
1409,11.89,3.44,0.88
1410,32.74,0.84,1.41
1413,30.0,0.0,1.06
1414,31.52,1.13,1.17
1416,10.04,4.81,0.49
1417,16.0,3.06,0.66
1418,,0.0,0.89
1419,4.73,2.74,0.86
1423,10.13,10.42,1.01
1432,2.94,13.33,1.22
1434,20.6,2.64,0.66
1435,,0.0,3.2
1436,12.85,13.93,1.27
1437,7.21,3.08,0.73
1438,8.4,0.92,0.77
1439,9.5,1.72,0.89
1440,465.0,2.15,0.81
1441,,0.0,1.92
1442,15.67,8.96,1.33
1443,11.38,0.0,1.31
1444,,0.0,0.69
1445,,4.81,0.64
1446,14.31,11.15,0.69
1447,,0.0,0.69
1449,,0.0,0.66
1451,11.26,5.88,0.46
1452,,1.87,0.52
1453,15.64,2.74,0.83
1454,,0.83,1.13
1455,20.38,1.48,0.93
1456,4.97,0.0,0.74
1457,10.59,6.99,0.63
1459,7.07,1.1,1.4
1460,,0.0,0.74
1463,,0.74,1.18
1464,11.98,2.52,0.78
1465,20.0,2.59,0.77
1466,,1.37,1.03
1467,31.58,0.0,0.67
1468,15.06,0.0,1.47
1470,18.69,2.67,2.07
1471,47.1,0.0,0.97
1472,13.91,6.74,2.15
1473,54.43,2.62,0.72
1474,37.04,2.5,0.6
1475,6.56,5.88,1.1
1476,12.3,5.05,2.81
1477,13.82,7.41,3.62
1503,27.48,2.51,2.69
1504,26.56,2.73,1.79
1506,192.6,0.0,1.03
1512,33.05,0.0,0.92
1513,18.9,3.57,3.99
1514,28.36,2.13,4.45
1515,19.06,2.11,1.32
1516,1360.0,0.0,2.7
1517,,1.92,0.68
1519,45.94,1.71,24.09
1521,16.16,2.92,1.04
1522,27.03,4.62,0.93
1524,12.79,5.36,1.45
1525,42.99,4.43,0.93
1526,,0.0,0.69
1527,15.4,4.62,0.93
1528,,0.0,2.17
1529,24.15,6.37,1.34
1530,14.02,3.8,0.77
1531,42.59,8.7,0.6
1532,17.68,3.68,0.6
1533,11.36,0.0,1.21
1535,12.1,6.56,1.52
1536,,0.0,1.75
1537,13.66,6.37,2.19
1538,,0.0,2.44
1539,18.57,0.0,0.63
1540,15.49,5.29,1.14
1541,7.61,0.0,0.75
1558,13.57,4.59,1.35
1560,86.73,0.48,16.83
1563,76.04,2.48,2.11
1568,16.59,3.19,1.7
1582,22.34,4.18,1.4
1583,10.8,2.11,0.91
1587,113.33,0.0,1.18
1590,23.63,2.37,4.49
1597,71.08,0.48,5.12
1598,,2.47,0.8
1603,10.97,6.54,0.6
1604,13.31,6.44,0.94
1605,12.09,1.25,0.87
1608,3.21,5.4,1.39
1609,14.39,1.79,1.64
1611,25.11,7.08,0.9
1612,8.99,7.13,1.18
1614,24.6,3.13,1.42
1615,8.1,6.21,1.75
1616,42.39,7.29,1.72
1617,17.61,2.51,1.75
1618,8.1,4.33,1.12
1623,15.7,4.1,3.14
1626,,0.0,0.54
1702,49.62,4.89,0.68
1707,10.95,7.07,1.23
1708,13.87,2.79,1.87
1709,29.95,1.66,3.19
1710,,0.0,1.39
1711,349.62,0.0,2.79
1712,15.04,6.27,2.04
1713,9.44,6.93,1.84
1714,16.65,0.92,1.45
1717,39.79,1.32,2.85
1718,19.15,0.0,0.64
1720,9.76,5.35,1.62
1721,,0.0,3.19
1722,49.17,4.84,0.76
1723,26.17,2.27,2.36
1725,13.92,3.14,0.72
1726,11.89,4.86,1.17
1727,153.62,0.14,6.28
1730,10.69,5.87,1.59
1731,13.87,5.82,1.27
1732,21.75,2.24,2.25
1733,16.08,4.26,1.64
1734,17.35,4.98,1.77
1735,19.79,2.81,1.49
1736,11.03,3.69,2.7
1737,15.36,4.67,0.89
1752,15.52,5.08,1.32
1760,21.63,3.68,2.48
1762,,0.0,0.81
1773,22.07,2.26,4.64
1776,20.33,3.24,1.26
1783,11.86,5.19,2.31
1786,16.99,4.61,1.69
1789,379.0,1.53,1.43
1795,12.9,1.48,2.0
1802,76.4,0.0,3.7
1805,83.33,0.0,0.83
1806,49.75,1.88,0.58
1808,7.65,4.64,2.09
1809,232.5,0.54,2.65
1810,6.39,0.85,0.83
1817,7.91,5.54,1.24
1903,34.74,0.0,2.23
1904,11.64,1.78,0.91
1905,,0.0,0.83
1906,17.54,0.0,0.59
1907,16.65,3.53,0.52
1909,44.13,0.0,0.63
2002,,0.79,0.96
2006,11.41,5.01,1.84
2007,,0.0,0.94
2008,48.36,3.23,1.43
2009,38.74,1.0,1.64
2010,9.02,8.83,1.17
2012,,2.14,1.04
2013,12.61,5.82,1.5
2014,,0.0,1.97
2015,15.07,5.12,1.7
2017,,0.0,0.59
2020,11.79,7.38,1.53
2022,,0.0,0.72
2023,,0.0,0.8
2024,43.97,0.0,1.09
2025,10.47,0.0,1.12
2027,9.42,3.14,1.41
2028,39.3,1.18,1.14
2029,18.29,2.73,0.69
2030,18.75,1.36,1.9
2031,7.11,5.45,1.23
2032,12.81,2.67,1.35
2033,156.47,0.0,4.02
2034,57.5,4.14,1.42
2038,,0.0,0.64
2049,51.89,0.58,3.09
2059,65.0,0.43,33.29
2062,63.75,5.6,0.47
2069,9.79,3.99,0.95
2072,8.84,5.43,1.04
2101,5.18,2.35,1.43
2102,1.93,0.0,0.79
2103,11.65,0.93,1.08
2104,,0.0,0.48
2105,16.68,5.93,1.13
2106,35.53,3.89,0.8
2107,14.89,4.97,0.57
2108,16.71,3.36,0.99
2109,10.4,6.97,1.13
2114,14.35,5.56,2.32
2115,15.73,6.04,0.79
2201,32.47,1.94,0.48
2204,8.4,6.98,0.74
2206,10.57,4.85,1.85
2207,12.94,3.8,3.42
2208,37.76,0.0,3.1
2211,10.81,8.15,1.2
2227,,1.89,0.75
2228,18.2,6.09,1.19
2231,,0.55,3.65
2233,24.74,2.38,2.45
2236,,0.77,2.2
2237,8.65,0.0,2.18
2239,,0.0,0.18
2241,,0.0,4.15
2243,56.86,0.0,4.31
2247,16.31,6.42,1.43
2248,8.44,5.1,1.65
2250,21.03,5.46,0.99
2254,,0.0,6.03
2258,,0.0,4.75
2301,35.09,1.67,7.11
2302,45.14,0.72,4.37
2303,22.33,1.76,4.2
2305,71.83,0.0,4.9
2308,63.34,0.58,17.6
2312,26.09,1.93,1.93
2313,39.61,1.14,6.04
2314,,0.0,40.19
2316,12.51,1.12,2.25
2317,16.61,2.85,1.85
2321,655.0,0.0,4.2
2324,18.14,3.05,1.11
2327,43.57,0.93,7.52
2328,112.09,1.87,1.71
2329,20.27,2.2,1.82
2330,29.96,0.85,10.42
2331,18.81,0.0,0.98
2332,,0.0,1.53
2337,27.96,0.0,3.77
2338,,0.0,2.54
2340,,0.0,3.32
2342,,0.0,3.43
2344,19.79,0.28,4.9
2345,31.66,0.74,16.31
2347,13.24,4.34,1.87
2348,16.85,7.79,1.66
2349,,0.0,1.27
2351,55.75,0.47,5.17
2352,37.53,3.46,1.15
2353,18.63,4.15,1.22
2354,26.31,2.42,0.77
2355,23.47,2.24,1.01
2356,18.74,3.44,2.68
2357,14.46,4.25,2.44
2359,19.0,0.78,3.42
2360,61.22,0.81,30.82
2362,7.68,4.28,0.58
2363,112.41,1.0,0.64
2364,10.91,4.64,3.77
2365,50.64,1.08,2.01
2367,,0.42,2.71
2368,44.69,0.79,15.28
2369,,0.0,2.49
2371,,0.0,1.3
2373,14.04,7.05,1.59
2374,20.56,2.99,2.52
2375,31.13,0.93,1.32
2376,13.68,3.28,3.68
2377,13.53,2.69,2.27
2379,26.87,3.37,7.57
2380,,0.0,1.61
2382,14.6,4.66,5.3
2383,93.04,0.42,36.55
2385,11.78,6.86,1.72
2387,12.11,11.08,0.67
2388,44.69,0.07,1.79
2390,,0.0,0.82
2392,5.25,2.45,0.66
2393,14.5,6.62,1.57
2395,46.42,1.52,11.51
2397,23.22,3.86,2.15
2399,12.58,0.0,3.14
2401,264.5,0.0,1.84
2402,37.07,3.23,2.62
2404,20.06,3.01,14.02
2405,,0.66,1.51
2406,171.67,0.0,2.92
2408,19.95,0.26,5.5
2409,158.13,1.05,1.85
2412,28.59,3.57,3.08
2413,15.49,0.86,3.27
2414,13.14,5.56,2.77
2415,18.6,5.45,1.52
2417,27.27,0.66,1.75
2419,682.5,0.0,1.82
2420,12.66,5.3,2.22
2421,18.44,3.06,4.66
2423,16.94,3.5,3.47
2424,,0.0,2.1
2425,20.56,0.27,1.4
2426,1040.0,0.1,8.15
2427,16.16,3.05,1.3
2428,18.98,2.21,2.9
2429,,0.0,3.63
2430,35.92,4.55,0.48
2431,,0.0,1.04
2432,12.86,6.01,1.5
2433,13.12,6.84,1.75
2434,,0.0,4.99
2436,13.31,2.71,3.04
2438,,0.0,3.46
2439,14.36,5.18,1.17
2440,101.07,0.0,1.09
2441,23.52,2.37,2.63
2442,2.76,19.57,0.66
2444,,0.0,2.4
2449,39.25,0.5,5.84
2450,17.38,5.51,1.17
2451,4.99,4.1,3.22
2453,16.87,5.25,2.51
2454,79.85,1.11,18.19
2455,137.01,0.47,28.3
2457,,0.0,1.05
2458,12.45,5.28,3.42
2459,11.63,6.46,1.15
2460,,0.0,3.16
2461,38.75,0.0,0.93
2462,32.87,1.0,0.92
2464,507.89,0.24,7.33
2465,32.84,0.0,6.13
2466,114.97,0.0,16.16
2467,56.79,0.97,5.67
2468,30.77,2.39,2.35
2471,10.58,6.46,2.8
2472,24.8,1.44,4.2
2474,13.24,5.16,0.77
2476,21.38,2.26,3.16
2477,25.4,6.26,0.87
2478,27.67,1.49,2.64
2480,19.12,4.66,5.44
2481,47.35,1.01,4.53
2482,,0.62,1.15
2483,155.4,0.77,1.53
2484,62.66,0.8,3.39
2485,49.66,0.0,2.6
2486,206.9,0.21,9.34
2488,10.21,6.04,1.43
2489,29.78,2.9,1.91
2491,1.24,0.0,0.8
2492,48.09,0.58,3.13
2493,40.92,1.87,8.8
2495,18.55,2.12,2.27
2496,9.12,9.11,1.26
2497,14.03,4.47,2.0
2498,16.33,1.18,1.35
2501,7.18,5.83,0.74
2504,9.89,8.24,1.43
2505,8.59,5.88,0.6
2506,23.31,2.38,0.38
2509,,0.0,0.79
2511,23.57,3.64,0.52
2514,28.97,0.0,0.33
2515,25.31,4.12,0.84
2516,10.03,0.0,1.54
2520,11.01,4.38,0.91
2524,41.04,0.0,0.58
2527,8.91,2.96,0.36
2528,7.64,15.96,1.09
2530,30.3,11.55,1.68
2534,332.0,9.04,0.55
2535,8.81,5.11,2.16
2536,4.43,10.87,0.48
2537,27.5,0.0,0.73
2538,14.63,5.69,0.71
2539,8.03,8.28,2.02
2540,,12.31,4.28
2542,8.98,10.31,1.66
2543,13.55,3.91,2.15
2545,35.63,8.27,0.88
2546,7.26,5.53,2.16
2547,80.67,8.26,0.74
2548,7.37,9.32,1.4
2597,14.19,5.84,6.91
2601,,0.0,0.68
2603,9.22,6.88,0.9
2605,7.47,2.73,1.11
2606,10.99,3.76,1.56
2607,11.12,4.85,0.95
2608,14.87,5.78,1.09
2609,13.31,3.38,0.63
2610,9.42,3.98,1.25
2611,8.5,3.46,1.02
2612,11.98,3.57,0.88
2613,16.5,4.56,0.93
2614,7.54,7.77,1.14
2615,7.66,2.69,1.08
2616,,2.28,0.72
2617,8.63,4.67,0.75
2618,8.83,4.77,1.63
2630,79.91,1.98,2.82
2633,21.11,4.47,2.07
2634,30.72,1.23,3.26
2636,9.96,7.13,1.0
2637,10.77,3.62,1.46
2642,,2.48,1.06
2645,22.13,2.88,4.85
2646,,0.0,1.97
2701,17.46,2.72,0.55
2702,14.88,0.0,0.57
2704,16.79,1.12,0.5
2705,20.41,0.0,0.58
2706,17.79,2.89,0.59
2707,12.12,6.14,5.73
2712,,0.0,1.38
2722,,0.0,1.24
2723,,0.0,1.34
2727,12.97,6.9,4.55
2731,8.86,8.89,3.01
2739,8.98,7.13,2.02
2748,15.22,4.53,1.38
2753,13.11,6.52,3.25
2762,11.81,7.66,3.16
2801,16.32,3.78,1.42
2812,11.22,5.62,1.18
2816,3.52,3.7,0.94
2820,9.97,5.34,0.81
2832,9.48,6.14,1.19
2834,12.9,5.7,1.1
2836,15.92,3.72,0.81
2838,13.14,5.17,1.07
2845,12.87,4.85,0.88
2849,15.82,3.32,0.83
2850,10.64,4.45,2.35
2851,4.52,4.61,1.45
2852,8.51,5.98,0.9
2855,5.99,3.66,1.92
2880,20.3,3.09,2.7
2881,14.53,2.73,1.91
2882,13.33,3.1,1.63
2883,13.46,2.6,1.52
2884,18.98,3.06,2.63
2885,16.39,3.14,2.44
2886,19.38,3.51,1.84
2887,15.61,2.61,1.55
2889,13.36,3.62,1.24
2890,16.85,2.91,2.44
2891,16.44,3.64,1.96
2892,18.18,3.34,1.86
2897,13.31,4.88,0.71
2901,56.59,1.49,2.08
2903,14.73,5.69,1.03
2904,24.33,5.53,0.79
2905,6.53,1.69,0.42
2906,16.02,4.51,0.82
2908,17.93,2.49,1.55
2910,12.84,4.43,1.49
2911,1.49,0.0,0.46
2912,19.23,4.22,5.42
2913,,0.0,0.7
2915,4.21,3.25,0.38
2923,,0.51,0.89
2929,,0.0,0.23
2939,,0.0,2.05
2945,21.63,3.77,1.4
3002,189.0,1.75,1.5
3003,23.59,1.71,1.38
3004,18.82,2.11,2.06
3005,14.01,5.75,2.89
3006,8.53,0.37,4.05
3008,36.41,1.17,4.67
3010,11.8,4.02,1.25
3011,,0.0,0.98
3013,18.45,0.83,3.59
3014,15.05,5.7,3.37
3015,20.71,4.18,0.66
3016,162.5,0.26,10.87
3017,47.25,0.59,25.22
3018,,0.0,2.18
3019,23.27,3.33,2.59
3021,36.78,2.15,1.66
3022,12.05,3.86,1.4
3023,24.16,3.1,4.77
3024,345.0,1.59,1.27
3025,12.45,5.47,4.28
3026,81.85,0.69,13.47
3027,,0.0,1.19
3028,8.79,4.75,2.06
3029,16.48,4.76,3.65
3030,23.75,2.23,7.61
3031,36.81,2.99,2.01
3032,,0.0,3.0
3033,9.16,4.6,1.72
3034,18.46,4.35,4.67
3035,82.28,0.86,3.18
3036,11.06,3.62,2.2
3037,86.88,0.15,16.75
3038,13.54,5.87,1.15
3040,,10.61,1.5
3041,,0.0,2.4
3042,36.36,2.28,4.54
3043,,0.0,1.1
3044,24.94,2.18,5.49
3045,23.16,3.87,4.44
3046,10.93,5.66,2.49
3047,,0.0,1.32
3048,11.34,1.87,1.96
3049,36.97,0.0,1.19
3050,21.89,2.16,0.74
3051,12.68,2.23,1.44
3052,9.38,5.71,0.61
3054,12.12,1.36,3.09
3055,,0.22,15.5
3056,,4.54,0.78
3057,,0.0,1.63
3058,,0.0,1.05
3059,30.6,2.59,1.16
3060,43.51,0.69,1.46
3062,,0.0,1.81
3090,23.05,2.76,2.69
3092,,0.0,2.11
3094,108.87,0.37,5.4
3130,12.49,7.08,4.4
3135,6.78,2.38,3.27
3138,40.48,1.52,2.1
3149,,0.0,7.36
3150,,3.32,1.13
3164,20.88,4.79,1.1
3167,71.88,0.38,21.37
3168,14.6,7.11,1.89
3189,204.08,0.14,13.03
3209,7.76,5.38,1.94
3229,41.88,0.0,5.25
3231,14.69,2.97,3.03
3257,19.57,5.66,2.45
3266,29.17,3.57,0.8
3296,,0.0,2.16
3305,19.93,2.07,2.55
3308,14.15,0.0,1.16
3311,26.16,1.27,1.3
3312,13.41,2.52,2.34
3321,,0.0,2.26
3338,60.26,1.84,3.12
3346,,0.47,0.78
3356,4.83,5.18,1.92
3376,116.55,2.37,2.0
3380,220.71,1.62,1.82
3406,29.36,1.57,4.52
3413,14.37,3.81,1.93
3416,19.63,3.02,3.81
3419,,0.0,1.61
3432,,0.0,2.11
3437,,0.0,1.39
3443,216.87,0.24,84.2
3447,14.1,4.0,1.72
3450,108.52,0.19,13.95
3481,67.31,1.9,1.86
3494,,0.0,1.28
3501,21.79,5.31,0.63
3504,,0.0,3.35
3515,14.15,5.02,2.33
3518,23.84,0.0,3.02
3528,9.39,1.62,2.5
3530,18.9,1.37,1.83
3532,394.62,0.19,8.19
3533,22.25,1.91,5.01
3535,53.12,0.0,6.46
3543,,1.08,1.98
3545,,1.64,1.21
3550,204.58,0.0,1.51
3557,,1.27,0.78
3563,43.43,1.89,8.53
3576,34.44,0.0,2.35
3583,45.58,0.77,6.12
3588,46.72,0.9,1.9
3591,,0.0,1.31
3592,13.86,6.19,1.57
3593,,0.0,3.14
3596,12.08,5.73,2.1
3605,43.95,0.94,3.28
3607,29.79,5.71,0.99
3617,11.76,4.05,2.35
3622,9.23,6.8,0.9
3645,28.69,1.62,3.04
3652,17.06,3.41,1.37
3653,153.58,0.32,42.35
3661,61.45,0.78,5.99
3665,42.51,0.66,9.11
3669,10.92,3.11,0.85
3673,16.66,2.36,0.77
3679,9.14,8.33,1.41
3686,,0.0,1.84
3694,13.14,4.43,2.2
3701,,0.33,3.06
3702,10.27,3.03,2.15
3703,9.82,5.43,0.58
3704,11.81,1.01,1.33
3705,17.03,5.23,1.96
3706,14.45,4.94,1.41
3708,2.33,6.76,0.4
3711,52.97,0.9,8.27
3712,,0.0,1.15
3714,,1.34,1.15
3715,,0.78,3.77
3716,9.61,2.97,0.64
3717,343.13,0.73,1.62
4104,15.16,5.97,1.38
4106,13.18,4.12,0.97
4108,,0.0,1.16
4119,107.2,1.4,1.21
4133,29.32,0.51,1.03
4137,11.32,13.09,1.28
4142,,0.0,1.69
4148,11.63,3.12,0.78
4164,24.1,3.94,0.73
4169,,0.21,5.15
4178,,0.0,1.9
4190,,2.04,0.9
4195,,0.0,1.91
4306,15.93,4.83,0.68
4414,53.8,1.36,0.55
4426,,0.0,0.75
4438,8.28,4.08,0.73
4439,10.23,4.22,1.05
4440,8.9,5.73,0.88
4441,9.47,6.32,1.7
4526,,2.99,1.68
4532,13.02,6.1,1.12
4536,11.92,5.06,1.52
4540,,0.0,1.94
4545,44.71,0.34,1.52
4551,19.62,2.25,2.33
4552,13.51,3.9,0.28
4555,41.83,1.18,1.0
4557,,3.98,0.95
4560,10.15,6.66,1.0
4562,,0.0,2.91
4564,,0.0,0.93
4566,30.67,0.88,1.69
4569,17.78,2.04,1.75
4571,17.15,3.43,2.45
4572,37.77,3.6,2.93
4576,70.73,0.34,6.48
4581,11.82,6.24,1.32
4582,9.65,3.57,1.11
4583,30.88,2.4,3.36
4585,104.5,0.34,4.35
4588,15.68,5.3,2.83
4590,16.84,2.57,1.37
4720,41.52,1.72,1.64
4722,82.05,0.53,6.65
4736,4.82,3.86,1.12
4737,,0.0,2.03
4739,16.94,1.14,1.68
4746,12.13,6.24,0.78
4755,27.78,2.9,1.88
4763,11.12,6.58,2.35
4764,66.61,0.48,6.92
4766,15.34,5.01,3.06
4770,25.52,2.24,2.55
4771,13.38,3.43,2.88
4807,12.64,0.0,1.58
4904,25.79,3.59,4.44
4906,351.67,1.11,1.69
4912,36.14,0.85,1.75
4915,12.71,7.27,1.45
4916,15.7,0.49,3.52
4919,,0.0,4.32
4927,,0.0,3.43
4930,,3.8,0.4
4934,,0.0,2.05
4935,24.77,3.03,0.53
4938,15.18,4.46,1.16
4942,10.88,6.34,0.49
4943,,0.0,20.12
4949,22.02,1.67,3.22
4952,27.72,2.03,2.43
4956,91.06,0.0,2.54
4958,70.41,0.57,4.28
4960,,0.0,1.93
4961,20.11,4.31,1.24
4967,3.94,3.25,2.02
4968,26.27,1.65,3.32
4976,,0.0,2.61
4977,52.55,1.25,3.37
4989,,0.0,6.79
4994,57.75,3.66,6.26
4999,,1.41,0.42
5007,15.71,5.4,2.39
5203,13.37,6.16,1.06
5215,9.59,5.31,0.67
5222,53.93,2.43,3.21
5225,8.01,13.55,1.32
5234,40.16,1.93,10.42
5236,12.27,7.14,3.06
5243,18.47,2.27,1.89
5244,,0.98,1.58
5258,9.54,2.4,1.03
5269,15.52,3.12,3.01
5283,7.94,3.88,0.9
5284,18.14,1.75,4.06
5285,31.65,1.53,3.24
5288,12.6,3.44,2.07
5292,23.5,2.67,5.35
5306,12.45,4.27,1.17
5388,16.55,3.38,1.37
5434,22.64,2.22,5.34
5469,14.91,3.13,0.63
5471,31.14,1.55,2.4
5484,28.85,0.0,4.71
5515,5.27,6.35,1.79
5519,4.98,15.32,0.96
5521,11.68,1.35,0.94
5522,6.1,8.99,1.0
5525,5.66,5.47,1.14
5531,63.73,0.0,0.7
5533,23.56,4.32,0.42
5534,12.65,7.07,1.06
5538,8.34,4.13,0.91
5546,,7.22,0.62
5607,14.38,3.43,1.74
5608,165.5,0.0,0.66
5706,11.44,10.2,2.18
5871,9.8,5.66,1.06
5876,13.98,3.64,1.12
5880,17.35,3.95,1.43
5906,760.0,1.84,2.6
5907,,0.0,0.25
6005,6.05,5.25,1.36
6024,8.18,5.84,1.38
6108,129.75,3.85,1.24
6112,13.81,3.69,1.95
6115,12.84,6.38,1.61
6116,,0.0,1.19
6117,14.41,2.94,2.84
6120,10.29,1.79,0.85
6128,,2.6,0.87
6133,24.28,3.71,2.07
6136,34.12,4.59,0.65
6139,15.85,2.92,8.96
6141,,0.0,10.09
6142,,0.0,1.07
6152,,0.0,2.5
6153,,0.0,1.34
6155,39.72,1.12,3.85
6164,51.35,0.0,1.12
6165,12.15,10.47,2.71
6166,25.0,0.92,4.63
6168,129.53,0.0,2.38
6176,11.26,3.84,1.16
6177,5.06,6.54,1.81
6183,20.31,3.88,5.1
6184,17.24,7.5,1.29
6189,12.2,5.47,2.15
6191,15.24,2.97,1.19
6192,10.78,5.2,1.42
6196,30.34,0.96,8.26
6197,31.36,1.87,8.07
6201,13.74,7.01,1.47
6202,50.75,1.12,3.47
6205,31.54,2.09,2.21
6206,14.86,4.09,3.66
6209,39.35,0.55,4.44
6213,123.41,0.38,12.81
6214,17.69,3.17,2.8
6215,28.87,1.03,4.79
6216,57.43,4.85,1.26
6224,66.83,1.56,3.02
6225,,0.0,22.45
6226,,0.0,4.0
6230,,0.0,1.72
6235,22.8,3.27,1.46
6239,30.45,1.46,3.98
6243,,0.0,2.42
6257,32.51,1.53,5.27
6269,,0.0,1.02
6271,27.17,1.24,1.85
6272,14.33,7.92,1.13
6277,18.86,4.48,1.94
6278,25.38,2.22,3.13
6281,13.65,6.48,1.81
6282,36.11,1.82,1.66
6283,,0.0,1.69
6285,28.2,1.67,3.48
6405,,0.0,0.8
6409,34.41,4.14,9.85
6412,12.19,5.0,1.92
6414,16.4,3.49,2.09
6415,46.35,0.56,4.39
6416,22.01,2.37,2.4
6426,87.75,0.14,13.4
6431,,0.0,3.28
6438,28.68,3.02,2.14
6442,53.7,0.62,10.9
6443,,0.0,4.25
6446,59.01,0.21,12.23
6449,29.12,1.61,3.43
6451,391.28,0.05,5.66
6456,,0.0,1.16
6464,17.0,2.26,1.18
6472,35.28,2.34,3.61
6477,1128.33,1.03,1.33
6491,17.16,2.43,2.73
6504,24.33,2.64,0.79
6505,18.58,1.12,2.09
6515,90.37,0.9,23.34
6525,19.75,3.52,3.89
6526,43.59,1.72,6.98
6531,57.67,0.7,12.98
6533,,0.0,4.1
6534,15.82,5.11,3.6
6541,,0.0,1.74
6550,,0.0,3.17
6552,,0.0,0.77
6558,,0.0,1.76
6573,10.97,0.0,2.2
6579,20.9,2.45,2.55
6581,14.65,4.91,2.74
6582,82.37,0.0,0.48
6585,13.53,4.29,1.93
6589,,0.0,1.94
6591,13.2,9.47,0.81
6592,11.37,5.83,1.08
6598,,0.0,3.92
6605,8.49,4.73,1.13
6606,16.72,4.25,1.62
6614,17.66,4.65,1.88
6625,7.15,6.78,2.26
6641,21.17,2.33,0.41
6645,,0.0,1.78
6655,26.49,4.67,3.09
6657,,0.0,4.12
6658,49.15,0.59,5.17
6666,12.92,4.54,1.15
6668,,0.0,2.41
6669,7.18,7.33,3.05
6670,11.19,5.84,2.46
6671,10.62,5.21,0.79
6672,76.28,0.66,8.58
6674,,0.0,1.61
6689,28.63,3.19,1.47
6691,23.21,2.84,12.62
6695,,0.0,2.96
6698,,1.57,2.14
6706,,0.0,3.26
6715,319.08,0.4,8.95
6719,21.34,2.43,1.42
6722,16.18,6.06,1.14
6742,,0.0,3.52
6743,32.21,8.39,2.31
6753,12.5,0.95,2.89
6754,12.24,8.64,1.23
6756,55.0,0.92,2.26
6757,9.24,4.55,3.1
6768,13.01,7.95,0.88
6770,24.2,0.0,2.65
6771,14.69,7.57,1.59
6776,11.96,5.73,1.73
6781,24.24,1.86,4.95
6782,14.09,3.61,3.3
6789,92.65,0.62,8.37
6790,12.09,7.11,1.78
6792,21.28,4.18,1.77
6794,,0.0,5.6
6796,155.56,0.45,2.64
6799,17.73,2.73,2.41
6805,52.51,0.51,20.15
6807,11.14,7.63,0.7
6830,2120.0,0.19,8.49
6831,88.09,0.61,12.0
6834,54.35,0.32,7.17
6835,106.83,3.15,1.2
6838,,0.0,2.76
6854,,0.0,3.14
6861,41.74,0.74,7.22
6862,21.9,3.37,2.56
6863,33.96,1.55,1.16
6869,,2.82,2.08
6873,67.81,3.9,0.92
6885,,0.0,2.62
6887,8.38,6.58,0.91
6890,15.0,5.75,1.67
6901,5.0,0.0,1.19
6902,28.69,0.0,6.02
6906,33.04,2.27,3.68
6908,23.47,4.76,0.75
6909,32.56,2.31,2.85
6914,11.95,6.72,2.18
6916,,0.0,1.23
6918,13.52,6.78,2.09
6919,,0.0,13.19
6921,,0.0,7.88
6923,17.95,4.13,2.65
6924,15.75,3.82,4.85
6928,,0.0,1.92
6931,10.11,1.26,1.94
6933,47.83,0.65,6.5
6934,,0.0,5.02
6936,14.5,4.69,1.77
6937,64.57,0.48,5.57
6944,22.56,2.2,8.23
6947,34.22,0.78,2.83
6949,,0.0,23.11
6951,11.15,7.68,2.85
6952,30.79,0.0,1.8
6955,21.38,3.23,3.51
6957,38.18,2.05,10.27
6958,,0.0,0.7
6962,22.53,3.04,0.81
6965,106.61,7.95,0.86
6969,339.44,0.0,2.76
6988,,0.0,0.84
6994,5.54,9.92,0.94
7610,51.81,0.14,28.14
7631,13.3,2.66,3.07
7689,13.25,3.49,4.97
7705,12.24,5.38,1.31
7711,27.82,1.42,8.35
7721,67.47,1.63,2.64
7722,32.14,0.74,1.67
7730,109.83,0.77,7.37
7732,17.66,4.47,1.21
7736,12.96,5.29,1.55
7740,13.4,3.08,3.85
7749,27.04,2.3,4.91
7750,34.29,0.8,10.64
7760,48.58,6.14,1.02
7765,20.49,4.11,4.99
7768,64.48,1.16,4.7
7769,60.76,1.1,18.64
7780,30.47,8.92,2.67
7786,10.93,4.81,2.11
7788,39.59,0.61,4.2
7791,12.9,7.08,1.35
7795,241.15,0.39,15.12
7799,,0.0,7.31
7803,,0.0,2.85
7812,,0.0,4.34
7818,12.73,3.34,1.08
7821,11.44,5.71,1.59
7822,53.61,0.67,7.18
7823,,0.0,5.57
7827,,0.0,17.48
7835,,0.0,4.95
7855,8.86,7.68,1.27
8011,22.84,4.14,0.88
8016,14.47,3.97,2.58
8021,112.1,0.35,12.97
8028,51.08,0.95,8.54
8033,362.5,0.0,8.8
8039,96.67,0.65,7.17
8045,65.0,1.79,2.73
8046,173.91,0.14,19.41
8070,30.47,5.26,1.36
8072,16.2,3.72,0.94
8081,14.27,6.1,2.77
8101,,0.0,2.41
8103,20.63,2.37,2.27
8104,,0.0,1.07
8105,17.62,0.0,0.82
8110,9.08,3.01,1.32
8112,6.33,4.54,2.06
8114,12.65,6.46,1.93
8131,19.77,1.47,1.96
8150,40.03,0.96,3.62
8162,48.43,2.31,3.1
8163,49.83,1.67,0.77
8201,,0.0,2.34
8210,22.86,1.61,8.76
8213,19.14,3.02,0.6
8215,,1.07,1.87
8222,25.96,1.0,2.58
8249,19.46,5.24,0.77
8261,28.64,2.62,3.98
8271,5.02,2.2,2.75
8341,14.05,5.43,1.79
8367,12.98,6.97,1.16
8374,,0.26,4.09
8404,16.07,3.7,0.78
8411,34.41,0.85,0.41
8422,26.67,4.69,3.38
8429,65.44,0.0,0.16
8438,22.57,1.59,2.86
8442,14.82,6.51,0.87
8443,,0.0,1.19
8454,23.53,4.09,7.8
8462,15.13,4.61,5.28
8463,10.73,3.76,1.28
8464,15.97,4.38,3.72
8466,,1.95,0.41
8467,14.19,7.72,1.71
8473,11.62,4.59,1.05
8476,74.64,0.96,1.81
8478,9.7,4.66,1.43
8481,11.95,6.79,1.59
8482,16.22,4.08,1.62
8487,13.18,6.87,2.95
8488,,0.0,0.29
8499,23.75,3.17,1.25
8926,16.57,3.52,2.52
8940,28.58,0.0,1.24
8996,110.77,0.28,29.87
9802,13.0,7.74,0.97
9902,22.5,0.0,0.98
9904,5.29,5.21,0.39
9905,12.96,5.18,0.76
9906,11.66,0.2,2.38
9907,15.58,7.97,1.12
9908,13.83,4.13,0.98
9910,13.48,6.18,2.77
9911,12.6,6.15,2.74
9912,,0.0,1.99
9914,19.54,4.15,1.03
9917,15.52,5.82,3.76
9918,16.1,3.49,2.27
9919,,0.0,1.54
9921,59.23,1.98,1.05
9924,10.4,6.59,0.83
9925,13.05,5.08,1.04
9926,17.19,4.29,1.98
9927,10.5,8.0,1.41
9928,,0.0,0.61
9929,25.61,0.0,1.49
9930,13.28,6.81,2.36
9931,11.85,5.29,1.05
9933,8.04,2.18,1.72
9934,39.28,1.02,0.62
9935,7.39,6.58,1.2
9937,21.21,4.04,3.04
9938,12.05,7.66,0.89
9939,11.59,4.86,1.91
9940,20.41,3.0,1.11
9941,10.88,6.0,1.27
9942,12.38,6.19,2.25
9943,12.22,6.99,1.69
9944,27.82,1.74,0.52
9945,5.12,3.75,0.52
9946,3.57,8.29,0.75
9955,12.51,0.0,1.86
9958,12.64,5.06,1.87
1240,10.02,0.93,1.59
1259,18.5,1.83,0.76
1264,11.77,6.01,2.6
1268,13.28,4.57,3.08
1294,10.25,10.0,1.85
1295,12.18,5.98,1.32
1336,24.13,1.44,0.74
1565,12.12,5.96,0.77
1569,,0.0,3.5
1570,47.46,3.05,1.63
1580,8.39,8.84,1.52
1584,31.21,1.43,0.87
1586,48.11,0.0,0.9
1591,,0.0,3.45
1593,8.03,6.34,0.92
1595,,0.65,1.49
1599,,2.19,0.89
1742,,0.0,1.29
1777,10.16,5.3,1.31
1780,14.82,5.08,1.77
1781,,0.0,1.55
1784,55.56,1.47,2.44
1785,15.99,1.87,3.93
1788,14.43,5.51,1.92
1796,73.17,2.33,1.59
1799,,0.0,4.92
1813,48.48,0.0,0.75
1815,38.41,0.75,5.66
2035,,0.0,3.92
2061,60.53,0.0,5.78
2063,12.87,6.37,1.18
2064,595.0,0.0,0.89
2065,9.37,4.2,1.25
2066,14.19,4.15,1.06
2070,22.65,2.41,2.2
2073,,1.17,1.79
2221,62.54,0.79,7.4
2230,,2.8,1.37
2235,20.92,5.27,0.85
2596,12.47,4.41,1.58
2640,16.28,5.16,4.59
2641,7.47,2.9,0.68
2643,8.77,7.14,1.13
2718,3.81,14.03,0.56
2719,27.75,0.0,1.78
2724,,0.0,1.82
2726,,0.0,0.86
2729,25.37,4.49,2.9
2732,18.37,5.54,1.59
2734,,0.0,1.25
2736,,0.0,0.65
2740,,0.0,4.12
2743,13.99,6.21,2.12
2745,8.71,8.74,3.16
2751,10.75,7.35,2.49
2752,10.95,7.56,3.85
2754,15.33,1.49,1.73
2755,13.76,6.04,3.33
2756,14.58,5.37,2.71
2916,10.44,8.89,1.7
2924,,0.0,2.1
2926,47.94,1.52,2.32
2937,11.03,6.89,1.79
2938,12.62,3.37,0.54
2941,13.34,7.27,1.39
2947,18.39,1.65,1.59
2948,16.85,6.18,1.11
2949,17.66,3.25,1.76
3064,,0.0,3.73
3066,4.5,0.0,1.35
3067,563.33,0.0,1.36
3071,38.97,3.54,1.61
3073,,0.0,1.21
3078,12.81,8.68,1.54
3081,270.22,0.13,61.56
3083,31.58,1.43,1.54
3086,,0.0,24.91
3088,16.79,2.19,2.68
3093,47.45,2.47,4.29
3095,13.54,0.0,2.65
3105,69.1,0.34,5.69
3114,12.24,3.54,1.55
3115,,0.0,1.08
3118,13.38,7.03,1.88
3122,,0.0,3.04
3128,17.48,4.98,1.22
3131,43.38,1.88,22.28
3141,26.72,0.44,2.2
3147,18.33,2.2,6.66
3152,26.85,2.93,2.6
3158,11.84,7.64,2.73
3162,131.9,1.04,3.11
3163,71.63,0.5,17.21
3169,28.61,2.94,3.9
3171,9.55,8.04,3.09
3176,,0.0,3.62
3178,209.69,0.0,2.5
3188,3.19,14.17,1.27
3191,22.09,0.0,3.12
3205,,0.0,3.14
3206,19.77,4.39,1.3
3207,,0.0,1.52
3211,52.49,2.94,6.71
3213,12.88,5.67,1.86
3217,10.18,7.78,2.39
3218,9.88,5.81,2.92
3219,39.16,1.05,6.14
3221,53.86,0.51,2.65
3224,,0.0,1.82
3226,321.11,0.0,2.0
3227,15.74,5.37,1.87
3228,,0.0,17.39
3230,,0.0,3.85
3232,27.96,2.52,1.34
3234,,0.0,30.61
3236,78.06,0.89,3.3
3252,,0.0,0.39
3259,,0.0,2.48
3260,4.72,4.66,3.0
3264,32.64,1.68,6.04
3265,30.43,1.89,4.68
3268,,0.0,1.75
3272,,0.0,0.94
3276,64.09,0.43,1.13
3284,8.88,2.33,1.5
3285,23.37,1.16,2.94
3287,4.96,3.8,2.14
3288,,0.0,3.35
3289,31.25,3.13,2.6
3290,8.58,2.95,1.83
3293,18.02,4.62,14.54
3294,,0.0,1.79
3297,37.56,0.0,2.01
3303,9.95,6.02,1.97
3306,107.5,3.59,0.59
3310,26.12,5.15,2.82
3313,,0.0,1.04
3317,34.18,0.73,1.88
3322,,0.0,0.97
3323,,0.0,1.24
3324,35.17,0.78,10.7
3325,,0.0,1.27
3332,16.35,3.1,1.64
3339,,0.0,4.1
3349,,0.0,2.77
3354,,0.0,2.75
3357,21.11,2.26,2.28
3360,1535.0,0.0,1.42
3362,,0.0,7.38
3363,,0.0,13.5
3372,,0.0,1.96
3373,,6.43,1.03
3374,78.02,0.5,13.68
3379,26.76,4.4,1.71
3388,15.84,3.88,1.35
3390,,0.89,1.23
3402,19.43,4.3,4.82
3430,24.41,1.42,3.21
3434,84.59,3.83,2.4
3438,41.08,2.47,1.04
3441,102.47,0.34,12.02
3444,39.35,2.3,3.36
3455,78.71,1.25,7.01
3465,,0.0,1.35
3466,,0.0,1.52
3467,61.91,0.7,3.67
3479,18.45,3.44,2.93
3483,27.15,3.8,1.59
3484,14.39,5.02,1.21
3485,37.69,2.01,3.58
3489,,13.33,2.17
3490,7.22,1.1,1.59
3491,135.53,0.4,25.83
3492,15.04,5.67,1.07
3498,52.73,0.0,5.61
3499,,0.0,1.73
3508,,0.0,4.91
3511,,0.0,1.26
3512,10.05,9.47,0.86
3516,38.26,0.76,1.01
3520,,0.0,1.54
3521,6.75,0.0,0.95
3522,,0.0,1.75
3523,,0.0,2.4
3526,15.57,6.09,4.47
3527,,1.98,1.0
3529,101.14,0.68,64.56
3531,16.4,2.31,0.71
3537,12.27,3.55,2.46
3540,27.27,1.07,0.97
3541,76.09,0.0,1.87
3546,14.48,3.44,2.7
3548,200.54,1.35,0.81
3551,21.3,2.4,2.47
3552,,1.14,0.98
3555,18.98,0.0,7.88
3556,17.83,2.97,3.46
3558,62.62,2.24,1.32
3564,169.17,0.44,2.6
3567,23.47,3.84,1.59
3570,11.85,5.72,2.71
3577,25.29,1.82,4.77
3580,63.89,1.16,3.94
3581,48.5,0.53,6.39
3587,37.39,1.71,2.97
3594,36.5,0.86,1.94
3597,45.94,1.09,2.42
3609,3.8,0.0,2.11
3611,8.86,5.46,1.37
3615,14.09,1.59,1.29
3623,31.49,0.0,2.3
3624,49.84,0.69,5.24
3625,,0.0,2.14
3628,17.53,4.49,2.03
3629,,0.0,10.65
3630,,0.0,1.97
3631,,0.0,2.94
3646,,3.59,2.04
3663,271.74,0.0,2.1
3664,,0.0,6.25
3666,,0.0,2.05
3672,,0.0,1.79
3675,62.85,1.11,6.49
3680,38.13,1.22,4.2
3684,15.01,4.58,2.59
3685,,0.0,3.83
3687,13.95,3.3,1.17
3689,14.6,3.09,2.12
3691,37.96,0.0,1.58
3693,46.56,1.11,5.88
3707,,0.0,4.13
3709,5.84,3.27,1.94
3710,,0.0,1.4
3713,,0.0,1.72
4102,,0.0,1.32
4105,11.52,5.6,2.87
4107,12.87,5.02,2.15
4109,366.67,1.82,0.8
4111,9.13,4.51,1.23
4113,,0.0,0.82
4114,18.02,5.64,1.69
4116,15.06,5.03,1.61
4120,,8.73,0.76
4121,,0.0,0.75
4123,23.38,7.22,1.37
4126,12.96,5.81,1.97
4127,28.41,0.0,3.78
4128,17.25,0.0,0.95
4129,14.62,5.38,2.07
4131,,0.0,4.28
4138,14.7,7.81,1.36
4139,,0.0,4.73
4147,,0.0,4.56
4153,19.3,6.32,1.92
4154,,0.0,1.99
4157,38.86,0.0,5.94
4160,58.13,1.27,2.11
4161,11.88,3.26,1.3
4162,15.08,3.58,1.63
4163,22.75,2.61,2.51
4166,24.64,0.0,2.18
4167,6.16,7.26,1.45
4168,,0.0,3.04
4171,,0.0,1.83
4173,21.5,6.05,0.68
4174,,0.0,4.61
4175,13.38,5.92,1.41
4183,,0.0,1.31
4188,,0.0,1.71
4192,,0.0,2.86
4198,,0.0,5.56
4205,17.05,5.17,3.05
4207,10.27,6.22,1.33
4303,3.37,15.95,0.88
4304,,0.0,3.24
4305,8.46,7.52,1.88
4401,12.17,4.36,0.62
4402,,0.0,1.61
4406,,0.0,0.86
4413,16.41,1.47,1.86
4416,4.03,0.0,0.47
4417,9.34,7.21,1.29
4419,,0.0,9.01
4420,26.42,8.47,1.01
4430,45.64,2.81,0.57
4432,3.2,2.62,0.49
4433,16.07,5.56,0.6
4442,10.97,6.37,1.99
4502,,0.0,1.64
4503,6.4,0.0,1.0
4506,15.25,4.49,3.66
4510,44.11,0.0,2.43
4513,,0.0,1.49
4523,0.9,11.01,0.86
4527,9.39,6.67,1.89
4528,,1.36,0.55
4529,,0.0,1.32
4530,1217.5,0.0,1.96
4533,42.5,0.7,1.57
4534,62.19,0.0,3.62
4535,18.66,3.02,0.81
4538,44.62,5.75,1.25
4541,15.04,2.37,2.29
4542,154.59,0.28,12.37
4543,12.79,2.14,1.05
4549,24.32,3.23,2.99
4550,12.46,5.07,0.97
4554,9.88,7.21,1.42
4556,135.51,0.41,7.39
4558,18.89,0.0,0.94
4561,24.59,0.48,1.74
4563,,0.0,2.1
4568,21.58,5.1,1.17
4577,,0.0,4.58
4580,13.64,4.85,1.41
4584,15.32,5.26,1.08
4609,23.11,0.0,1.61
4702,4.21,5.35,0.51
4706,38.87,0.7,2.2
4707,25.27,1.53,1.59
4711,20.59,2.86,1.04
4714,,0.0,1.0
4716,33.53,0.0,1.61
4721,16.56,2.79,4.26
4726,,0.0,3.34
4728,26.48,3.07,15.02
4729,43.56,0.0,1.32
4735,6.82,5.26,1.29
4741,33.55,0.74,1.52
4743,362.31,0.0,2.2
4744,18.84,3.51,1.3
4745,,0.0,0.28
4747,23.62,2.27,1.21
4749,61.37,1.01,7.09
4754,11.75,6.06,2.15
4760,34.22,1.41,7.96
4767,10.99,3.89,0.91
4768,,0.28,12.13
4772,50.0,1.08,11.05
4806,,0.0,1.24
4903,36.52,0.64,4.22
4905,7.5,1.62,0.87
4907,5.98,3.49,1.66
4908,101.2,0.39,11.26
4909,49.86,0.0,1.36
4911,20.74,7.02,2.03
4923,,0.0,4.21
4924,19.63,0.0,1.47
4931,42.37,0.99,10.28
4933,7.38,5.43,1.14
4939,89.42,0.33,4.98
4946,42.72,0.0,5.08
4950,19.87,0.0,1.64
4951,13.9,5.07,3.23
4953,11.86,4.36,2.05
4966,18.07,3.13,1.97
4971,150.62,0.14,6.46
4972,,0.0,0.63
4973,7.64,0.74,2.55
4974,14.28,5.6,1.54
4979,94.76,0.37,18.57
4991,161.37,0.0,14.11
4995,13.3,4.26,2.1
5009,15.57,3.67,1.05
5011,,0.0,1.18
5013,24.06,1.33,1.78
5014,,4.98,0.7
5015,15.17,2.18,1.15
5016,13.88,3.68,0.9
5201,,1.83,1.66
5202,,1.39,1.22
5205,,0.0,5.5
5206,7.85,6.61,0.95
5209,9.5,7.48,4.77
5210,27.14,0.0,2.9
5211,,0.0,1.96
5212,7.74,8.55,3.05
5213,12.45,13.97,1.0
5220,138.13,1.36,1.17
5223,,0.0,0.42
5227,,0.0,3.61
5228,27.35,0.0,3.66
5230,,2.2,0.96
5245,,0.0,1.43
5251,28.02,0.0,2.43
5263,43.32,0.0,1.69
5272,,0.0,1.19
5274,118.4,0.46,86.12
5276,17.14,4.44,1.37
5278,20.26,5.29,1.85
5287,9.0,8.11,2.98
5289,7.0,1.35,5.21
5291,52.7,0.0,2.6
5299,12.39,3.68,1.52
5301,,0.0,0.64
5302,,0.0,1.26
5309,395.29,0.74,2.92
5310,14.55,0.0,2.54
5312,12.21,7.27,1.25
5314,5.95,114.77,4.45
5315,11.51,8.38,1.17
5321,,0.0,5.24
5324,,0.0,1.93
5328,81.69,0.6,4.41
5340,49.45,0.67,7.4
5344,,0.0,2.26
5345,,0.0,3.86
5347,41.13,2.35,5.67
5348,,0.0,2.37
5351,17.72,0.0,5.22
5353,15.86,3.48,1.49
5355,,0.0,1.78
5356,11.67,7.72,0.61
5364,,0.0,0.77
5381,27.85,0.0,1.98
5386,3.99,2.31,3.18
5392,57.28,1.03,1.18
5398,150.0,0.0,1.43
5403,11.65,7.1,2.8
5410,9.84,6.2,1.94
5425,38.0,1.93,3.35
5426,47.94,0.99,1.89
5432,21.01,0.77,7.78
5438,,4.39,0.59
5439,14.48,2.75,6.04
5443,50.0,1.94,0.9
5450,21.16,1.71,0.99
5452,56.73,0.8,2.12
5455,,0.0,1.48
5457,31.8,6.29,0.85
5460,113.24,0.0,1.52
5464,198.72,0.0,5.03
5465,20.97,3.58,2.0
5468,,0.0,2.54
5474,27.52,2.48,3.27
5475,149.61,0.0,22.52
5478,11.89,7.75,1.66
5481,,0.0,1.16
5483,24.97,1.56,2.69
5487,,0.0,1.39
5488,,0.5,1.08
5489,20.07,3.58,1.85
5490,12.4,5.87,1.76
5493,16.08,2.99,2.17
5498,156.57,0.46,4.84
5508,17.61,5.15,2.15
5511,4.79,8.17,1.07
5512,53.64,1.33,0.42
5514,62.92,0.0,1.0
5516,11.72,0.0,1.32
5520,8.59,8.28,1.54
5523,,1.65,1.66
5529,7.15,1.51,1.69
5530,14.42,0.0,0.65
5536,26.11,1.91,7.81
5543,56.38,0.0,2.47
5547,10.36,9.61,1.24
5548,10.1,9.34,1.04
5601,70.49,1.31,1.36
5603,35.25,3.55,0.79
5604,30.19,6.31,1.77
5609,10.27,7.12,1.76
5701,,0.0,1.36
5703,16.83,0.0,1.75
5704,160.71,0.0,1.35
5864,2.84,4.06,1.39
5878,14.94,6.4,1.81
5902,16.29,4.85,2.6
5903,23.63,3.5,4.72
5904,20.62,3.63,1.03
5905,,0.0,0.74
6015,4.07,3.09,1.05
6016,3.14,5.85,1.12
6020,5.74,1.32,0.95
6021,3.8,4.68,1.04
6023,9.34,6.51,1.35
6026,5.74,8.61,1.0
6028,10.95,5.36,3.06
6101,28.49,0.0,3.3
6103,99.75,0.0,3.62
6104,18.42,5.14,3.69
6109,,0.0,1.2
6111,,0.0,1.73
6113,38.77,0.0,2.24
6114,5.99,2.2,0.62
6118,100.94,0.0,1.3
6121,11.17,5.89,1.72
6122,12.85,5.68,2.62
6123,13.12,8.44,1.63
6124,52.31,0.0,1.58
6125,172.76,1.0,2.78
6126,41.54,1.85,1.14
6127,,0.0,5.52
6129,,0.0,1.4
6130,,0.0,1.8
6134,35.89,0.71,1.9
6138,18.19,4.05,5.36
6140,,0.0,2.03
6143,9.95,7.66,2.38
6144,,0.0,1.61
6146,15.91,6.61,3.46
6147,55.92,1.21,2.95
6148,34.35,3.32,3.11
6150,15.93,0.92,1.84
6151,15.24,4.21,1.91
6154,12.5,3.58,0.89
6156,58.5,0.85,1.09
6158,,0.0,0.87
6160,,0.0,1.61
6161,11.89,4.49,2.05
6163,48.15,1.35,2.17
6169,,0.0,1.39
6170,10.05,8.14,2.44
6171,17.52,8.33,1.01
6174,45.83,0.58,4.35
6175,24.6,3.9,2.73
6179,51.71,1.32,1.78
6180,,2.59,1.75
6182,586.96,0.0,4.96
6185,54.57,3.13,0.88
6186,5.71,17.3,1.23
6187,79.57,0.76,17.54
6188,22.24,5.12,1.36
6190,33.66,2.53,3.61
6194,27.22,4.71,0.78
6195,14.92,3.57,1.05
6198,,0.0,0.72
6199,51.29,0.0,8.13
6203,9.1,6.69,1.67
6204,92.92,0.45,7.17
6207,97.04,0.41,4.88
6208,18.78,2.51,2.34
6210,,0.0,1.84
6212,16.02,0.0,0.86
6217,,0.0,6.73
6218,36.19,0.0,3.9
6219,12.77,0.0,0.76
6220,22.11,2.73,1.18
6221,12.84,3.99,1.67
6222,,0.0,1.58
6223,118.42,0.4,34.07
6227,10.93,3.2,3.37
6228,,0.0,2.0
6229,21.93,2.51,1.35
6231,31.1,2.43,9.9
6233,113.41,3.01,1.31
6234,40.19,0.6,1.49
6236,1680.0,0.0,4.49
6237,,0.28,1.95
6240,,0.0,1.7
6241,22.09,0.0,1.58
6242,14.1,5.91,1.28
6244,54.29,0.61,1.94
6245,19.93,4.35,2.15
6246,63.25,0.0,1.16
6248,13.09,7.09,0.78
6259,21.95,1.07,2.19
6261,15.19,3.21,1.46
6263,20.16,4.38,7.15
6264,,0.0,0.9
6265,5.99,0.0,2.63
6266,13.47,6.74,1.66
6270,22.82,3.34,0.79
6274,87.35,0.44,21.32
6275,18.72,4.21,2.27
6276,,0.0,3.36
6279,10.18,4.74,1.52
6284,21.0,2.36,1.37
6290,30.3,2.18,6.12
6291,40.54,1.28,13.86
6292,12.49,2.62,2.68
6294,10.43,10.81,1.3
6411,18.78,2.82,1.55
6417,16.16,2.27,2.52
6418,90.39,1.11,2.3
6419,5.55,0.0,3.04
6423,122.68,1.15,5.08
6425,70.38,1.35,2.89
6432,27.36,1.81,2.4
6435,19.28,2.92,4.29
6441,,0.0,1.36
6461,,0.0,3.6
6462,,0.0,1.26
6465,12.05,0.49,3.35
6469,18.81,5.81,2.65
6470,8.92,5.84,1.43
6474,10.46,7.03,1.1
6482,12.8,8.58,1.73
6485,,0.56,2.06
6486,16.33,7.65,2.26
6488,58.98,0.63,6.01
6492,,0.0,4.93
6494,17.48,1.92,1.6
6496,,0.0,1.61
6498,9.84,6.04,2.27
6499,,0.0,6.26
6506,12.65,5.31,1.22
6508,25.83,1.9,0.93
6509,13.92,2.77,1.78
6510,71.23,0.5,9.82
6512,,0.0,1.54
6516,26.37,4.13,3.35
6517,27.29,2.19,3.18
6523,13.48,11.22,3.15
6527,12.86,3.87,1.84
6530,40.75,2.04,7.18
6532,14.49,2.58,3.53
6535,,0.0,10.96
6538,190.8,0.46,6.45
6542,90.0,0.05,2.3
6546,15.07,4.07,1.93
6547,,0.0,5.68
6548,35.09,1.73,5.55
6556,8.06,5.62,1.11
6560,27.31,0.0,1.64
6561,20.84,4.57,7.39
6568,27.84,1.43,2.74
6569,19.36,3.3,2.29
6570,18.74,2.32,2.09
6574,9.06,2.5,2.47
6576,564.29,0.0,9.78
6577,11.13,6.21,3.42
6578,,2.47,1.15
6584,51.09,0.45,10.3
6588,605.56,0.0,4.84
6590,12.39,2.33,2.29
6593,,0.0,1.2
6596,4.84,19.34,2.98
6597,41.01,1.54,2.46
6603,36.92,1.39,1.81
6604,6.58,5.13,1.18
6609,,0.0,1.19
6612,36.65,1.81,1.8
6613,17.15,3.45,3.51
6615,50.45,0.0,1.11
6616,,0.0,0.71
6617,,0.0,6.32
6620,43.4,1.66,4.05
6624,72.36,0.75,1.74
6629,8.8,6.17,2.22
6637,9.89,8.27,1.36
6640,64.48,1.39,6.03
6642,20.93,2.28,2.72
6643,524.21,0.24,11.16
6649,45.76,2.77,2.36
6651,15.96,2.81,3.76
6654,76.68,0.0,6.68
6661,,0.0,1.47
6662,17.81,5.44,1.71
6664,22.73,2.68,5.52
6667,19.04,4.2,5.52
6679,16.13,3.27,1.8
6680,53.3,0.6,2.19
6683,64.51,0.62,14.08
6684,,0.0,1.4
6690,16.26,5.06,1.77
6692,,0.9,1.36
6693,39.56,0.3,7.12
6697,13.43,6.33,1.86
6703,9.79,1.0,2.56
6708,220.97,0.0,5.09
6712,34.73,2.48,5.78
6716,24.72,1.04,5.47
6720,34.02,2.81,4.28
6721,9.68,6.73,1.69
6725,16.48,3.23,3.4
6727,49.2,0.86,9.72
6728,11.95,5.96,1.67
6730,16.88,4.7,1.57
6732,22.05,3.59,1.62
6733,,0.0,3.13
6735,45.14,1.11,3.08
6739,46.59,1.18,24.88
6741,12.07,3.79,2.01
6751,8.46,6.15,1.17
6752,14.08,4.96,2.68
6761,22.71,3.56,3.44
6762,316.0,0.63,4.26
6763,10.05,7.23,2.56
6767,,0.0,1.68
6785,,0.11,2.55
6788,19.52,3.98,5.54
6791,21.46,3.45,4.5
6803,14.15,6.02,2.79
6804,,2.73,0.68
6811,16.91,3.85,4.87
6821,26.03,2.38,1.96
6823,,0.0,3.71
6829,40.26,1.63,6.66
6840,44.19,1.05,2.71
6841,83.28,1.79,3.33
6843,20.29,5.24,1.53
6844,17.35,7.03,0.68
6846,12.28,6.84,1.7
6855,11.67,4.76,3.04
6856,13.84,7.2,1.64
6859,42.73,1.66,2.38
6865,,5.25,1.22
6870,36.49,1.64,6.08
6872,,0.0,3.21
6874,16.98,5.69,3.22
6875,,0.0,2.56
6877,,0.38,7.45
6881,10.55,8.58,4.2
6884,16.09,4.85,1.8
6894,23.03,2.34,5.23
6895,303.92,1.87,5.9
6899,11.2,5.68,1.11
6903,15.03,2.6,5.91
6904,16.16,4.07,2.26
6907,37.95,0.53,7.31
6910,13.73,6.89,1.72
6913,20.4,1.87,3.35
6922,21.29,2.37,5.12
6925,24.47,2.81,3.66
6929,,0.0,1.01
6945,,0.0,5.85
6953,26.41,2.33,4.69
6961,17.8,10.93,1.34
6967,14.06,5.04,2.19
6968,16.18,3.65,1.54
6971,10.22,6.38,1.04
6982,,3.57,2.09
6983,94.09,0.79,7.64
6986,19.82,0.5,2.16
6996,11.03,6.03,2.58
6997,33.66,6.76,2.97
7402,,0.5,5.61
7547,19.9,2.89,2.14
7556,32.83,1.6,4.49
7584,,1.39,1.09
7642,27.33,4.44,2.14
7703,27.65,3.4,3.54
7704,18.82,2.97,1.75
7708,12.17,6.01,2.32
7709,22.38,1.79,1.93
7712,24.96,2.31,2.99
7713,13.34,5.61,2.77
7714,21.8,2.97,6.11
7715,18.48,6.72,0.97
7716,14.67,6.85,1.17
7717,85.15,0.55,14.29
7718,8.3,5.46,1.34
7723,,0.0,1.63
7728,101.11,0.8,12.23
7734,57.12,0.73,11.24
7738,12.34,6.33,2.29
7743,23.48,1.85,1.52
7744,24.54,1.31,6.31
7747,22.7,3.6,3.16
7751,62.02,1.13,18.23
7753,8.07,4.23,1.56
7757,10.99,8.7,2.15
7767,10.03,6.6,1.52
7770,15.75,5.0,2.12
7772,182.91,1.04,3.77
7777,29.84,0.67,2.98
7782,11.53,7.97,1.28
7792,36.75,1.97,5.71
7794,12.13,5.41,1.78
7805,10.37,8.12,2.11
7810,28.4,2.01,5.3
7811,10.55,7.77,1.23
7814,200.0,0.0,3.84
7819,19.1,5.26,1.4
7820,48.04,1.36,3.36
7825,38.86,1.79,4.31
7828,182.56,0.25,14.1
7839,21.38,4.6,2.83
7842,22.71,3.21,2.15
7856,162.34,0.02,65.33
8024,,0.0,1.4
8027,695.0,0.0,7.74
8032,10.3,3.32,0.85
8034,16.64,6.22,1.62
8038,41.08,0.0,4.4
8040,1127.5,0.0,3.51
8042,32.98,0.95,3.64
8043,35.11,0.62,4.08
8044,,0.0,0.75
8047,,0.0,5.07
8048,14.84,4.47,2.52
8049,12.91,5.68,1.13
8050,23.13,3.54,1.64
8054,,0.0,3.36
8059,,0.0,1.99
8064,55.97,0.72,5.95
8066,,0.0,0.99
8067,44.2,0.0,1.57
8068,,0.0,1.24
8069,14.11,4.06,2.21
8071,,0.0,1.69
8074,31.69,1.9,2.48
8076,152.5,3.28,1.67
8077,6.08,4.85,1.71
8080,,0.0,3.43
8083,14.05,6.25,5.13
8084,,0.0,2.18
8085,,0.0,1.83
8086,26.12,1.2,3.25
8087,,0.0,1.16
8088,14.87,3.37,2.43
8089,,0.0,1.28
8091,24.42,1.81,3.11
8092,80.0,0.0,1.27
8093,,0.0,2.72
8096,24.89,0.55,4.34
8097,,0.0,3.03
8099,17.9,3.57,3.61
8102,24.13,1.64,3.32
8107,9.52,0.0,0.56
8109,18.17,3.33,3.66
8111,82.46,0.64,7.42
8121,433.13,0.0,3.65
8147,55.47,2.13,4.04
8155,28.79,1.54,5.42
8171,,0.0,1.27
8176,31.35,0.0,1.14
8182,41.71,0.57,1.31
8227,72.23,0.46,12.26
8234,,0.65,2.89
8240,23.7,2.33,1.16
8255,22.67,2.28,1.7
8272,13.14,4.65,1.94
8277,,0.0,1.41
8279,9.69,6.19,0.94
8284,10.38,5.9,2.41
8289,52.26,0.27,2.31
8291,,0.0,8.34
8299,9.44,1.13,4.46
8342,10.86,6.1,2.69
8349,16.31,3.69,1.19
8354,6.09,0.67,0.59
8358,81.82,0.36,14.9
8383,14.29,3.54,2.09
8390,10.18,4.14,2.34
8401,8.59,5.31,1.33
8403,15.97,3.18,0.79
8409,17.65,0.0,1.92
8410,6.08,5.99,0.53
8415,8.89,4.25,1.24
8416,11.63,4.97,2.97
8421,31.55,0.0,0.97
8423,16.78,3.9,1.21
8424,11.21,7.18,2.27
8426,9.79,3.84,0.9
8431,,0.0,4.47
8432,12.37,4.85,1.46
8433,7.19,8.03,1.2
8435,10.27,6.07,1.97
8436,11.65,5.87,1.47
8437,,0.0,0.22
8440,20.35,0.99,1.52
8444,,0.0,3.19
8446,10.98,9.28,2.27
8450,,0.0,1.79
8455,44.62,0.0,1.05
8472,,0.0,4.67
8477,,0.0,1.68
8489,33.18,0.0,1.38
8905,42.47,2.06,1.45
8906,,0.0,2.59
8908,18.86,4.53,3.05
8916,14.17,7.44,1.21
8917,21.0,4.0,3.24
8921,,1.63,0.67
8923,22.5,5.0,1.23
8924,17.84,8.77,1.05
8927,20.05,1.66,1.38
8928,9.62,3.51,1.06
8929,36.57,0.0,0.8
8930,10.85,7.8,1.64
8931,36.37,3.76,2.63
8932,42.7,1.46,13.0
8933,,0.0,0.97
8935,,0.0,2.4
8936,12.24,5.65,2.08
8937,416.67,0.0,4.51
8938,9.87,7.72,1.04
8941,14.25,2.28,1.53
8942,7.58,2.49,0.78
9949,3.96,9.13,2.17
9950,,0.0,1.21
9951,8.14,7.03,0.87
9960,17.59,3.87,1.91
9962,44.35,0.0,0.86
