rev_month,batch_date,exit_date,done,n,avg,median,placebo_avg_median,beat,pick3,pick3_avg,n_twse,n_tpex,cov_ok,lose_streak,avg6,delist
2025-09,2025-10-14,2025-11-12,True,119,2.21,-1.27,,,3017 5864 2308,10.67,980,852,True,0,,False
2025-10,2025-11-12,2025-12-10,True,94,2.58,-1.73,-0.08,True,7751 8048 6735,20.55,984,852,True,0,,False
2025-11,2025-12-12,2026-01-13,True,105,5.96,-2.41,0.63,True,6499 7610 2605,17.25,985,856,True,0,,False
2025-12,2026-01-13,2026-02-10,True,172,-1.24,-3.92,0.41,False,2345 4543 6612,5.58,987,857,True,1,,False
2026-01,2026-02-23,2026-03-24,True,224,2.48,-1.38,0.43,True,8072 8996 3232,-9.15,987,857,True,0,,False
2026-02,2026-03-12,2026-04-13,True,60,1.95,-5.01,0.5,True,2344 5478 3054,-9.77,989,859,True,0,2.32,False
2026-03,2026-04-13,2026-05-12,True,200,9.74,0.76,3.15,True,3057 6023 4949,3.86,989,859,True,0,3.58,False
2026-04,2026-05-12,2026-06-09,True,176,2.32,-1.61,0.32,True,6190 6923 5351,-2.72,989,861,True,0,3.53,False
2026-05,2026-06-12,2026-07-14,True,169,-2.76,-4.49,-1.1,False,6285 4950 3037,-4.64,990,861,True,1,2.08,False
2026-06,2026-07-14,2026-08-11,True,250,0.0,-0.06,-1.34,True,2408 8299 4174,4.22,990,861,True,0,2.29,False
2026-07,2026-08-12,2026-09-09,True,288,3.56,-0.47,0.65,True,2027 3597 7712,0.92,991,862,True,0,2.47,False
2026-08,2026-09-14,2026-10-07,False,212,3.9,1.15,2.42,True,6884 5351 2466,21.59,991,862,True,0,,False
