date,code,ratio,reason
2021-11-01,6404,2.8581,疑似減資／併股未還原
2022-05-05,3666,0.0001,疑似拆股未還原
2022-08-31,4944,1.9657,疑似減資／併股未還原
2022-09-19,5536,0.5146,疑似拆股未還原
2022-09-19,6289,1.8053,疑似減資／併股未還原
2022-10-03,6287,4.0012,疑似減資／併股未還原
2023-11-20,4946,1.8226,疑似減資／併股未還原
2023-12-22,6885,0.4001,疑似拆股未還原
2024-03-29,6919,0.5325,疑似拆股未還原
2024-11-11,8476,0.5077,疑似拆股未還原
2024-11-19,8101,5.5,疑似減資／併股未還原
2025-01-10,1752,102.3045,疑似減資／併股未還原
2025-01-13,1752,0.01,疑似拆股未還原
2025-11-03,4950,2.6185,疑似減資／併股未還原
2026-01-02,7780,10.5569,疑似減資／併股未還原
2026-01-08,7780,0.1019,疑似拆股未還原
2026-04-20,7772,1.8452,疑似減資／併股未還原
2026-09-07,6949,0.045,疑似拆股未還原
