code,rs,tpl,hi52_dist
1101,64.0,False,-4.6
1102,51.0,False,-7.7
1103,39.0,False,-8.4
1104,39.0,False,-18.3
1108,5.0,False,-27.9
1109,18.0,False,-17.8
1110,28.0,False,-17.2
1201,22.0,False,-25.7
1203,,False,-15.8
1210,26.0,False,-14.2
1213,,False,-41.4
1215,20.0,False,-34.9
1216,44.0,False,-6.3
1217,43.0,False,-8.3
1218,8.0,False,-25.8
1219,19.0,False,-26.0
1220,,False,-21.5
1225,,False,-33.3
1227,29.0,False,-18.6
1229,37.0,False,-22.0
1231,43.0,False,-33.5
1232,,False,-13.2
1233,,False,-16.9
1234,34.0,False,-15.9
1235,,False,-44.4
1236,,False,-10.5
1240,,False,-19.7
1256,,False,-23.3
1259,,False,-7.0
1264,,False,-16.8
1268,,False,-5.9
1294,,False,-35.0
1295,,False,-60.7
1301,92.0,True,-1.3
1303,98.0,True,-3.7
1304,25.0,False,-32.7
1305,29.0,False,-35.3
1307,42.0,False,-18.3
1308,31.0,False,-31.2
1309,10.0,False,-46.9
1310,30.0,False,-24.2
1312,73.0,True,-8.2
1313,49.0,False,-13.8
1314,44.0,True,-15.3
1315,,False,-1.5
1316,36.0,False,-39.4
1319,55.0,False,-30.3
1321,,False,-11.2
1323,,False,-15.7
1324,,False,-25.4
1325,79.0,False,-15.8
1326,88.0,True,-1.9
1336,82.0,False,-4.3
1337,8.0,False,-34.5
1338,21.0,False,-32.4
1339,,False,-12.3
1340,,False,-42.9
1341,,False,-7.2
1342,43.0,False,-17.2
1402,55.0,False,-10.3
1409,73.0,True,-23.6
1410,11.0,False,-33.8
1413,,False,-18.9
1414,36.0,False,-18.0
1416,62.0,False,-4.0
1417,26.0,False,-13.9
1418,,False,-16.0
1419,,False,-18.4
1423,,False,-23.8
1432,,False,-13.7
1434,69.0,True,-7.4
1435,,False,-38.0
1436,11.0,False,-45.0
1437,51.0,False,-10.5
1438,,False,-43.0
1439,,False,-12.8
1440,60.0,False,-9.5
1441,,False,-41.8
1442,33.0,False,-39.9
1443,,False,-23.8
1444,26.0,False,-31.7
1445,,False,-34.7
1446,5.0,False,-34.2
1447,32.0,False,-38.6
1449,28.0,False,-22.6
1451,42.0,False,-8.5
1452,,False,-23.3
1453,,False,-22.9
1454,,False,-29.9
1455,63.0,True,-15.3
1456,63.0,False,-7.7
1457,,False,-15.1
1459,91.0,True,-18.6
1460,11.0,False,-30.3
1463,,False,-11.8
1464,32.0,False,-17.9
1465,24.0,False,-18.0
1466,8.0,False,-32.1
1467,54.0,False,-23.0
1468,,False,-12.0
1470,,False,-2.6
1471,12.0,False,-40.1
1472,,False,-9.5
1473,,False,-42.8
1474,42.0,False,-16.9
1475,,False,-34.5
1476,30.0,False,-34.0
1477,26.0,False,-40.7
1503,31.0,False,-26.9
1504,66.0,False,-43.8
1506,28.0,False,-30.9
1512,,False,-33.2
1513,52.0,False,-16.9
1514,19.0,False,-31.4
1515,10.0,False,-37.7
1516,3.0,False,-46.3
1517,33.0,False,-30.9
1519,49.0,False,-30.7
1521,,False,-17.2
1522,14.0,False,-50.9
1524,30.0,False,-26.7
1525,,False,-13.3
1526,,False,-38.4
1527,41.0,False,-16.6
1528,43.0,False,-30.3
1529,4.0,False,-41.1
1530,,False,-28.8
1531,21.0,False,-14.2
1532,35.0,False,-23.7
1533,,False,-28.0
1535,,False,-18.8
1536,31.0,False,-31.6
1537,,False,-12.3
1538,,False,-67.8
1539,,False,-29.1
1540,12.0,False,-34.2
1541,,False,-33.5
1558,76.0,False,-5.7
1560,94.0,True,-4.7
1563,66.0,True,-15.7
1565,43.0,False,-31.3
1568,63.0,False,-37.5
1569,90.0,False,-3.7
1570,,False,-42.3
1580,,False,-30.7
1582,8.0,False,-42.2
1583,,False,-24.9
1584,18.0,False,-32.6
1586,18.0,False,-42.9
1587,,False,-59.6
1590,40.0,False,-25.4
1591,79.0,False,-40.6
1593,,False,-10.9
1595,84.0,False,-31.4
1597,78.0,False,-35.5
1598,58.0,False,-18.3
1599,,False,-27.3
1603,34.0,False,-30.8
1604,43.0,False,-8.3
1605,75.0,False,-15.9
1608,66.0,False,-12.8
1609,53.0,False,-23.5
1611,18.0,False,-24.3
1612,49.0,False,-19.2
1614,,False,-17.4
1615,49.0,False,-11.4
1616,6.0,False,-50.7
1617,79.0,True,-10.6
1618,35.0,False,-27.6
1623,,,-42.9
1626,,False,-25.1
1702,41.0,False,-17.0
1707,13.0,False,-34.6
1708,70.0,True,-11.2
1709,99.0,True,-8.0
1710,73.0,True,-10.2
1711,77.0,False,-28.1
1712,44.0,False,-17.1
1713,34.0,False,-17.5
1714,90.0,True,-20.2
1717,51.0,False,-17.2
1718,71.0,True,-24.7
1720,50.0,False,-3.0
1721,85.0,False,-22.9
1722,17.0,False,-20.3
1723,55.0,False,-10.2
1725,,True,-23.1
1726,,False,-6.0
1727,91.0,True,-17.7
1730,,False,-6.7
1731,,False,-5.6
1732,58.0,False,-16.2
1733,51.0,False,-21.3
1734,45.0,False,-6.2
1735,56.0,False,-31.5
1736,34.0,False,-34.2
1737,32.0,False,-9.1
1742,,False,-6.1
1752,,False,-15.9
1760,16.0,False,-27.1
1762,,True,-21.0
1773,60.0,False,-14.0
1776,,True,-9.6
1777,,False,-5.4
1780,,,-15.0
1781,,False,-24.8
1783,,False,-22.0
1784,,False,-49.7
1785,10.0,False,-44.1
1786,3.0,False,-62.4
1788,,False,-8.3
1789,22.0,False,-34.4
1795,12.0,False,-51.2
1796,,False,-50.7
1799,6.0,False,-48.2
1802,48.0,False,-21.3
1805,,False,-25.7
1806,32.0,False,-17.7
1808,62.0,False,-24.9
1809,78.0,False,-26.5
1810,64.0,False,-31.5
1813,,False,-21.8
1815,87.0,True,-4.6
1817,,False,-7.0
1903,,False,-24.3
1904,75.0,True,-5.5
1905,11.0,False,-31.9
1906,,False,-22.7
1907,56.0,False,-10.3
1909,42.0,False,-11.7
2002,45.0,False,-12.3
2006,81.0,True,-4.4
2007,27.0,False,-28.4
2008,,False,-4.2
2009,50.0,False,-30.8
2010,51.0,False,-13.7
2012,,False,-23.2
2013,,False,-12.0
2014,37.0,False,-18.9
2015,55.0,False,-7.9
2017,37.0,False,-17.8
2020,62.0,False,-17.4
2022,12.0,False,-28.1
2023,44.0,False,-13.9
2024,,False,-33.6
2025,74.0,True,-14.2
2027,80.0,True,-7.7
2028,48.0,False,-23.5
2029,57.0,False,-4.4
2030,97.0,True,-11.1
2031,77.0,False,-3.3
2032,69.0,True,-11.7
2033,99.0,True,-7.3
2034,77.0,False,-3.8
2035,,False,-9.3
2038,22.0,False,-30.2
2049,69.0,False,-21.9
2059,96.0,False,-29.6
2061,96.0,True,-21.6
2062,23.0,False,-26.2
2063,,False,-20.0
2064,28.0,False,-27.2
2065,,False,-6.9
2066,,False,-31.2
2069,87.0,True,-10.5
2070,,False,-25.3
2072,9.0,,-36.7
2101,15.0,False,-26.3
2102,11.0,False,-23.7
2103,86.0,True,-2.8
2104,54.0,False,-21.6
2105,35.0,False,-21.4
2106,32.0,False,-21.5
2107,69.0,False,-0.9
2108,66.0,True,-7.6
2109,40.0,False,-10.6
2114,,False,-5.5
2115,,False,-8.6
2201,52.0,False,-33.3
2204,25.0,False,-20.0
2206,51.0,False,-4.6
2207,61.0,False,-18.2
2208,25.0,False,-25.5
2211,8.0,False,-34.4
2221,99.0,True,-3.0
2227,,False,-25.4
2228,12.0,False,-35.4
2230,14.0,False,-79.4
2231,5.0,False,-38.5
2233,2.0,False,-58.4
2235,,False,-24.8
2236,1.0,False,-56.9
2237,,,-12.7
2239,,False,-54.4
2241,88.0,True,-11.7
2243,95.0,True,-12.5
2247,,False,-25.4
2248,,False,-14.8
2250,,False,-43.2
2254,91.0,True,-12.9
2258,47.0,False,-31.0
2301,93.0,True,-9.3
2302,94.0,True,-13.8
2303,90.0,True,-20.5
2305,98.0,True,-10.8
2308,65.0,False,-24.0
2312,58.0,False,-31.0
2313,55.0,False,-18.8
2314,6.0,False,-59.0
2316,67.0,False,-31.2
2317,68.0,False,-20.7
2321,,False,-29.5
2324,65.0,False,-25.7
2327,83.0,False,-48.0
2328,48.0,False,-25.5
2329,11.0,False,-37.4
2330,71.0,True,-1.5
2331,22.0,False,-38.1
2332,64.0,True,-21.4
2337,8.0,False,-39.6
2338,47.0,False,-23.3
2340,93.0,True,0.0
2342,76.0,True,-23.1
2344,86.0,True,-24.2
2345,41.0,False,-26.7
2347,70.0,True,-3.6
2348,55.0,False,-10.8
2349,6.0,False,-39.5
2351,86.0,True,-16.0
2352,35.0,False,-21.3
2353,52.0,False,-29.2
2354,70.0,False,-17.8
2355,18.0,False,-36.3
2356,53.0,False,-35.1
2357,93.0,True,-3.3
2359,48.0,False,-30.6
2360,84.0,True,-16.6
2362,71.0,False,-10.3
2363,40.0,False,-24.0
2364,65.0,False,-19.0
2365,13.0,False,-37.6
2367,5.0,False,-44.4
2368,77.0,False,-18.7
2369,10.0,False,-30.0
2371,59.0,False,-31.7
2373,,False,-11.2
2374,24.0,False,-32.2
2375,49.0,False,-44.9
2376,80.0,True,-9.7
2377,84.0,True,-11.0
2379,68.0,True,-22.8
2380,4.0,False,-40.2
2382,29.0,False,-25.7
2383,89.0,True,-7.3
2385,29.0,False,-30.4
2387,23.0,False,-23.1
2388,61.0,False,-22.3
2390,14.0,False,-28.8
2392,67.0,False,-21.6
2393,37.0,False,-9.6
2395,93.0,True,-3.6
2397,69.0,False,-10.0
2399,68.0,True,-14.4
2401,41.0,False,-27.1
2402,41.0,False,-28.2
2404,79.0,True,-10.0
2405,26.0,False,-31.0
2406,8.0,False,-34.6
2408,94.0,True,-6.5
2409,92.0,True,-16.0
2412,60.0,False,-0.3
2413,78.0,False,-15.0
2414,47.0,True,-20.4
2415,31.0,True,-24.5
2417,15.0,False,-36.2
2419,19.0,False,-32.2
2420,45.0,False,-14.4
2421,79.0,False,-13.8
2423,,False,-19.5
2424,,False,-84.1
2425,56.0,False,-32.4
2426,96.0,True,-12.7
2427,29.0,False,-22.2
2428,81.0,True,-22.4
2429,2.0,False,-77.8
2430,,False,-30.1
2431,,False,-43.1
2432,,False,-9.9
2433,,False,-19.9
2434,88.0,False,-35.0
2436,61.0,False,-15.6
2438,,False,-33.8
2439,24.0,False,-30.8
2440,22.0,False,-37.3
2441,60.0,True,-18.6
2442,12.0,False,-38.0
2444,81.0,False,-12.9
2449,53.0,False,-17.1
2450,,False,-12.2
2451,73.0,False,-25.7
2453,36.0,False,-19.1
2454,95.0,True,-14.4
2455,95.0,True,-9.0
2457,6.0,False,-46.4
2458,7.0,False,-32.8
2459,,False,-9.7
2460,28.0,False,-27.6
2461,37.0,False,-19.0
2462,18.0,False,-31.3
2464,94.0,True,-16.5
2465,77.0,False,-20.3
2466,98.0,True,0.0
2467,63.0,True,-20.2
2468,72.0,False,-27.3
2471,37.0,False,-9.3
2472,55.0,False,-50.1
2474,49.0,False,-26.5
2476,70.0,True,-6.8
2477,50.0,False,-17.9
2478,80.0,False,-47.6
2480,64.0,False,-8.8
2481,68.0,False,-25.8
2482,,False,-22.9
2483,48.0,False,-47.5
2484,94.0,True,-11.2
2485,3.0,False,-52.2
2486,75.0,True,-25.0
2488,,False,-10.1
2489,59.0,False,-28.9
2491,92.0,False,-31.1
2492,95.0,False,-34.9
2493,75.0,False,-35.8
2495,15.0,False,-31.9
2496,,False,-23.7
2497,3.0,False,-37.6
2498,39.0,False,-34.5
2501,16.0,False,-27.3
2504,34.0,False,-20.3
2505,29.0,False,-19.0
2506,33.0,False,-14.2
2509,45.0,False,-21.9
2511,43.0,False,-10.3
2514,,False,-26.3
2515,13.0,False,-35.9
2516,68.0,False,-5.3
2520,67.0,True,-5.7
2524,,False,-29.6
2527,88.0,True,-4.1
2528,31.0,False,-33.7
2530,38.0,False,-36.3
2534,35.0,False,-26.5
2535,71.0,True,-7.3
2536,37.0,False,-26.4
2537,50.0,False,-14.1
2538,22.0,False,-22.9
2539,45.0,False,-18.0
2540,65.0,False,-10.1
2542,36.0,False,-20.3
2543,24.0,False,-51.5
2545,38.0,False,-24.3
2546,90.0,True,-10.4
2547,18.0,False,-17.5
2548,11.0,False,-30.7
2596,62.0,False,-14.4
2597,49.0,False,-20.0
2601,3.0,False,-38.1
2603,77.0,True,-9.4
2605,68.0,True,-20.6
2606,79.0,True,-8.3
2607,77.0,False,-7.1
2608,36.0,False,-17.3
2609,74.0,False,-14.6
2610,40.0,False,-18.6
2611,62.0,False,-17.6
2612,73.0,False,-20.5
2613,42.0,False,-26.7
2614,35.0,False,-24.9
2615,90.0,True,-17.1
2616,,False,-45.0
2617,57.0,False,-8.6
2618,64.0,False,-9.3
2630,13.0,False,-27.4
2633,39.0,False,-12.0
2634,75.0,False,-17.4
2636,48.0,False,-11.2
2637,85.0,True,-8.9
2640,,False,-22.1
2641,35.0,False,-25.5
2642,,False,-37.6
2643,,False,-17.5
2645,15.0,False,-33.5
2646,34.0,False,-20.1
2701,,False,-8.8
2702,,False,-33.1
2704,,False,-9.6
2705,26.0,False,-17.3
2706,,False,-9.3
2707,,False,-12.9
2712,,False,-35.1
2719,,False,-51.8
2722,,False,-31.9
2723,78.0,False,-5.0
2724,,False,-41.9
2726,,False,-54.7
2727,47.0,False,-6.1
2729,,False,-18.7
2731,35.0,False,-21.6
2732,,False,-21.4
2734,,False,-32.6
2736,,False,-34.6
2739,,False,-10.4
2740,,False,-33.9
2743,,False,-47.3
2745,,False,-28.0
2748,,False,-16.5
2751,,False,-27.0
2752,,False,-19.3
2753,53.0,False,-16.5
2754,,False,-32.7
2755,,False,-18.1
2756,,False,-40.4
2762,,False,-15.1
2801,81.0,True,-6.1
2812,24.0,False,-19.1
2816,81.0,True,-1.4
2820,43.0,False,-6.6
2832,61.0,False,-8.2
2834,51.0,False,-7.2
2836,42.0,False,-7.3
2838,17.0,False,-18.1
2845,45.0,False,-6.5
2849,65.0,False,-5.8
2850,80.0,True,-2.7
2851,87.0,True,-1.1
2852,57.0,False,-8.4
2855,88.0,True,-2.0
2880,80.0,True,-5.2
2881,89.0,True,-2.2
2882,82.0,True,-6.4
2883,89.0,True,-8.0
2884,86.0,True,-5.0
2885,70.0,True,-5.5
2886,70.0,False,-8.2
2887,85.0,True,-8.5
2889,59.0,False,-7.3
2890,74.0,True,-5.0
2891,52.0,True,-8.6
2892,79.0,True,-5.6
2897,52.0,False,-5.7
2901,55.0,False,-6.3
2903,44.0,False,-9.6
2904,,False,-29.4
2905,76.0,False,-7.1
2906,54.0,False,-12.4
2908,56.0,False,-2.7
2910,,False,-24.1
2911,,False,-43.3
2912,22.0,False,-15.1
2913,35.0,False,-26.0
2915,76.0,False,-5.8
2916,,False,-19.4
2923,39.0,False,-45.6
2924,,False,-36.8
2926,,False,-32.4
2929,36.0,False,-39.9
2937,,False,-1.1
2938,,,-2.4
2939,,False,-15.7
2941,,False,-50.7
2945,,False,-13.8
2947,,False,-27.2
2948,,False,-11.5
2949,,False,-22.9
3002,28.0,False,-41.2
3003,39.0,False,-21.6
3004,25.0,False,-26.1
3005,71.0,False,-27.1
3006,88.0,True,-16.3
3008,97.0,True,-16.7
3010,61.0,False,-12.3
3011,4.0,False,-38.5
3013,33.0,False,-33.9
3014,55.0,False,-15.2
3015,15.0,False,-30.9
3016,97.0,True,-6.1
3017,91.0,True,-7.0
3018,,False,-41.8
3019,45.0,False,-20.3
3021,81.0,False,-32.2
3022,71.0,False,-22.5
3023,65.0,True,-6.9
3024,78.0,True,-24.2
3025,24.0,False,-33.9
3026,98.0,True,-16.1
3027,33.0,False,-34.4
3028,37.0,False,-28.0
3029,71.0,False,-9.8
3030,61.0,False,-31.5
3031,76.0,False,-9.9
3032,64.0,False,-26.7
3033,41.0,False,-30.1
3034,67.0,False,-12.4
3035,62.0,False,-17.6
3036,45.0,False,-30.0
3037,94.0,True,-10.6
3038,33.0,False,-19.7
3040,5.0,False,-52.2
3041,37.0,False,-26.6
3042,89.0,True,-15.6
3043,,False,-23.5
3044,87.0,True,-2.7
3045,68.0,False,-1.2
3046,48.0,False,-18.3
3047,14.0,False,-32.8
3048,76.0,False,-30.4
3049,44.0,False,-33.3
3050,25.0,False,-24.2
3051,30.0,False,-29.1
3052,36.0,False,-15.4
3054,,False,-39.5
3055,97.0,True,-2.0
3056,28.0,False,-34.8
3057,,False,-38.1
3058,23.0,False,-34.0
3059,19.0,False,-30.1
3060,12.0,False,-31.9
3062,13.0,False,-34.9
3064,,False,-71.8
3066,67.0,True,-13.7
3067,,False,-23.5
3071,4.0,False,-37.2
3073,,False,-45.6
3078,5.0,False,-43.3
3081,93.0,True,-17.8
3083,,False,-39.9
3086,,False,-43.2
3088,69.0,True,-17.0
3090,46.0,False,-52.3
3092,8.0,False,-40.4
3093,6.0,False,-40.6
3094,97.0,True,-5.7
3095,,False,-34.0
3105,88.0,False,-8.8
3114,65.0,False,-34.4
3115,,False,-37.3
3118,,False,-9.8
3122,,False,-43.4
3128,9.0,False,-40.4
3130,,False,-9.4
3131,4.0,False,-39.1
3135,62.0,False,-40.8
3138,4.0,False,-58.3
3141,85.0,False,-28.1
3147,92.0,True,-12.5
3149,78.0,False,-29.7
3150,,False,-35.8
3152,18.0,False,-40.5
3158,,,-17.9
3162,60.0,False,-16.0
3163,30.0,False,-38.3
3164,,False,-14.2
3167,92.0,True,-0.5
3168,,False,-19.5
3169,54.0,False,-16.5
3171,,False,-27.0
3176,63.0,True,-11.2
3178,56.0,False,-17.3
3188,26.0,False,-29.1
3189,96.0,True,-6.5
3191,,False,-37.7
3205,,False,-30.4
3206,,False,-20.0
3207,1.0,False,-56.1
3209,23.0,False,-44.4
3211,34.0,False,-21.6
3213,50.0,False,-16.0
3217,4.0,False,-40.1
3218,38.0,False,-18.7
3219,96.0,True,-13.3
3221,74.0,True,-20.9
3224,,False,-39.1
3226,,False,-11.8
3227,17.0,False,-28.1
3228,50.0,False,-37.2
3229,96.0,True,-24.0
3230,12.0,False,-31.6
3231,87.0,True,-8.5
3232,,False,-28.1
3234,93.0,True,-16.8
3236,83.0,True,-22.2
3252,,False,-29.7
3257,7.0,False,-39.8
3259,,False,-51.5
3260,24.0,False,-31.0
3264,82.0,True,-11.6
3265,90.0,True,0.0
3266,,False,-2.4
3268,86.0,True,-1.4
3272,,False,-44.3
3276,,False,-24.1
3284,12.0,False,-35.4
3285,,True,-17.6
3287,90.0,True,-3.4
3288,,False,-29.2
3289,30.0,False,-34.9
3290,36.0,False,-25.4
3293,56.0,False,-5.4
3294,15.0,False,-37.1
3296,73.0,False,-9.7
3297,56.0,False,-46.2
3303,42.0,False,-21.6
3305,21.0,False,-34.8
3306,,False,-34.5
3308,,False,-19.1
3310,,False,-23.1
3311,85.0,True,-10.2
3312,58.0,False,-30.5
3313,,False,-50.7
3317,34.0,False,-33.8
3321,14.0,False,-38.3
3322,5.0,False,-43.0
3323,14.0,False,-45.6
3324,93.0,True,-13.1
3325,17.0,False,-43.2
3338,58.0,False,-27.4
3339,69.0,False,-37.1
3346,35.0,False,-28.8
3349,3.0,False,-43.3
3354,82.0,False,-14.9
3356,56.0,False,-13.9
3357,58.0,False,-39.0
3360,19.0,False,-35.4
3362,89.0,True,-12.8
3363,48.0,False,-37.4
3372,9.0,False,-37.4
3373,67.0,False,-12.1
3374,97.0,True,-6.2
3376,10.0,False,-37.2
3379,,False,-57.6
3380,9.0,False,-31.1
3388,74.0,False,-33.8
3390,20.0,False,-30.4
3402,53.0,False,-13.9
3406,96.0,True,-7.0
3413,20.0,False,-24.5
3416,58.0,True,-9.0
3419,9.0,False,-33.4
3430,65.0,False,-41.3
3432,,False,-37.9
3434,58.0,False,-19.2
3437,49.0,False,-32.4
3438,,True,-24.6
3441,99.0,True,-11.1
3443,98.0,True,-4.5
3444,46.0,False,-36.9
3447,7.0,False,-58.0
3450,86.0,False,-20.1
3455,88.0,True,-11.9
3465,,False,-43.4
3466,11.0,False,-43.4
3467,88.0,True,-20.6
3479,76.0,True,-17.6
3481,76.0,False,-29.8
3483,27.0,False,-32.2
3484,44.0,False,-12.3
3485,,,-43.2
3489,64.0,False,-14.2
3490,91.0,True,-21.8
3491,79.0,False,-23.4
3492,,False,-34.9
3494,,False,-39.1
3498,98.0,True,-12.3
3499,,False,-38.7
3501,20.0,False,-38.2
3504,83.0,True,-15.5
3508,78.0,False,-55.8
3511,13.0,False,-35.3
3512,,False,-17.2
3515,53.0,False,-39.3
3516,,True,-15.0
3518,96.0,True,-4.8
3520,74.0,False,-10.3
3521,,False,-34.4
3522,22.0,False,-38.8
3523,,False,-37.8
3526,23.0,False,-31.6
3527,,False,-30.3
3528,52.0,False,-39.6
3529,59.0,False,-39.1
3530,19.0,False,-32.6
3531,,False,-12.9
3532,97.0,True,-7.8
3533,29.0,False,-35.2
3535,10.0,False,-38.7
3537,47.0,False,-38.5
3540,34.0,False,-35.5
3541,64.0,False,-9.3
3543,94.0,False,-4.6
3545,20.0,False,-28.7
3546,52.0,False,-15.9
3548,19.0,False,-40.5
3550,44.0,False,-39.8
3551,53.0,False,-15.6
3552,16.0,False,-45.2
3555,,False,-43.9
3556,63.0,True,-18.9
3557,,False,-43.2
3558,60.0,False,-18.4
3563,40.0,False,-26.8
3564,87.0,False,0.0
3567,,False,-21.9
3570,,False,-12.6
3576,55.0,False,-35.2
3577,57.0,False,-39.8
3580,78.0,False,-13.1
3581,70.0,False,-63.1
3583,60.0,False,-27.1
3587,19.0,False,-39.1
3588,15.0,False,-33.5
3591,67.0,False,-8.7
3592,27.0,False,-19.3
3593,,False,-43.1
3594,42.0,False,-25.3
3596,9.0,False,-31.4
3597,92.0,True,0.0
3605,97.0,True,-14.4
3607,21.0,False,-29.2
3609,23.0,False,-52.0
3611,,False,-15.0
3615,54.0,False,-35.9
3617,74.0,True,-9.7
3622,8.0,False,-37.4
3623,84.0,False,-12.4
3624,97.0,True,-1.7
3628,51.0,False,-34.4
3629,,False,-45.4
3630,44.0,False,-30.5
3631,92.0,True,0.0
3645,21.0,False,-39.9
3646,,False,-14.3
3652,,True,-18.8
3653,97.0,True,-3.7
3661,80.0,False,-23.0
3663,7.0,False,-34.3
3664,,False,-61.0
3665,80.0,True,-21.6
3666,,False,-21.4
3669,,False,-27.4
3672,,False,-26.1
3673,69.0,False,-24.8
3675,67.0,False,-25.1
3679,,False,-16.9
3680,81.0,True,-8.3
3684,73.0,False,-15.9
3685,84.0,False,-18.8
3686,27.0,False,-35.4
3687,,False,-31.5
3689,33.0,False,-19.5
3691,5.0,False,-41.9
3693,89.0,True,-6.7
3694,13.0,False,-37.8
3701,88.0,False,-21.1
3702,76.0,True,-10.0
3703,28.0,False,-21.8
3704,36.0,False,-23.9
3705,63.0,False,-1.5
3706,64.0,False,-15.9
3707,83.0,False,-14.5
3708,15.0,False,-33.0
3709,27.0,False,-28.7
3710,10.0,False,-45.5
3711,90.0,True,-1.8
3712,73.0,False,-51.0
3713,,False,-39.3
3714,74.0,False,-23.1
3715,10.0,False,-32.4
3716,45.0,False,-9.3
3717,59.0,True,-11.9
3718,,,-26.6
4102,,False,-20.2
4104,47.0,False,-16.5
4105,60.0,False,-7.0
4106,58.0,False,-5.8
4107,,False,-17.0
4108,32.0,False,-26.9
4109,22.0,False,-37.4
4111,,False,-7.1
4113,39.0,False,-43.0
4114,51.0,False,-4.5
4116,,False,-20.0
4119,75.0,False,-10.8
4120,,False,-10.5
4121,,False,-36.5
4123,16.0,False,-32.5
4126,,False,-14.0
4127,2.0,False,-57.8
4128,17.0,False,-33.7
4129,18.0,False,-36.3
4131,,False,-26.5
4133,58.0,False,-22.3
4137,5.0,False,-34.6
4138,,False,-24.8
4139,,True,-1.1
4142,63.0,False,-14.7
4147,32.0,False,-21.5
4148,,False,-28.8
4153,,False,-21.4
4154,,False,-35.2
4157,37.0,False,-43.1
4160,,False,-33.7
4161,,False,-28.2
4162,28.0,False,-23.1
4163,,False,-11.7
4164,33.0,False,-43.1
4166,,False,-18.2
4167,77.0,True,-1.8
4168,,False,-24.0
4169,,,-49.1
4171,72.0,False,-26.2
4173,,False,-31.8
4174,94.0,False,-19.6
4175,,False,-18.7
4178,,,-3.7
4188,82.0,False,-21.0
4190,,False,-29.4
4192,,False,-39.3
4195,,,-28.7
4198,,True,-10.2
4205,,False,-24.6
4207,46.0,False,-8.3
4303,31.0,False,-42.6
4304,,False,-53.4
4305,,False,-11.2
4306,39.0,False,-13.6
4401,,False,-22.9
4402,,False,-36.4
4406,,False,-9.4
4413,,False,-7.2
4414,10.0,False,-35.4
4416,63.0,False,-79.3
4417,46.0,False,-15.7
4419,,False,-11.8
4420,,False,-30.6
4426,,False,-27.3
4430,,False,-0.5
4432,,False,-16.5
4433,,False,-26.3
4438,,False,-33.3
4439,,False,-15.1
4440,,False,-22.1
4441,,False,-42.7
4442,,False,-32.1
4502,,False,-13.0
4503,1.0,False,-58.2
4506,,False,-10.9
4510,45.0,False,-26.3
4513,32.0,False,-32.6
4523,,False,-40.1
4526,25.0,False,-28.7
4527,,False,-9.9
4528,,False,-34.8
4529,,False,-49.7
4530,,False,-25.1
4532,25.0,False,-19.7
4533,12.0,False,-39.2
4534,60.0,False,-30.9
4535,,False,-13.5
4536,38.0,False,-19.1
4538,,False,-11.8
4540,65.0,False,-29.8
4541,71.0,False,-27.9
4542,78.0,False,-39.4
4543,38.0,False,-32.1
4545,65.0,False,-16.6
4549,,False,-30.0
4550,,False,-20.3
4551,38.0,False,-36.9
4552,4.0,False,-39.2
4554,,False,-7.5
4555,36.0,False,-32.0
4556,99.0,True,-2.7
4557,,False,-37.7
4558,,False,-35.9
4560,21.0,False,-19.7
4561,73.0,False,-27.9
4562,24.0,False,-35.2
4563,84.0,False,-24.5
4564,13.0,False,-29.3
4566,82.0,True,-5.0
4568,,False,-12.3
4569,,False,-24.9
4571,,False,-37.3
4572,,False,-22.0
4576,79.0,True,-21.5
4577,38.0,False,-52.3
4580,,False,-9.6
4582,,,-25.2
4583,,False,-50.5
4584,,False,-32.7
4585,31.0,False,-41.5
4588,,False,-26.6
4590,58.0,,-12.0
4609,,False,-40.3
4702,,False,-14.9
4706,,True,-5.2
4707,92.0,False,-27.1
4711,52.0,False,-11.6
4714,45.0,False,-44.3
4716,53.0,True,-24.6
4720,77.0,False,-15.0
4721,46.0,False,-26.2
4722,42.0,False,-31.2
4726,16.0,False,-37.7
4728,,False,-7.7
4729,29.0,False,-30.5
4735,,True,-6.7
4736,81.0,True,-2.5
4737,,False,-24.6
4739,21.0,False,-35.2
4741,,False,-53.5
4743,16.0,False,-37.3
4744,,False,-28.8
4745,,False,-55.5
4746,19.0,False,-28.7
4747,,False,-39.6
4749,15.0,False,-37.3
4754,,False,-7.7
4755,32.0,False,-29.4
4760,83.0,False,-28.0
4763,46.0,False,-28.9
4764,24.0,False,-46.8
4766,57.0,False,-14.0
4767,,False,-6.3
4768,43.0,False,-37.5
4770,84.0,False,-9.5
4771,48.0,False,-8.4
4772,42.0,False,-30.7
4806,,False,-50.8
4807,89.0,False,-25.4
4903,67.0,False,-17.9
4904,73.0,False,-6.6
4905,,True,-17.2
4906,57.0,False,-25.1
4907,,False,-16.1
4908,95.0,True,-22.1
4909,5.0,False,-50.3
4911,,False,-40.0
4912,81.0,False,-6.4
4915,25.0,False,-29.8
4916,80.0,True,-20.0
4919,80.0,False,-32.4
4923,77.0,True,-12.9
4924,90.0,True,-8.5
4927,85.0,False,-17.8
4930,,False,-33.2
4931,79.0,True,-15.1
4933,,False,-34.7
4934,49.0,False,-24.7
4935,36.0,False,-26.1
4938,65.0,False,-12.5
4939,96.0,True,-17.8
4942,,False,-26.8
4943,,False,-64.5
4946,,False,-41.8
4949,78.0,False,-24.2
4950,,False,-43.1
4951,57.0,False,-38.5
4952,40.0,False,-21.2
4953,34.0,False,-19.6
4956,74.0,False,-30.0
4958,91.0,True,-10.2
4960,57.0,False,-50.4
4961,61.0,True,-6.3
4966,35.0,False,-39.9
4967,76.0,True,-16.6
4968,15.0,False,-43.5
4971,80.0,False,-37.9
4972,,False,-17.8
4973,84.0,False,-32.0
4974,42.0,False,-15.6
4976,70.0,True,-16.9
4977,59.0,False,-36.8
4979,85.0,False,-25.9
4989,11.0,False,-41.4
4991,55.0,False,-42.9
4994,,False,-26.8
4995,,False,-11.0
4999,,False,-33.8
5007,,False,-11.6
5009,50.0,False,-17.8
5011,79.0,True,-19.7
5013,96.0,False,-6.0
5014,33.0,False,-17.9
5015,,False,-27.0
5016,52.0,False,-22.2
5201,32.0,False,-47.4
5202,49.0,False,-31.5
5203,23.0,False,-41.8
5205,,False,-3.5
5206,29.0,False,-36.5
5209,71.0,False,-5.0
5210,69.0,True,-10.1
5211,,False,-37.1
5212,,False,-19.2
5213,17.0,False,-20.9
5215,,False,-26.4
5220,66.0,False,-14.3
5222,28.0,False,-31.2
5223,,False,-28.9
5225,2.0,False,-51.4
5227,57.0,False,-32.4
5228,94.0,False,-25.2
5230,85.0,True,-0.2
5234,16.0,False,-33.1
5236,,False,-35.6
5243,56.0,False,-26.8
5244,74.0,False,-19.6
5245,6.0,False,-46.1
5251,50.0,False,-37.9
5258,10.0,False,-46.9
5263,41.0,False,-26.1
5269,67.0,True,-10.2
5272,,False,-37.8
5274,85.0,True,-19.8
5278,,False,-34.3
5283,,False,-8.0
5284,16.0,False,-41.2
5285,82.0,True,-18.3
5287,,False,-14.3
5288,70.0,True,-6.7
5289,32.0,False,-38.3
5291,54.0,False,-26.5
5292,82.0,True,-3.8
5299,33.0,False,-30.7
5301,,False,-71.1
5302,4.0,False,-38.6
5306,51.0,False,-12.4
5309,66.0,False,-19.7
5310,,False,-34.4
5312,,False,-16.9
5314,93.0,False,-42.0
5315,25.0,False,-26.8
5321,95.0,True,-19.6
5324,56.0,False,-4.9
5328,87.0,False,-34.3
5340,52.0,False,-31.1
5344,,False,-25.8
5345,,False,-43.4
5347,77.0,True,-16.4
5348,,False,-13.3
5351,89.0,True,-18.4
5353,,False,-17.9
5355,82.0,False,-22.7
5356,,False,-14.2
5364,,False,-51.5
5381,6.0,False,-49.0
5386,69.0,False,-32.3
5388,19.0,False,-31.1
5392,17.0,False,-36.3
5398,,False,-50.6
5403,,False,-27.1
5410,17.0,False,-32.7
5425,62.0,False,-30.2
5426,73.0,False,-27.3
5432,85.0,False,-16.5
5434,86.0,True,-6.0
5438,,False,-46.2
5439,6.0,False,-43.8
5443,54.0,False,-22.2
5450,42.0,False,-28.2
5452,32.0,False,-25.5
5455,,False,-0.6
5457,2.0,False,-55.1
5460,83.0,True,-2.1
5464,95.0,True,-13.2
5465,85.0,False,-11.4
5468,33.0,False,-34.4
5469,37.0,False,-28.7
5471,39.0,False,-26.5
5474,58.0,False,-20.8
5475,16.0,False,-49.8
5478,,False,-16.3
5481,38.0,False,-16.7
5483,87.0,True,-22.5
5484,17.0,False,-34.4
5487,,False,-7.9
5488,30.0,False,-38.3
5489,,False,-39.7
5490,16.0,False,-30.1
5493,61.0,False,-15.1
5498,21.0,False,-38.0
5508,39.0,False,-41.8
5511,72.0,False,-7.0
5512,34.0,False,-15.2
5514,,False,-14.9
5515,86.0,True,-6.6
5516,,False,-25.3
5519,11.0,False,-19.3
5521,48.0,False,-60.5
5522,24.0,False,-27.5
5523,,False,-8.2
5525,,False,-24.6
5529,72.0,False,-15.8
5530,45.0,False,-17.6
5531,12.0,False,-27.2
5533,44.0,False,-6.3
5534,24.0,False,-18.7
5536,55.0,False,-30.9
5538,,False,-6.6
5543,,False,-27.9
5546,,False,-50.3
5547,,,-3.6
5548,,False,-13.2
5601,,False,-24.5
5603,26.0,False,-30.7
5604,,False,-21.4
5607,61.0,False,-9.6
5608,63.0,False,-20.5
5609,46.0,False,-7.5
5701,25.0,False,-38.5
5704,,False,-23.2
5706,,False,-22.7
5864,83.0,True,-17.4
5871,30.0,False,-15.3
5876,78.0,True,-0.7
5878,,False,-11.7
5880,62.0,False,-4.3
5902,,False,-28.3
5903,,False,-5.8
5904,48.0,False,-24.7
5905,18.0,False,-34.3
5907,20.0,False,-29.5
6005,66.0,True,-19.5
6015,69.0,True,-24.4
6016,79.0,False,-25.7
6020,,False,-21.6
6021,81.0,True,-5.7
6023,38.0,False,-7.8
6024,59.0,False,-8.0
6026,50.0,False,-19.2
6028,,,-0.4
6101,33.0,False,-24.5
6103,,False,-30.8
6104,19.0,False,-26.9
6108,90.0,True,-3.8
6109,7.0,False,-31.8
6111,9.0,False,-34.3
6112,46.0,False,-20.0
6113,52.0,False,-24.3
6114,,False,-34.5
6115,,False,-12.3
6116,78.0,False,-33.5
6117,27.0,False,-30.9
6118,32.0,False,-26.8
6120,44.0,False,-17.0
6121,21.0,False,-25.3
6122,80.0,False,-1.9
6123,,False,-22.7
6124,,False,-34.0
6125,26.0,False,-34.9
6126,30.0,False,-28.3
6127,67.0,False,-37.2
6128,,False,-33.6
6129,2.0,False,-39.9
6130,30.0,False,-52.4
6133,70.0,True,-12.7
6134,22.0,False,-33.0
6136,67.0,False,-9.8
6138,19.0,False,-39.5
6139,60.0,True,-21.2
6140,57.0,False,-43.2
6141,95.0,True,-14.4
6142,23.0,False,-25.1
6143,3.0,False,-47.6
6144,,False,-48.8
6146,28.0,False,-20.0
6147,92.0,False,-27.9
6148,71.0,False,-26.3
6150,61.0,False,-32.9
6151,,False,-31.1
6152,91.0,False,-5.4
6153,24.0,False,-32.9
6154,,False,-3.1
6155,75.0,False,-31.2
6156,41.0,False,-31.0
6158,,False,-28.0
6160,,False,-40.9
6161,,False,-24.6
6163,15.0,False,-42.8
6164,29.0,False,-25.3
6165,41.0,False,-16.0
6166,86.0,False,-28.2
6168,89.0,True,-20.3
6169,,False,-43.5
6170,50.0,False,-8.3
6171,42.0,False,-21.0
6174,94.0,True,-4.5
6175,47.0,False,-36.7
6176,4.0,False,-51.5
6177,47.0,False,-18.8
6179,91.0,False,-9.8
6180,14.0,False,-39.0
6182,96.0,False,-33.7
6183,,False,-8.6
6184,23.0,False,-20.6
6185,15.0,False,-31.5
6186,5.0,False,-48.4
6187,93.0,True,-4.4
6188,4.0,False,-52.3
6189,47.0,False,-18.5
6190,53.0,False,-23.2
6191,15.0,False,-33.9
6192,,False,-18.0
6194,,False,-26.0
6195,,False,-4.1
6196,93.0,True,-1.5
6197,89.0,True,-5.8
6199,86.0,False,-0.4
6201,,False,-24.0
6202,41.0,False,-27.3
6203,,False,-31.7
6204,87.0,True,-14.2
6205,64.0,False,-32.4
6206,66.0,False,-16.0
6207,94.0,True,-19.6
6208,55.0,False,-27.8
6209,86.0,True,-13.8
6210,,False,-21.2
6213,98.0,True,-1.5
6214,92.0,True,-1.5
6215,13.0,False,-32.4
6216,16.0,False,-29.6
6217,2.0,False,-54.7
6218,94.0,True,-18.8
6219,,False,-45.5
6220,3.0,False,-45.2
6221,83.0,False,-27.6
6222,,False,-17.6
6223,48.0,False,-27.6
6224,88.0,True,-18.1
6225,99.0,True,-10.5
6226,98.0,True,-14.1
6227,83.0,True,-8.6
6228,,False,-48.6
6229,,False,-22.9
6230,,False,-39.4
6231,14.0,False,-37.7
6233,51.0,False,-18.9
6234,53.0,False,-37.6
6235,8.0,False,-54.0
6237,14.0,False,-40.8
6239,72.0,True,-20.4
6240,,True,-6.5
6241,,False,-35.8
6243,62.0,False,-30.7
6244,9.0,False,-43.0
6245,72.0,True,-6.7
6246,,False,-33.6
6248,,False,-23.1
6257,86.0,True,-3.6
6259,79.0,True,-23.6
6261,17.0,False,-43.8
6263,75.0,True,-9.7
6264,,False,-23.4
6265,62.0,False,-28.4
6266,50.0,False,-17.2
6269,46.0,False,-30.7
6270,40.0,False,-36.2
6271,71.0,True,-18.7
6272,8.0,,-54.7
6274,91.0,True,-9.4
6275,39.0,False,-24.3
6276,,False,-60.2
6277,72.0,True,-9.9
6278,95.0,True,-3.1
6279,45.0,False,-18.9
6281,,False,-26.4
6282,7.0,False,-39.0
6283,,False,-31.2
6284,10.0,False,-39.8
6285,63.0,False,-23.8
6290,61.0,False,-25.2
6291,54.0,False,-38.9
6292,83.0,True,-9.6
6294,,False,-45.6
6405,12.0,False,-55.3
6409,22.0,False,-37.1
6411,17.0,False,-34.0
6412,13.0,False,-34.8
6414,72.0,False,-23.6
6415,62.0,False,-33.4
6416,86.0,True,-2.8
6417,11.0,False,-32.1
6418,,False,-57.1
6419,86.0,True,-18.5
6423,,False,-35.5
6425,59.0,False,-33.9
6426,96.0,True,-17.2
6431,,False,-47.5
6432,82.0,True,-23.8
6435,43.0,False,-42.0
6438,54.0,False,-14.8
6441,60.0,False,-33.0
6442,63.0,False,-29.7
6443,6.0,False,-52.2
6446,83.0,False,-27.4
6449,74.0,False,-44.0
6451,29.0,False,-44.4
6456,92.0,True,-7.4
6461,59.0,False,-31.2
6462,27.0,False,-37.4
6464,,False,-5.6
6465,5.0,False,-46.1
6469,31.0,False,-44.0
6470,,False,-22.0
6472,47.0,False,-40.1
6474,,,-14.1
6477,28.0,False,-25.3
6482,,False,-52.6
6485,54.0,False,-37.5
6486,,False,-15.8
6488,91.0,False,-29.4
6491,77.0,True,-5.8
6492,3.0,False,-49.0
6494,,False,-29.0
6496,,False,-21.9
6498,9.0,False,-36.4
6499,59.0,False,-39.9
6504,,False,-21.0
6505,96.0,True,-3.1
6506,,False,-10.8
6508,52.0,False,-12.9
6509,47.0,True,-14.4
6510,67.0,False,-25.8
6512,,False,-12.0
6515,2.0,False,-51.1
6516,,False,-19.7
6517,61.0,False,-22.0
6523,,False,-29.7
6525,50.0,False,-37.6
6526,88.0,True,-9.5
6527,,False,-15.2
6530,65.0,False,-30.9
6531,89.0,True,-24.9
6532,89.0,True,-14.6
6533,96.0,False,-3.8
6534,,False,-18.5
6535,3.0,False,-74.6
6538,99.0,False,-29.0
6541,9.0,False,-50.1
6542,,False,-34.8
6546,21.0,False,-32.3
6547,80.0,True,-14.1
6548,74.0,False,-25.7
6550,1.0,False,-77.4
6552,,False,-35.5
6556,,False,-16.5
6558,14.0,False,-50.1
6560,,False,-35.0
6561,,False,-26.3
6568,3.0,False,-54.4
6569,,False,-31.8
6570,,False,-27.9
6573,7.0,False,-46.5
6574,,True,-20.1
6576,36.0,False,-16.5
6577,,False,-17.4
6578,,False,-28.4
6579,48.0,False,-20.3
6581,,False,-6.5
6582,,False,-21.5
6584,6.0,False,-37.9
6585,16.0,False,-34.5
6588,76.0,False,-35.4
6589,46.0,False,-39.1
6590,,False,-14.7
6591,,False,-52.2
6592,29.0,False,-19.2
6593,,False,-43.0
6596,,False,-37.3
6597,,True,-16.7
6598,80.0,False,-13.5
6603,81.0,False,-17.8
6604,,,-1.9
6605,51.0,False,-21.1
6606,,False,-14.1
6609,,False,-22.7
6612,,False,-17.4
6613,59.0,False,-28.0
6614,,,-39.3
6615,,False,-16.6
6616,,False,-23.1
6617,83.0,True,-20.1
6620,89.0,,-17.7
6624,,False,-48.9
6625,,False,-19.1
6629,,False,-36.9
6637,,False,-32.7
6640,35.0,False,-43.5
6641,,False,-39.0
6642,68.0,False,-23.2
6643,57.0,False,-33.0
6645,,False,-49.0
6649,,False,-54.5
6651,68.0,True,-20.3
6654,,True,-9.9
6655,,False,-11.0
6657,27.0,False,-41.6
6658,95.0,True,-17.5
6664,56.0,False,-24.9
6666,,False,-16.3
6667,72.0,False,-6.4
6668,90.0,True,-5.5
6669,91.0,True,-22.1
6670,62.0,False,-8.4
6671,,False,-42.9
6672,98.0,True,0.0
6674,59.0,False,-19.7
6679,5.0,False,-44.3
6683,20.0,False,-44.8
6684,31.0,False,-29.9
6689,31.0,False,-29.3
6690,60.0,False,-11.4
6691,87.0,True,-0.6
6692,,False,-37.8
6693,56.0,False,-29.8
6695,57.0,False,-26.2
6697,,False,-27.1
6698,13.0,False,-34.8
6703,,False,-11.0
6706,69.0,False,-32.7
6708,95.0,False,-8.2
6712,39.0,False,-14.1
6715,71.0,False,-18.5
6716,92.0,True,-13.4
6719,12.0,False,-41.2
6720,,False,-35.7
6721,,False,-22.9
6722,,,-29.7
6725,,,-49.6
6727,72.0,True,-24.0
6728,,False,-25.4
6730,,,-17.5
6732,,False,-35.3
6733,,False,-46.7
6735,,False,-58.1
6739,18.0,False,-38.6
6741,21.0,False,-37.2
6742,73.0,False,-22.7
6743,90.0,True,-5.2
6751,,False,-27.7
6752,,False,-30.2
6753,23.0,False,-22.5
6754,,False,-17.0
6756,,False,-15.5
6757,34.0,False,-32.4
6761,27.0,False,-30.3
6763,20.0,False,-42.2
6767,,False,-21.5
6768,10.0,False,-49.0
6770,66.0,True,-23.6
6771,,False,-17.9
6776,,False,-29.8
6781,27.0,False,-34.4
6782,72.0,True,-10.2
6785,,False,-72.2
6788,30.0,False,-31.6
6789,66.0,False,-25.1
6790,26.0,False,-9.7
6791,,False,-31.5
6792,,False,-19.9
6794,,False,-23.2
6796,,False,-46.9
6799,47.0,False,-22.5
6803,,False,-15.2
6804,,False,-17.2
6805,93.0,True,-13.8
6807,,False,-34.5
6811,87.0,True,-3.1
6821,10.0,False,-41.2
6823,,False,-47.4
6829,82.0,False,-27.0
6830,72.0,False,-47.0
6831,4.0,,-50.9
6834,97.0,True,-7.7
6835,,False,-22.8
6838,36.0,False,-24.6
6840,91.0,True,-15.2
6841,19.0,False,-33.6
6843,,False,-36.3
6844,,False,-39.2
6846,,False,-25.4
6854,3.0,False,-53.0
6855,,False,-18.0
6856,,False,-33.5
6859,,False,-14.2
6861,83.0,False,-46.4
6862,9.0,False,-40.9
6863,,False,-34.3
6865,,False,-49.3
6869,31.0,False,-43.7
6870,93.0,True,-6.2
6872,84.0,False,-19.4
6873,3.0,False,-53.1
6874,,False,-17.6
6875,2.0,False,-58.5
6877,58.0,False,-32.3
6881,,False,-23.9
6884,,,-31.6
6885,85.0,False,-11.9
6887,,False,-51.1
6890,8.0,False,-49.4
6894,,False,-13.4
6895,,False,-48.1
6899,,False,-29.1
6901,43.0,False,-21.0
6902,84.0,False,-25.4
6903,29.0,False,-27.7
6906,,False,-31.1
6907,75.0,,-25.8
6908,,,-51.9
6909,11.0,False,-39.2
6910,,,-38.4
6913,56.0,False,-23.4
6914,,False,-6.7
6916,,False,-20.3
6918,,False,-18.8
6919,2.0,False,-60.6
6921,,,-37.1
6922,78.0,True,-11.7
6923,,False,-44.4
6924,,False,-31.0
6925,75.0,False,-50.5
6928,,False,-28.5
6929,,False,-39.7
6931,,False,-46.4
6933,98.0,True,-7.5
6934,,,-57.9
6936,,False,-29.9
6937,66.0,False,-20.1
6944,81.0,True,-6.3
6945,,,-10.7
6947,,,-20.2
6949,76.0,False,-42.8
6951,,False,-9.7
6952,,False,-26.4
6953,,False,-14.7
6955,,False,-35.6
6957,98.0,True,-0.4
6958,,False,-18.6
6961,,,-28.2
6962,20.0,False,-32.8
6965,,False,-35.5
6967,60.0,False,-19.2
6968,,False,-33.9
6969,64.0,False,-29.4
6971,,False,-41.3
6982,,False,-38.3
6983,,,-28.0
6986,,,-16.3
6988,,False,-41.4
6994,2.0,False,-71.5
6996,,False,-22.1
6997,,False,-39.1
7402,4.0,False,-37.0
7547,35.0,False,-37.8
7556,,True,-14.2
7584,,False,-51.9
7610,95.0,False,-37.7
7631,,False,-22.1
7642,,False,-42.2
7689,,,-14.0
7703,,False,-21.7
7704,,True,-17.2
7705,,False,-31.7
7708,,False,-10.3
7709,63.0,False,-44.3
7711,97.0,,-5.9
7712,68.0,True,-20.4
7713,,False,-9.4
7714,75.0,False,-21.1
7715,,False,-39.7
7716,,False,-14.8
7717,70.0,,-39.8
7718,,False,-18.5
7721,,False,-34.3
7722,,False,-57.1
7723,14.0,False,-49.1
7728,,False,-35.6
7730,64.0,False,-17.6
7732,,False,-22.9
7734,51.0,False,-41.5
7736,,False,-30.0
7738,,False,-26.5
7740,18.0,False,-44.3
7743,,False,-3.7
7744,,,-18.1
7747,,False,-12.9
7749,28.0,False,-35.0
7750,65.0,False,-35.7
7751,54.0,False,-42.2
7753,,False,-32.8
7757,,False,-37.4
7760,,,-10.8
7765,57.0,False,-23.9
7767,,,-13.6
7768,,,-32.4
7769,69.0,,-30.0
7770,,,-41.5
7772,,,-35.4
7777,65.0,,-23.5
7780,16.0,False,-43.7
7782,,False,-26.7
7786,22.0,,-32.9
7788,93.0,True,-16.6
7791,,False,-36.2
7792,92.0,,-12.6
7794,,,-34.7
7795,66.0,,-21.2
7799,84.0,False,-30.7
7803,,,-36.3
7805,,,-21.3
7810,73.0,,-27.8
7811,,,-21.8
7812,,,-13.5
7814,,,-29.5
7818,,,-13.8
7819,,,-34.6
7821,,,-33.4
7822,6.0,,-49.4
7823,,,-51.6
7825,,,-36.9
7827,,,-9.6
7828,,,-26.7
7835,,,-60.8
7839,,,-18.7
7842,,,-24.3
7855,,,-7.6
7856,,,-14.7
8011,18.0,False,-34.8
8016,53.0,True,-22.7
8021,88.0,True,-11.2
8024,,False,-32.3
8027,68.0,False,-31.8
8028,72.0,False,-21.9
8032,,False,-26.5
8033,26.0,False,-37.3
8034,,False,-35.4
8038,20.0,False,-40.8
8039,98.0,True,-16.1
8040,82.0,False,-31.8
8042,90.0,False,-39.0
8043,84.0,False,-38.8
8044,35.0,False,-36.3
8045,25.0,False,-40.2
8046,94.0,True,-5.4
8047,,False,-26.8
8048,17.0,False,-33.1
8049,31.0,False,-17.0
8050,76.0,True,-13.0
8054,7.0,False,-49.5
8059,2.0,False,-63.8
8064,87.0,False,-29.6
8066,,False,-39.6
8067,,False,-39.9
8068,40.0,False,-36.5
8069,7.0,False,-42.6
8070,50.0,False,-23.5
8071,29.0,False,-38.0
8072,31.0,False,-24.1
8074,20.0,False,-41.3
8076,13.0,False,-28.4
8077,,False,-26.6
8080,,False,-40.7
8081,38.0,False,-24.6
8083,,False,-11.8
8084,1.0,False,-78.9
8085,74.0,False,-29.6
8086,66.0,False,-15.8
8087,,False,-43.7
8088,7.0,False,-40.1
8089,23.0,False,-48.5
8091,49.0,True,-24.2
8092,,False,-39.1
8093,,False,-25.6
8096,2.0,False,-49.0
8097,11.0,False,-30.1
8099,,False,-30.9
8101,,False,-45.8
8102,,,-26.1
8103,82.0,True,-16.1
8104,8.0,False,-35.3
8105,13.0,False,-41.7
8107,,False,-28.7
8109,47.0,True,-18.3
8110,38.0,False,-44.0
8111,95.0,False,-6.0
8112,49.0,False,-18.2
8114,23.0,False,-35.8
8121,46.0,False,-39.9
8131,40.0,False,-21.9
8147,30.0,False,-29.6
8150,91.0,True,-3.8
8155,43.0,False,-32.0
8162,71.0,True,-24.8
8163,20.0,False,-37.6
8171,40.0,False,-34.0
8176,,False,-33.0
8182,70.0,True,-24.7
8201,85.0,False,-6.1
8210,7.0,False,-45.0
8213,71.0,False,-12.4
8215,53.0,False,-16.2
8222,25.0,False,-30.4
8227,97.0,True,-12.9
8234,30.0,False,-32.6
8240,64.0,False,-33.4
8249,9.0,False,-39.9
8255,37.0,False,-35.4
8261,22.0,False,-52.6
8271,75.0,False,-26.4
8272,,False,-35.9
8277,,False,-60.0
8279,,False,-42.6
8284,,False,-2.9
8289,81.0,False,-21.9
8291,,,-79.5
8299,55.0,False,-28.5
8341,38.0,False,-23.6
8342,,False,-10.6
8349,54.0,False,-13.2
8354,,False,-13.1
8358,87.0,False,-29.4
8367,,False,-13.3
8374,27.0,False,-37.5
8383,81.0,False,-27.4
8390,26.0,False,-31.1
8401,,False,-24.0
8403,,False,-24.9
8404,7.0,False,-51.8
8409,,False,-31.7
8410,,False,-36.2
8411,34.0,False,-11.7
8415,52.0,False,-10.7
8416,,False,-10.5
8421,27.0,False,-26.5
8422,23.0,False,-50.8
8423,,False,-10.1
8424,,False,-9.3
8426,,False,-34.5
8429,24.0,False,-31.9
8431,68.0,False,-27.1
8432,,False,-10.3
8433,,False,-18.2
8435,,False,-12.9
8436,21.0,False,-36.4
8437,,False,-42.2
8438,21.0,False,-27.8
8440,,False,-36.8
8442,,False,-35.3
8443,,False,-9.0
8444,,False,-76.7
8446,,False,-13.6
8450,,False,-24.8
8454,54.0,False,-48.4
8462,,False,-13.8
8463,,False,-24.4
8464,53.0,False,-18.6
8466,,False,-42.1
8467,,False,-54.1
8472,,False,-31.4
8473,61.0,True,-21.7
8476,40.0,True,-14.6
8477,,False,-40.7
8478,,False,-41.2
8481,,False,-8.8
8482,,False,-11.3
8487,,False,-19.2
8489,,False,-55.8
8499,,False,-38.2
8905,,False,-18.4
8906,,False,-30.9
8908,,False,-20.6
8916,,False,-19.6
8917,,False,-23.7
8921,,False,-14.0
8923,,False,-20.5
8924,,False,-35.5
8926,45.0,False,-27.5
8927,6.0,False,-53.8
8928,,False,-20.3
8929,,False,-30.1
8930,,False,-17.2
8931,46.0,False,-20.0
8932,60.0,True,-14.4
8933,,False,-53.1
8935,26.0,False,-31.0
8936,46.0,False,-22.1
8937,14.0,False,-45.7
8938,,False,-31.3
8940,,False,-33.8
8941,,False,-8.0
8942,49.0,False,-16.9
8996,91.0,True,0.0
9103,75.0,False,-10.9
9105,77.0,False,-37.9
9110,,False,-28.1
9136,7.0,False,-51.3
9802,20.0,False,-43.4
9902,33.0,False,-29.4
9904,41.0,False,-22.7
9905,,False,-5.3
9906,,False,-37.4
9907,25.0,False,-27.8
9908,40.0,False,-17.5
9910,27.0,False,-51.2
9911,40.0,False,-12.4
9912,,False,-10.7
9914,41.0,False,-38.4
9917,43.0,False,-13.4
9918,,False,-30.0
9919,70.0,False,-24.9
9921,84.0,False,-18.2
9924,,False,-32.2
9925,39.0,False,-5.3
9926,,False,-14.2
9927,24.0,False,-17.4
9928,,False,-16.0
9929,44.0,False,-24.7
9930,19.0,False,-19.8
9931,,False,-33.7
9933,68.0,True,-11.6
9934,44.0,False,-18.4
9935,40.0,False,-14.8
9937,,False,-15.1
9938,14.0,False,-35.7
9939,59.0,False,-12.0
9940,50.0,False,-17.7
9941,37.0,False,-25.6
9942,,False,-10.3
9943,,False,-24.4
9944,,False,-6.7
9945,76.0,False,-3.9
9946,17.0,False,-24.3
9950,,False,-27.0
9951,,False,-23.0
9955,14.0,False,-42.0
9958,4.0,False,-49.9
9960,,True,-8.3
9962,,False,-16.7
