date,code,name,industry,market,first_time,first_price,last_price,last_chg,vol_lots,vol_x,proj_x,watch,peers,still_hit,tpl,rs,group_rank,locked,lock_since,rev_yoy,official
2026-10-07,6811,宏碁資訊,數位雲端,TPEX,09:31,272.75,273.0,9.86,1182.0,4.4,4.6,False,0,True,True,80.0,22,True,12:13,77.0,True
2026-10-07,6456,GIS-KY,光電業,TWSE,09:31,103.75,101.75,2.16,69380.0,2.5,2.7,False,1,False,True,92.0,5,False,,-30.0,False
2026-10-07,5432,新門,綠能環保,TPEX,09:31,203.5,197.5,1.02,1251.0,2.5,2.6,False,2,False,False,88.0,13,False,,4.0,False
2026-10-07,3441,聯一光,光電業,TPEX,09:31,272.75,249.75,-2.06,40945.0,3.2,3.3,False,1,False,True,99.0,5,False,,1.0,False
2026-10-07,2607,榮運,航運業,TWSE,09:31,55.2,55.6,3.93,1117.0,4.5,4.7,False,0,True,False,70.0,19,False,,49.0,True
2026-10-07,1455,集盛,紡織纖維,TWSE,09:31,10.9,10.78,8.67,19941.0,26.1,27.6,False,2,True,True,49.0,18,False,,-1.0,True
2026-10-07,6667,信紘科,其他電子業,TPEX,09:31,279.0,278.75,7.01,1692.0,5.1,5.4,False,1,True,False,53.0,2,False,,69.0,True
2026-10-07,6944,兆聯實業,綠能環保,TWSE,09:37,894.0,907.0,9.81,1671.0,3.1,3.3,False,1,True,True,81.0,13,False,,37.0,True
2026-10-07,2466,冠西電,光電業,TWSE,09:40,177.0,179.25,5.13,9690.0,2.2,2.3,False,1,False,True,98.0,5,False,,60.0,False
2026-10-07,5244,弘凱,光電業,TWSE,09:43,40.05,40.58,7.78,2061.0,6.7,7.0,False,0,True,False,53.0,5,False,,30.0,True
2026-10-07,3597,映興,電子零組件業,TPEX,09:46,36.75,36.75,9.87,570.0,1.5,1.5,False,8,False,True,85.0,4,True,09:01,32.0,False
2026-10-07,1301,台塑,塑膠工業,TWSE,09:46,71.25,75.4,9.91,115240.0,3.8,4.0,True,1,True,True,83.0,11,True,11:43,7.0,True
2026-10-07,5460,同協,電子零組件業,TPEX,09:58,19.25,19.25,10.0,2245.0,21.1,22.3,False,7,True,True,52.0,4,True,13:15,73.0,False
2026-10-07,6152,百一,通信網路業,TWSE,10:01,20.0,19.75,4.22,22110.0,6.1,6.4,False,4,True,False,86.0,7,False,,118.0,True
2026-10-07,6147,頎邦,半導體業,TPEX,10:13,233.25,231.75,7.04,77238.0,2.5,2.6,False,3,False,False,92.0,3,False,,44.0,False
2026-10-07,8213,志超,電子零組件業,TWSE,10:25,35.67,37.7,9.91,5982.0,11.6,12.3,False,7,True,False,46.0,4,True,13:10,35.0,True
2026-10-07,6716,應廣,半導體業,TPEX,10:31,155.25,152.75,4.62,5306.0,4.3,4.5,False,2,False,True,95.0,3,False,,112.0,True
2026-10-07,4927,泰鼎-KY,電子零組件業,TWSE,11:01,55.85,54.25,3.73,26791.0,2.2,2.4,False,8,False,False,78.0,4,False,,36.0,False
2026-10-07,1714,和桐,化學工業,TWSE,11:07,19.92,19.6,3.16,86474.0,2.3,2.5,False,1,False,True,85.0,1,False,,56.0,False
2026-10-07,5340,建榮,電子零組件業,TPEX,11:34,91.05,89.75,5.59,9712.0,3.8,4.1,False,7,True,False,30.0,4,False,,48.0,True
2026-10-07,2115,六暉-KY,汽車工業,TWSE,11:43,24.98,24.9,4.4,346.0,9.2,9.7,False,0,True,False,,14,False,,47.0,False
2026-10-07,4706,大恭,化學工業,TPEX,13:04,43.1,43.15,9.94,509.0,10.6,11.1,False,0,True,True,,1,True,13:07,18.0,False
