when,code,price,bid1,bid1_lots,ask1_lots,vol_lots
1312,1301,75.4,,20485.0,,114597.0
1312,1455,10.72,10.7,73.0,48.0,19554.0
1312,2607,55.55,55.5,20.0,38.0,1045.0
1312,3597,36.75,,2279.0,,568.0
1312,4706,43.15,,30.0,,487.0
1312,5244,40.67,40.6,4.0,2.0,1990.0
1312,5340,89.95,89.9,21.0,8.0,9352.0
1312,6152,19.73,19.7,10.0,136.0,21583.0
1312,6667,279.25,279.0,5.0,21.0,1655.0
1312,6716,153.5,153.0,4.0,12.0,5217.0
1312,6811,273.0,,9.0,,1182.0
1312,6944,908.0,,33.0,,1561.0
1312,8213,37.7,,110.0,,5867.0
close,1301,75.4,75.4,37144.0,,115276.0
close,1455,10.8,10.8,174.0,91.0,20275.0
close,2607,55.7,55.6,3.0,18.0,1174.0
close,3597,36.75,36.75,848.0,,570.0
close,4706,43.15,43.15,276.0,,509.0
close,5244,40.75,40.7,8.0,7.0,2216.0
close,5340,90.0,89.9,25.0,29.0,9921.0
close,6152,19.8,19.75,21.0,37.0,22118.0
close,6667,278.5,278.5,3.0,8.0,1695.0
close,6716,153.5,153.5,9.0,6.0,5309.0
close,6811,273.0,273.0,38.0,,1182.0
close,6944,908.0,908.0,28.0,,1673.0
close,8213,37.7,37.7,47.0,,6082.0
