code,name,industry,signal_date,signal_time,alert_price,entry_price,surge_volume,status,exit_signal_date,exit_reason,exit_close,days_held,est_return_pct,exit_open,close_lu,lu_lock_min,rev_yoy,bid1_lots_1312,ask1_lots_1312,vol_lots_1312,bid1_lots_close,ask1_lots_close,vol_lots_close
3311,閎暉,通信網路業,2026-10-01,13:14,45.15,45.15,7066254.0,open,,,,2.0,9.63,,1.0,,104.38,,,,,,
3701,大眾控,電腦及週邊設備業,2026-10-01,13:14,50.4,50.4,8814066.0,open,,,,2.0,20.83,,1.0,,6.46,,,,,,
3441,聯一光,光電業,2026-10-01,13:14,202.5,202.5,6283248.0,open,,,,2.0,14.57,,1.0,,0.86,,,,,,
2340,台亞,半導體業,2026-10-01,13:14,44.35,43.85,40533802.0,open,,,,2.0,14.71,,0.0,,21.87,,,,,,
4912,聯德控股-KY,電子零組件業,2026-10-01,13:14,107.0,107.0,1798906.0,closed,2026-10-02,量縮至爆量日 39%,106.0,1.0,-0.93,106.0,0.0,,32.22,,,,,,
6532,瑞耘,半導體業,2026-10-01,13:14,122.5,122.5,5888125.0,closed,2026-10-02,量縮至爆量日 27%,120.0,1.0,-2.04,120.0,0.0,,74.23,,,,,,
8111,立碁,光電業,2026-10-02,13:14,85.8,85.8,23659567.0,open,,,,1.0,9.91,,1.0,,-8.8,,,,,,
6266,泰詠,電子零組件業,2026-10-02,13:14,27.4,26.9,2945195.0,open,,,,1.0,0.37,,0.0,,10.52,,,,,,
5244,弘凱,光電業,2026-10-02,13:14,37.75,37.85,641544.0,open,,,,1.0,-1.06,,0.0,,29.77,,,,,,
3441,聯一光,光電業,2026-10-02,13:14,212.25,211.0,28129324.0,open,,,,1.0,9.95,,0.0,,0.86,,,,,,
6292,迅德,電子零組件業,2026-10-02,13:14,69.75,70.9,1071617.0,open,,,,1.0,0.42,,0.0,,30.69,,,,,,
3597,映興,電子零組件業,2026-10-05,13:14,30.45,30.45,1214738.0,open,,,,0.0,,,1.0,14.0,32.37,68.0,,1190.0,347.0,,1192.0
8111,立碁,光電業,2026-10-05,13:14,94.3,94.3,37743237.0,open,,,,0.0,,,1.0,47.0,-8.8,6816.0,,37228.0,5532.0,,37380.0
6152,百一,通信網路業,2026-10-05,13:14,17.25,17.25,8527404.0,open,,,,0.0,,,1.0,53.0,118.48,3031.0,,8358.0,2991.0,,8447.0
8358,金居,電子零組件業,2026-10-05,13:14,570.0,570.0,42173918.0,open,,,,0.0,,,1.0,121.0,59.71,2101.0,,40153.0,3414.0,,40343.0
2302,麗正,半導體業,2026-10-05,13:14,50.2,49.85,16760325.0,open,,,,0.0,,,0.0,0.0,87.72,65.0,13.0,15401.0,342.0,9.0,16591.0
5432,新門,綠能環保,2026-10-05,13:14,175.75,178.0,699104.0,open,,,,0.0,,,0.0,0.0,3.66,1.0,5.0,631.0,3.0,11.0,686.0
3268,海德威,半導體業,2026-10-05,13:14,22.67,23.1,1042131.0,open,,,,0.0,,,0.0,0.0,9.18,4.0,2.0,981.0,19.0,1.0,1034.0
1711,永光,化學工業,2026-10-06,13:13,48.6,,32255000.0,open,,,,,,,,194.0,33.16,14948.0,,32255.0,14508.0,,32389.0
5432,新門,綠能環保,2026-10-06,13:13,195.5,,1125000.0,open,,,,,,,,115.0,3.66,37.0,,1125.0,89.0,,1126.0
4711,永純,化學工業,2026-10-06,13:13,18.45,,1709000.0,open,,,,,,,,103.0,21.91,168.0,,1709.0,601.0,,1743.0
6716,應廣,半導體業,2026-10-06,13:13,146.0,,3798000.0,open,,,,,,,,170.0,111.75,489.0,,3798.0,1205.0,,3807.0
3491,昇達科,通信網路業,2026-10-06,13:13,1727.5,,3866000.0,open,,,,,,,,0.0,93.19,33.0,38.0,3866.0,11.0,29.0,4238.0
3265,台星科,半導體業,2026-10-06,13:13,198.75,,5498000.0,open,,,,,,,,0.0,3.36,15.0,21.0,5498.0,20.0,6.0,5723.0
6263,普萊德,通信網路業,2026-10-06,13:13,174.75,,632000.0,open,,,,,,,,0.0,-8.43,21.0,10.0,632.0,6.0,30.0,655.0
