date,strategy,code
2026-10-08,強勢創新高,MPC
2026-10-08,強勢創新高,PLTR
2026-10-08,強勢創新高,PSX
2026-10-08,強勢創新高,VLO
2026-10-08,準備突破觀察,ABBV
2026-10-08,準備突破觀察,ANET
2026-10-08,準備突破觀察,APA
2026-10-08,準備突破觀察,BDX
2026-10-08,準備突破觀察,CME
2026-10-08,準備突破觀察,COST
2026-10-08,準備突破觀察,CVX
2026-10-08,準備突破觀察,DELL
2026-10-08,準備突破觀察,DHR
2026-10-08,準備突破觀察,DIS
2026-10-08,準備突破觀察,EMR
2026-10-08,準備突破觀察,EOG
2026-10-08,準備突破觀察,EWT
2026-10-08,準備突破觀察,EXPD
2026-10-08,準備突破觀察,GILD
2026-10-08,準備突破觀察,HCA
2026-10-08,準備突破觀察,IEX
2026-10-08,準備突破觀察,IFF
2026-10-08,準備突破觀察,ISRG
2026-10-08,準備突破觀察,KR
2026-10-08,準備突破觀察,MA
2026-10-08,準備突破觀察,MCK
2026-10-08,準備突破觀察,MET
2026-10-08,準備突破觀察,MSFT
2026-10-08,準備突破觀察,NDSN
2026-10-08,準備突破觀察,PFE
2026-10-08,準備突破觀察,PM
2026-10-08,準備突破觀察,QQQ
2026-10-08,準備突破觀察,SAP
2026-10-08,準備突破觀察,TEL
2026-10-08,準備突破觀察,TRMB
2026-10-08,準備突破觀察,ULTA
2026-10-08,準備突破觀察,V
2026-10-08,準備突破觀察,VEEV
2026-10-08,準備突破觀察,VRSN
2026-10-08,準備突破觀察,XLE
2026-10-08,準備突破觀察,XLK
2026-10-08,準備突破觀察,XOM
2026-10-08,準備突破觀察,ZBRA
2026-10-08,爆量長紅,CMG
2026-10-08,爆量長紅,CSGP
2026-10-08,爆量長紅,ERIE
2026-10-08,爆量突破季線,CBOE
2026-10-08,爆量突破季線,KDP
