code,name,name_zh,sector,industry,group
A,Agilent Technologies,,Health Care,Life Sciences Tools & Services,SP500
AAPL,Apple Inc.,蘋果,Information Technology,"Technology Hardware, Storage & Peripherals",SP500
ABBV,AbbVie,艾伯維,Health Care,Biotechnology,SP500
ABNB,Airbnb,Airbnb,Consumer Discretionary,"Hotels, Resorts & Cruise Lines",SP500
ABT,Abbott Laboratories,,Health Care,Health Care Equipment,SP500
ACGL,Arch Capital Group,,Financials,Property & Casualty Insurance,SP500
ACN,Accenture,,Information Technology,IT Consulting & Other Services,SP500
ADBE,Adobe Inc.,Adobe,Information Technology,Application Software,SP500
ADI,Analog Devices,亞德諾,Information Technology,Semiconductors,SP500
ADM,Archer Daniels Midland,,Consumer Staples,Agricultural Products & Services,SP500
ADP,Automatic Data Processing,,Industrials,Human Resource & Employment Services,SP500
ADSK,Autodesk,,Information Technology,Application Software,SP500
AEE,Ameren,,Utilities,Multi-Utilities,SP500
AEP,American Electric Power,,Utilities,Electric Utilities,SP500
AES,AES Corporation,,Utilities,Independent Power Producers & Energy Traders,SP500
AFL,Aflac,,Financials,Life & Health Insurance,SP500
AIG,American International Group,,Financials,Multi-line Insurance,SP500
AIZ,Assurant,,Financials,Multi-line Insurance,SP500
AJG,Arthur J. Gallagher & Co.,,Financials,Insurance Brokers,SP500
AKAM,Akamai Technologies,,Information Technology,Internet Services & Infrastructure,SP500
ALB,Albemarle Corporation,,Materials,Specialty Chemicals,SP500
ALGN,Align Technology,,Health Care,Health Care Supplies,SP500
ALL,Allstate,,Financials,Property & Casualty Insurance,SP500
ALLE,Allegion,,Industrials,Building Products,SP500
AMAT,Applied Materials,應用材料,Information Technology,Semiconductor Materials & Equipment,SP500
AMCR,Amcor,,Materials,Paper & Plastic Packaging Products & Materials,SP500
AMD,Advanced Micro Devices,超微,Information Technology,Semiconductors,SP500
AME,Ametek,,Industrials,Electrical Components & Equipment,SP500
AMGN,Amgen,,Health Care,Biotechnology,SP500
AMP,Ameriprise Financial,,Financials,Asset Management & Custody Banks,SP500
AMT,American Tower,,Real Estate,Telecom Tower REITs,SP500
AMZN,Amazon,亞馬遜,Consumer Discretionary,Broadline Retail,SP500
ANET,Arista Networks,Arista,Information Technology,Communications Equipment,SP500
AON,Aon plc,,Financials,Insurance Brokers,SP500
AOS,A. O. Smith,,Industrials,Building Products,SP500
APA,APA Corporation,,Energy,Oil & Gas Exploration & Production,SP500
APD,Air Products,,Materials,Industrial Gases,SP500
APH,Amphenol,,Information Technology,Electronic Components,SP500
APO,Apollo Global Management,,Financials,Asset Management & Custody Banks,SP500
APP,AppLovin,AppLovin,Communication Services,Advertising,SP500
APTV,Aptiv,,Consumer Discretionary,Automotive Parts & Equipment,SP500
ARE,Alexandria Real Estate Equities,,Real Estate,Office REITs,SP500
ARES,Ares Management,,Financials,Asset Management & Custody Banks,SP500
ARKK,ARK 創新 ETF,ARK 創新 ETF,ETF,,ETF
ARM,安謀,安謀,,,ADR
ASML,艾司摩爾,艾司摩爾,,,ADR
ASX,日月光 ADR,日月光 ADR,,,ADR
ATO,Atmos Energy,,Utilities,Gas Utilities,SP500
AVGO,Broadcom,博通,Information Technology,Semiconductors,SP500
AVY,Avery Dennison,,Materials,Paper & Plastic Packaging Products & Materials,SP500
AWK,American Water Works,,Utilities,Water Utilities,SP500
AXON,Axon Enterprise,,Industrials,Aerospace & Defense,SP500
AXP,American Express,,Financials,Consumer Finance,SP500
AZO,AutoZone,,Consumer Discretionary,Automotive Retail,SP500
BA,Boeing,波音,Industrials,Aerospace & Defense,SP500
BABA,阿里巴巴,阿里巴巴,,,ADR
BAC,Bank of America,美國銀行,Financials,Diversified Banks,SP500
BALL,Ball Corporation,,Materials,"Metal, Glass & Plastic Containers",SP500
BAX,Baxter International,,Health Care,Health Care Equipment,SP500
BBY,Best Buy,,Consumer Discretionary,Computer & Electronics Retail,SP500
BDX,Becton Dickinson,,Health Care,Health Care Equipment,SP500
BE,Bloom Energy,,Industrials,Electrical Components & Equipment,SP500
BEN,Franklin Resources,,Financials,Asset Management & Custody Banks,SP500
BF-B,Brown–Forman,,Consumer Staples,Distillers & Vintners,SP500
BG,Bunge Global,,Consumer Staples,Agricultural Products & Services,SP500
BIIB,Biogen,,Health Care,Biotechnology,SP500
BKNG,Booking Holdings,,Consumer Discretionary,"Hotels, Resorts & Cruise Lines",SP500
BKR,Baker Hughes,,Energy,Oil & Gas Equipment & Services,SP500
BLK,BlackRock,,Financials,Asset Management & Custody Banks,SP500
BMY,Bristol Myers Squibb,,Health Care,Pharmaceuticals,SP500
BNY,BNY Mellon,,Financials,Asset Management & Custody Banks,SP500
BR,Broadridge Financial Solutions,,Industrials,Data Processing & Outsourced Services,SP500
BRK-B,Berkshire Hathaway,波克夏 B,Financials,Multi-Sector Holdings,SP500
BRO,Brown & Brown,,Financials,Insurance Brokers,SP500
BSX,Boston Scientific,,Health Care,Health Care Equipment,SP500
BX,Blackstone Inc.,,Financials,Asset Management & Custody Banks,SP500
BXP,"BXP, Inc.",,Real Estate,Office REITs,SP500
C,Citigroup,,Financials,Diversified Banks,SP500
CAH,Cardinal Health,,Health Care,Health Care Distributors,SP500
CARR,Carrier Global,,Industrials,Building Products,SP500
CASY,Casey's,,Consumer Staples,Food Retail,SP500
CAT,Caterpillar Inc.,開拓重工,Industrials,Construction Machinery & Heavy Transportation Equipment,SP500
CB,Chubb Limited,,Financials,Property & Casualty Insurance,SP500
CBOE,Cboe Global Markets,,Financials,Financial Exchanges & Data,SP500
CBRE,CBRE Group,,Real Estate,Real Estate Services,SP500
CCI,Crown Castle,,Real Estate,Telecom Tower REITs,SP500
CCL,Carnival Corporation,,Consumer Discretionary,"Hotels, Resorts & Cruise Lines",SP500
CDNS,Cadence Design Systems,益華,Information Technology,Application Software,SP500
CDW,CDW Corporation,,Information Technology,Technology Distributors,SP500
CEG,Constellation Energy,Constellation 能源,Utilities,Electric Utilities,SP500
CF,CF Industries,,Materials,Fertilizers & Agricultural Chemicals,SP500
CFG,Citizens Financial Group,,Financials,Regional Banks,SP500
CHD,Church & Dwight,,Consumer Staples,Household Products,SP500
CHRW,C.H. Robinson,,Industrials,Air Freight & Logistics,SP500
CHT,中華電信 ADR,中華電信 ADR,,,ADR
CHTR,Charter Communications,,Communication Services,Cable & Satellite,SP500
CI,Cigna,,Health Care,Health Care Services,SP500
CIEN,Ciena,,Information Technology,Communications Equipment,SP500
CINF,Cincinnati Financial,,Financials,Property & Casualty Insurance,SP500
CL,Colgate-Palmolive,,Consumer Staples,Household Products,SP500
CLX,Clorox,,Consumer Staples,Household Products,SP500
CMCSA,Comcast,,Communication Services,Cable & Satellite,SP500
CME,CME Group,,Financials,Financial Exchanges & Data,SP500
CMG,Chipotle Mexican Grill,,Consumer Discretionary,Restaurants,SP500
CMI,Cummins,,Industrials,Construction Machinery & Heavy Transportation Equipment,SP500
CMS,CMS Energy,,Utilities,Multi-Utilities,SP500
CNC,Centene Corporation,,Health Care,Managed Health Care,SP500
CNP,CenterPoint Energy,,Utilities,Multi-Utilities,SP500
COF,Capital One,,Financials,Consumer Finance,SP500
COHR,Coherent Corp.,,Information Technology,Electronic Components,SP500
COIN,Coinbase,Coinbase,Financials,Financial Exchanges & Data,SP500
COO,Cooper Companies (The),,Health Care,Health Care Supplies,SP500
COP,ConocoPhillips,,Energy,Oil & Gas Exploration & Production,SP500
COR,Cencora,,Health Care,Health Care Distributors,SP500
COST,Costco,好市多,Consumer Staples,Consumer Staples Merchandise Retail,SP500
CPAY,Corpay,,Financials,Transaction & Payment Processing Services,SP500
CPRT,Copart,,Industrials,Diversified Support Services,SP500
CPT,Camden Property Trust,,Real Estate,Multi-Family Residential REITs,SP500
CRH,CRH plc,,Materials,Construction Materials,SP500
CRL,Charles River Laboratories,,Health Care,Life Sciences Tools & Services,SP500
CRM,Salesforce,Salesforce,Information Technology,Application Software,SP500
CRWD,CrowdStrike,CrowdStrike,Information Technology,Systems Software,SP500
CSCO,Cisco,思科,Information Technology,Communications Equipment,SP500
CSGP,CoStar Group,,Real Estate,Real Estate Services,SP500
CSX,CSX Corporation,,Industrials,Rail Transportation,SP500
CTAS,Cintas,,Industrials,Diversified Support Services,SP500
CTSH,Cognizant,,Information Technology,IT Consulting & Other Services,SP500
CVNA,Carvana,,Consumer Discretionary,Automotive Retail,SP500
CVS,CVS Health,,Health Care,Health Care Services,SP500
CVX,Chevron Corporation,雪佛龍,Energy,Integrated Oil & Gas,SP500
D,Dominion Energy,,Utilities,Multi-Utilities,SP500
DAL,Delta Air Lines,,Industrials,Passenger Airlines,SP500
DASH,DoorDash,,Consumer Discretionary,Specialized Consumer Services,SP500
DD,DuPont,,Industrials,Industrial Conglomerates,SP500
DDOG,Datadog,,Information Technology,Application Software,SP500
DE,Deere & Company,,Industrials,Agricultural & Farm Machinery,SP500
DECK,Deckers Brands,,Consumer Discretionary,Footwear,SP500
DELL,Dell Technologies,戴爾,Information Technology,"Technology Hardware, Storage & Peripherals",SP500
DG,Dollar General,,Consumer Staples,Consumer Staples Merchandise Retail,SP500
DGX,Quest Diagnostics,,Health Care,Health Care Services,SP500
DHI,D. R. Horton,,Consumer Discretionary,Homebuilding,SP500
DHR,Danaher Corporation,,Health Care,Life Sciences Tools & Services,SP500
DIA,道瓊 ETF,道瓊 ETF,ETF,,ETF
DIS,Walt Disney Company (The),迪士尼,Communication Services,Movies & Entertainment,SP500
DLR,Digital Realty,,Real Estate,Data Center REITs,SP500
DLTR,Dollar Tree,,Consumer Staples,Consumer Staples Merchandise Retail,SP500
DOC,Healthpeak Properties,,Real Estate,Health Care REITs,SP500
DOV,Dover Corporation,,Industrials,Industrial Machinery & Supplies & Components,SP500
DOW,Dow Inc.,,Materials,Commodity Chemicals,SP500
DPZ,Domino's,,Consumer Discretionary,Restaurants,SP500
DRI,Darden Restaurants,,Consumer Discretionary,Restaurants,SP500
DTE,DTE Energy,,Utilities,Multi-Utilities,SP500
DUK,Duke Energy,,Utilities,Electric Utilities,SP500
DVA,DaVita,,Health Care,Health Care Services,SP500
DVN,Devon Energy,,Energy,Oil & Gas Exploration & Production,SP500
DXCM,Dexcom,,Health Care,Health Care Equipment,SP500
EBAY,eBay Inc.,,Consumer Discretionary,Broadline Retail,SP500
ECHO,EchoStar,,Communication Services,Wireless Telecommunication Services,SP500
ECL,Ecolab,,Materials,Specialty Chemicals,SP500
ED,Consolidated Edison,,Utilities,Multi-Utilities,SP500
EEM,新興市場 ETF,新興市場 ETF,ETF,,ETF
EFX,Equifax,,Industrials,Research & Consulting Services,SP500
EG,Everest Group,,Financials,Reinsurance,SP500
EIX,Edison International,,Utilities,Electric Utilities,SP500
EL,Estée Lauder Companies (The),,Consumer Staples,Personal Care Products,SP500
ELV,Elevance Health,,Health Care,Managed Health Care,SP500
EME,Emcor,,Industrials,Construction & Engineering,SP500
EMR,Emerson Electric,,Industrials,Electrical Components & Equipment,SP500
EOG,EOG Resources,,Energy,Oil & Gas Exploration & Production,SP500
EQIX,Equinix,,Real Estate,Data Center REITs,SP500
EQT,EQT Corporation,,Energy,Oil & Gas Exploration & Production,SP500
ERIE,Erie Indemnity,,Financials,Insurance Brokers,SP500
ES,Eversource Energy,,Utilities,Electric Utilities,SP500
ESS,Essex Property Trust,,Real Estate,Multi-Family Residential REITs,SP500
ETN,Eaton Corporation,,Industrials,Electrical Components & Equipment,SP500
ETR,Entergy,,Utilities,Electric Utilities,SP500
EVRG,Evergy,,Utilities,Electric Utilities,SP500
EW,Edwards Lifesciences,,Health Care,Health Care Equipment,SP500
EWJ,日本 ETF,日本 ETF,ETF,,ETF
EWT,台灣 ETF（iShares）,台灣 ETF（iShares）,ETF,,ETF
EXC,Exelon,,Utilities,Electric Utilities,SP500
EXE,Expand Energy,,Energy,Oil & Gas Exploration & Production,SP500
EXPD,Expeditors International,,Industrials,Air Freight & Logistics,SP500
EXPE,Expedia Group,,Consumer Discretionary,"Hotels, Resorts & Cruise Lines",SP500
EXR,Extra Space Storage,,Real Estate,Self-Storage REITs,SP500
F,Ford Motor Company,,Consumer Discretionary,Automobile Manufacturers,SP500
FANG,Diamondback Energy,,Energy,Oil & Gas Exploration & Production,SP500
FAST,Fastenal,,Industrials,Trading Companies & Distributors,SP500
FCX,Freeport-McMoRan,,Materials,Copper,SP500
FDS,FactSet,,Financials,Financial Exchanges & Data,SP500
FDX,FedEx,,Industrials,Air Freight & Logistics,SP500
FDXF,FedEx Freight,,Industrials,Cargo Ground Transportation,SP500
FE,FirstEnergy,,Utilities,Electric Utilities,SP500
FERG,Ferguson Enterprises,,Industrials,Trading Companies & Distributors,SP500
FFIV,"F5, Inc.",,Information Technology,Communications Equipment,SP500
FICO,Fair Isaac,,Information Technology,Application Software,SP500
FIS,Fidelity National Information Services,,Financials,Transaction & Payment Processing Services,SP500
FISV,Fiserv,,Financials,Transaction & Payment Processing Services,SP500
FITB,Fifth Third Bancorp,,Financials,Regional Banks,SP500
FIX,Comfort Systems USA,,Industrials,Construction & Engineering,SP500
FLEX,Flex Ltd.,,Information Technology,Electronic Manufacturing Services,SP500
FOX,Fox Corporation (Class B),,Communication Services,Broadcasting,SP500
FOXA,Fox Corporation (Class A),,Communication Services,Broadcasting,SP500
FRT,Federal Realty Investment Trust,,Real Estate,Retail REITs,SP500
FSLR,First Solar,,Information Technology,Semiconductors,SP500
FTNT,Fortinet,,Information Technology,Systems Software,SP500
FTV,Fortive,,Industrials,Industrial Machinery & Supplies & Components,SP500
FXI,中國大型股 ETF,中國大型股 ETF,ETF,,ETF
GD,General Dynamics,,Industrials,Aerospace & Defense,SP500
GDDY,GoDaddy,,Information Technology,Internet Services & Infrastructure,SP500
GE,GE Aerospace,奇異,Industrials,Aerospace & Defense,SP500
GEHC,GE HealthCare,,Health Care,Health Care Equipment,SP500
GEN,Gen Digital,,Information Technology,Systems Software,SP500
GEV,GE Vernova,GE Vernova,Industrials,Heavy Electrical Equipment,SP500
GILD,Gilead Sciences,,Health Care,Biotechnology,SP500
GIS,General Mills,,Consumer Staples,Packaged Foods & Meats,SP500
GL,Globe Life,,Financials,Life & Health Insurance,SP500
GLD,黃金 ETF,黃金 ETF,ETF,,ETF
GLW,Corning Inc.,,Information Technology,Electronic Components,SP500
GM,General Motors,,Consumer Discretionary,Automobile Manufacturers,SP500
GNRC,Generac,,Industrials,Heavy Electrical Equipment,SP500
GOOG,Alphabet Inc. (Class C),Google C,Communication Services,Interactive Media & Services,SP500
GOOGL,Alphabet Inc. (Class A),Google A,Communication Services,Interactive Media & Services,SP500
GPC,Genuine Parts Company,,Consumer Discretionary,Distributors,SP500
GPN,Global Payments,,Financials,Transaction & Payment Processing Services,SP500
GRMN,Garmin,,Consumer Discretionary,Consumer Electronics,SP500
GS,Goldman Sachs,高盛,Financials,Investment Banking & Brokerage,SP500
GWW,W. W. Grainger,,Industrials,Industrial Machinery & Supplies & Components,SP500
HAL,Halliburton,,Energy,Oil & Gas Equipment & Services,SP500
HAS,Hasbro,,Consumer Discretionary,Leisure Products,SP500
HBAN,Huntington Bancshares,,Financials,Regional Banks,SP500
HCA,HCA Healthcare,,Health Care,Health Care Facilities,SP500
HD,Home Depot (The),家得寶,Consumer Discretionary,Home Improvement Retail,SP500
HIG,Hartford (The),,Financials,Property & Casualty Insurance,SP500
HII,Huntington Ingalls Industries,,Industrials,Aerospace & Defense,SP500
HIMX,奇景光電,奇景光電,,,ADR
HLT,Hilton Worldwide,,Consumer Discretionary,"Hotels, Resorts & Cruise Lines",SP500
HON,Honeywell Technologies,,Industrials,Industrial Conglomerates,SP500
HONA,Honeywell Aerospace,,Industrials,Aerospace & Defense,SP500
HOOD,Robinhood Markets,,Financials,Investment Banking & Brokerage,SP500
HPE,Hewlett Packard Enterprise,慧與,Information Technology,"Technology Hardware, Storage & Peripherals",SP500
HPQ,HP Inc.,惠普,Information Technology,"Technology Hardware, Storage & Peripherals",SP500
HRL,Hormel Foods,,Consumer Staples,Packaged Foods & Meats,SP500
HSIC,Henry Schein,,Health Care,Health Care Distributors,SP500
HST,Host Hotels & Resorts,,Real Estate,Hotel & Resort REITs,SP500
HSY,Hershey Company (The),,Consumer Staples,Packaged Foods & Meats,SP500
HUBB,Hubbell Incorporated,,Industrials,Industrial Machinery & Supplies & Components,SP500
HUM,Humana,,Health Care,Managed Health Care,SP500
HWM,Howmet Aerospace,,Industrials,Aerospace & Defense,SP500
IBIT,比特幣現貨 ETF,比特幣現貨 ETF,ETF,,ETF
IBKR,Interactive Brokers,,Financials,Investment Banking & Brokerage,SP500
IBM,IBM,IBM,Information Technology,IT Consulting & Other Services,SP500
ICE,Intercontinental Exchange,,Financials,Financial Exchanges & Data,SP500
IDXX,Idexx Laboratories,,Health Care,Health Care Equipment,SP500
IEF,7-10 年美債 ETF,7-10 年美債 ETF,ETF,,ETF
IEX,IDEX Corporation,,Industrials,Industrial Machinery & Supplies & Components,SP500
IFF,International Flavors & Fragrances,,Materials,Specialty Chemicals,SP500
ILMN,"Illumina, Inc.",,Health Care,Life Sciences Tools & Services,SP500
INCY,Incyte,,Health Care,Biotechnology,SP500
INTC,Intel,英特爾,Information Technology,Semiconductors,SP500
INTU,Intuit,Intuit,Information Technology,Application Software,SP500
INVH,Invitation Homes,,Real Estate,Single-Family Residential REITs,SP500
IP,International Paper,,Materials,Paper & Plastic Packaging Products & Materials,SP500
IQV,IQVIA,,Health Care,Life Sciences Tools & Services,SP500
IR,Ingersoll Rand,,Industrials,Industrial Machinery & Supplies & Components,SP500
IRM,Iron Mountain,,Real Estate,Other Specialized REITs,SP500
ISRG,Intuitive Surgical,直覺手術,Health Care,Health Care Equipment,SP500
IT,Gartner,,Information Technology,IT Consulting & Other Services,SP500
ITW,Illinois Tool Works,,Industrials,Industrial Machinery & Supplies & Components,SP500
IVZ,Invesco,,Financials,Asset Management & Custody Banks,SP500
IWM,羅素 2000 小型股 ETF,羅素 2000 小型股 ETF,ETF,,ETF
J,Jacobs Solutions,,Industrials,Construction & Engineering,SP500
JBHT,J.B. Hunt,,Industrials,Cargo Ground Transportation,SP500
JBL,Jabil,,Information Technology,Electronic Manufacturing Services,SP500
JCI,Johnson Controls,,Industrials,Building Products,SP500
JKHY,Jack Henry & Associates,,Financials,Transaction & Payment Processing Services,SP500
JNJ,Johnson & Johnson,嬌生,Health Care,Pharmaceuticals,SP500
JPM,JPMorgan Chase,摩根大通,Financials,Diversified Banks,SP500
KDP,Keurig Dr Pepper,,Consumer Staples,Soft Drinks & Non-alcoholic Beverages,SP500
KEY,KeyCorp,,Financials,Regional Banks,SP500
KEYS,Keysight Technologies,,Information Technology,Electronic Equipment & Instruments,SP500
KHC,Kraft Heinz,,Consumer Staples,Packaged Foods & Meats,SP500
KIM,Kimco Realty,,Real Estate,Retail REITs,SP500
KKR,KKR & Co.,,Financials,Asset Management & Custody Banks,SP500
KLAC,KLA Corporation,科磊,Information Technology,Semiconductor Materials & Equipment,SP500
KMB,Kimberly-Clark,,Consumer Staples,Household Products,SP500
KMI,Kinder Morgan,,Energy,Oil & Gas Storage & Transportation,SP500
KO,Coca-Cola Company (The),可口可樂,Consumer Staples,Soft Drinks & Non-alcoholic Beverages,SP500
KR,Kroger,,Consumer Staples,Food Retail,SP500
KVUE,Kenvue,,Consumer Staples,Personal Care Products,SP500
L,Loews Corporation,,Financials,Multi-line Insurance,SP500
LDOS,Leidos,,Industrials,Diversified Support Services,SP500
LEN,Lennar,,Consumer Discretionary,Homebuilding,SP500
LH,Labcorp,,Health Care,Health Care Services,SP500
LHX,L3Harris,,Industrials,Aerospace & Defense,SP500
LII,Lennox International,,Industrials,Building Products,SP500
LIN,Linde plc,,Materials,Industrial Gases,SP500
LITE,Lumentum,,Information Technology,Communications Equipment,SP500
LLY,Lilly (Eli),禮來,Health Care,Pharmaceuticals,SP500
LMT,Lockheed Martin,,Industrials,Aerospace & Defense,SP500
LNT,Alliant Energy,,Utilities,Electric Utilities,SP500
LOW,Lowe's,,Consumer Discretionary,Home Improvement Retail,SP500
LRCX,Lam Research,科林研發,Information Technology,Semiconductor Materials & Equipment,SP500
LULU,Lululemon Athletica,,Consumer Discretionary,"Apparel, Accessories & Luxury Goods",SP500
LUV,Southwest Airlines,,Industrials,Passenger Airlines,SP500
LVS,Las Vegas Sands,,Consumer Discretionary,Casinos & Gaming,SP500
LYB,LyondellBasell,,Materials,Specialty Chemicals,SP500
LYV,Live Nation Entertainment,,Communication Services,Movies & Entertainment,SP500
MA,Mastercard,萬事達,Financials,Transaction & Payment Processing Services,SP500
MAA,Mid-America Apartment Communities,,Real Estate,Multi-Family Residential REITs,SP500
MAR,Marriott International,,Consumer Discretionary,"Hotels, Resorts & Cruise Lines",SP500
MAS,Masco,,Industrials,Building Products,SP500
MCD,McDonald's,麥當勞,Consumer Discretionary,Restaurants,SP500
MCHP,Microchip Technology,微芯,Information Technology,Semiconductors,SP500
MCK,McKesson Corporation,,Health Care,Health Care Distributors,SP500
MCO,Moody's Corporation,,Financials,Financial Exchanges & Data,SP500
MDLZ,Mondelez International,,Consumer Staples,Packaged Foods & Meats,SP500
MDT,Medtronic,,Health Care,Health Care Equipment,SP500
MET,MetLife,,Financials,Life & Health Insurance,SP500
META,Meta Platforms,Meta,Communication Services,Interactive Media & Services,SP500
MGM,MGM Resorts,,Consumer Discretionary,Casinos & Gaming,SP500
MKC,McCormick & Company,,Consumer Staples,Packaged Foods & Meats,SP500
MLM,Martin Marietta Materials,,Materials,Construction Materials,SP500
MMM,3M,,Industrials,Industrial Conglomerates,SP500
MNST,Monster Beverage,,Consumer Staples,Soft Drinks & Non-alcoholic Beverages,SP500
MO,Altria,,Consumer Staples,Tobacco,SP500
MOS,Mosaic Company (The),,Materials,Fertilizers & Agricultural Chemicals,SP500
MPC,Marathon Petroleum,,Energy,Oil & Gas Refining & Marketing,SP500
MPWR,Monolithic Power Systems,,Information Technology,Semiconductors,SP500
MRK,Merck & Co.,默克,Health Care,Pharmaceuticals,SP500
MRNA,Moderna,,Health Care,Biotechnology,SP500
MRSH,Marsh McLennan,,Financials,Insurance Brokers,SP500
MRVL,Marvell Technology,邁威爾,Information Technology,Semiconductors,SP500
MS,Morgan Stanley,摩根士丹利,Financials,Investment Banking & Brokerage,SP500
MSCI,MSCI,,Financials,Financial Exchanges & Data,SP500
MSFT,Microsoft,微軟,Information Technology,Systems Software,SP500
MSI,Motorola Solutions,,Information Technology,Communications Equipment,SP500
MTB,M&T Bank,,Financials,Regional Banks,SP500
MTD,Mettler Toledo,,Health Care,Life Sciences Tools & Services,SP500
MU,Micron Technology,美光,Information Technology,Semiconductors,SP500
NCLH,Norwegian Cruise Line Holdings,,Consumer Discretionary,"Hotels, Resorts & Cruise Lines",SP500
NDAQ,"Nasdaq, Inc.",,Financials,Financial Exchanges & Data,SP500
NDSN,Nordson Corporation,,Industrials,Industrial Machinery & Supplies & Components,SP500
NEE,NextEra Energy,,Utilities,Multi-Utilities,SP500
NEM,Newmont,,Materials,Gold,SP500
NFLX,Netflix,網飛,Communication Services,Movies & Entertainment,SP500
NI,NiSource,,Utilities,Multi-Utilities,SP500
NKE,"Nike, Inc.",Nike,Consumer Discretionary,"Apparel, Accessories & Luxury Goods",SP500
NOC,Northrop Grumman,,Industrials,Aerospace & Defense,SP500
NOW,ServiceNow,ServiceNow,Information Technology,Systems Software,SP500
NRG,NRG Energy,,Utilities,Independent Power Producers & Energy Traders,SP500
NSC,Norfolk Southern,,Industrials,Rail Transportation,SP500
NTAP,NetApp,,Information Technology,"Technology Hardware, Storage & Peripherals",SP500
NTRS,Northern Trust,,Financials,Asset Management & Custody Banks,SP500
NU,Nu Holdings,Nu Holdings,,,ADR
NUE,Nucor,,Materials,Steel,SP500
NVDA,Nvidia,輝達,Information Technology,Semiconductors,SP500
NVO,諾和諾德,諾和諾德,,,ADR
NVR,"NVR, Inc.",,Consumer Discretionary,Homebuilding,SP500
NWS,News Corp (Class B),,Communication Services,Publishing,SP500
NWSA,News Corp (Class A),,Communication Services,Publishing,SP500
NXPI,NXP Semiconductors,恩智浦,Information Technology,Semiconductors,SP500
O,Realty Income,,Real Estate,Retail REITs,SP500
ODFL,Old Dominion,,Industrials,Cargo Ground Transportation,SP500
OKE,Oneok,,Energy,Oil & Gas Storage & Transportation,SP500
OMC,Omnicom Group,,Communication Services,Advertising,SP500
ON,ON Semiconductor,安森美,Information Technology,Semiconductors,SP500
ORCL,Oracle Corporation,甲骨文,Information Technology,Application Software,SP500
ORLY,O'Reilly Automotive,,Consumer Discretionary,Automotive Retail,SP500
OTIS,Otis Worldwide,,Industrials,Industrial Machinery & Supplies & Components,SP500
OXY,Occidental Petroleum,,Energy,Oil & Gas Exploration & Production,SP500
P,Everpure,,Information Technology,"Technology Hardware, Storage & Peripherals",SP500
PANW,Palo Alto Networks,Palo Alto,Information Technology,Systems Software,SP500
PAYX,Paychex,,Industrials,Human Resource & Employment Services,SP500
PCAR,Paccar,,Industrials,Construction Machinery & Heavy Transportation Equipment,SP500
PCG,PG&E Corporation,,Utilities,Multi-Utilities,SP500
PDD,拼多多,拼多多,,,ADR
PEG,Public Service Enterprise Group,,Utilities,Electric Utilities,SP500
PEP,PepsiCo,百事,Consumer Staples,Soft Drinks & Non-alcoholic Beverages,SP500
PFE,Pfizer,輝瑞,Health Care,Pharmaceuticals,SP500
PFG,Principal Financial Group,,Financials,Life & Health Insurance,SP500
PG,Procter & Gamble,寶僑,Consumer Staples,Personal Care Products,SP500
PGR,Progressive Corporation,,Financials,Property & Casualty Insurance,SP500
PH,Parker Hannifin,,Industrials,Industrial Machinery & Supplies & Components,SP500
PHM,PulteGroup,,Consumer Discretionary,Homebuilding,SP500
PKG,Packaging Corporation of America,,Materials,Paper & Plastic Packaging Products & Materials,SP500
PLD,Prologis,,Real Estate,Industrial REITs,SP500
PLTR,Palantir Technologies,Palantir,Information Technology,Application Software,SP500
PM,Philip Morris International,,Consumer Staples,Tobacco,SP500
PNC,PNC Financial Services,,Financials,Diversified Banks,SP500
PNR,Pentair,,Industrials,Industrial Machinery & Supplies & Components,SP500
PNW,Pinnacle West Capital,,Utilities,Multi-Utilities,SP500
PODD,Insulet Corporation,,Health Care,Health Care Equipment,SP500
PPG,PPG Industries,,Materials,Specialty Chemicals,SP500
PPL,PPL Corporation,,Utilities,Electric Utilities,SP500
PRU,Prudential Financial,,Financials,Life & Health Insurance,SP500
PSA,Public Storage,,Real Estate,Self-Storage REITs,SP500
PSX,Phillips 66,,Energy,Oil & Gas Refining & Marketing,SP500
PTC,PTC Inc.,,Information Technology,Application Software,SP500
PWR,Quanta Services,,Industrials,Construction & Engineering,SP500
PYPL,PayPal,PayPal,Financials,Transaction & Payment Processing Services,SP500
Q,Qnity Electronics,,Information Technology,Semiconductor Materials & Equipment,SP500
QCOM,Qualcomm,高通,Information Technology,Semiconductors,SP500
QQQ,那斯達克 100 ETF,那斯達克 100 ETF,ETF,,ETF
RCL,Royal Caribbean Group,,Consumer Discretionary,"Hotels, Resorts & Cruise Lines",SP500
RDDT,Reddit,,Communication Services,Interactive Media & Services,SP500
REG,Regency Centers,,Real Estate,Retail REITs,SP500
REGN,Regeneron Pharmaceuticals,,Health Care,Biotechnology,SP500
RF,Regions Financial Corporation,,Financials,Regional Banks,SP500
RJF,Raymond James Financial,,Financials,Investment Banking & Brokerage,SP500
RL,Ralph Lauren Corporation,,Consumer Discretionary,"Apparel, Accessories & Luxury Goods",SP500
RMD,ResMed|,,Health Care,Health Care Equipment,SP500
ROK,Rockwell Automation,,Industrials,Electrical Components & Equipment,SP500
ROL,"Rollins, Inc.",,Industrials,Environmental & Facilities Services,SP500
ROP,Roper Technologies,,Information Technology,Electronic Equipment & Instruments,SP500
ROST,Ross Stores,,Consumer Discretionary,Apparel Retail,SP500
RSG,Republic Services,,Industrials,Environmental & Facilities Services,SP500
RTX,RTX Corporation,,Industrials,Aerospace & Defense,SP500
RVTY,Revvity,,Health Care,Health Care Equipment,SP500
SAP,SAP,SAP,,,ADR
SBAC,SBA Communications,,Real Estate,Telecom Tower REITs,SP500
SBUX,Starbucks,星巴克,Consumer Discretionary,Restaurants,SP500
SCHD,高股息 ETF（Schwab）,高股息 ETF（Schwab）,ETF,,ETF
SCHW,Charles Schwab Corporation,,Financials,Investment Banking & Brokerage,SP500
SE,Sea,Sea,,,ADR
SHOP,Shopify,Shopify,,,ADR
SHW,Sherwin-Williams,,Materials,Specialty Chemicals,SP500
SHY,1-3 年美債 ETF,1-3 年美債 ETF,ETF,,ETF
SJM,J.M. Smucker Company (The),,Consumer Staples,Packaged Foods & Meats,SP500
SKYD,Skydance Corporation,,Communication Services,Movies & Entertainment,SP500
SLB,Schlumberger,,Energy,Oil & Gas Equipment & Services,SP500
SLV,白銀 ETF,白銀 ETF,ETF,,ETF
SMCI,Supermicro,美超微,Information Technology,"Technology Hardware, Storage & Peripherals",SP500
SMH,半導體 ETF（VanEck）,半導體 ETF（VanEck）,ETF,,ETF
SNA,Snap-on,,Industrials,Industrial Machinery & Supplies & Components,SP500
SNDK,Sandisk,,Information Technology,"Technology Hardware, Storage & Peripherals",SP500
SNPS,Synopsys,新思,Information Technology,Application Software,SP500
SO,Southern Company,,Utilities,Electric Utilities,SP500
SOLV,Solventum,,Health Care,Health Care Technology,SP500
SONY,索尼,索尼,,,ADR
SOXL,3 倍做多半導體,3 倍做多半導體,ETF,,ETF
SOXX,半導體 ETF（iShares）,半導體 ETF（iShares）,ETF,,ETF
SPG,Simon Property Group,,Real Estate,Retail REITs,SP500
SPGI,S&P Global,,Financials,Financial Exchanges & Data,SP500
SPY,標普 500 ETF,標普 500 ETF,ETF,,ETF
SRE,Sempra,,Utilities,Multi-Utilities,SP500
STE,Steris,,Health Care,Health Care Equipment,SP500
STLD,Steel Dynamics,,Materials,Steel,SP500
STT,State Street Corporation,,Financials,Asset Management & Custody Banks,SP500
STX,Seagate Technology,,Information Technology,"Technology Hardware, Storage & Peripherals",SP500
STZ,Constellation Brands,,Consumer Staples,Distillers & Vintners,SP500
SW,Smurfit Westrock,,Materials,Paper & Plastic Packaging Products & Materials,SP500
SWK,Stanley Black & Decker,,Industrials,Industrial Machinery & Supplies & Components,SP500
SWKS,Skyworks Solutions,,Information Technology,Semiconductors,SP500
SYF,Synchrony Financial,,Financials,Consumer Finance,SP500
SYK,Stryker Corporation,,Health Care,Health Care Equipment,SP500
SYY,Sysco,,Consumer Staples,Food Distributors,SP500
T,AT&T,AT&T,Communication Services,Integrated Telecommunication Services,SP500
TDG,TransDigm Group,,Industrials,Aerospace & Defense,SP500
TDY,Teledyne Technologies,,Information Technology,Electronic Equipment & Instruments,SP500
TECH,Bio-Techne,,Health Care,Life Sciences Tools & Services,SP500
TEL,TE Connectivity,,Information Technology,Electronic Manufacturing Services,SP500
TER,Teradyne,,Information Technology,Semiconductor Materials & Equipment,SP500
TFC,Truist Financial,,Financials,Diversified Banks,SP500
TGT,Target Corporation,,Consumer Staples,Consumer Staples Merchandise Retail,SP500
TJX,TJX Companies,,Consumer Discretionary,Apparel Retail,SP500
TKO,TKO Group Holdings,,Communication Services,Movies & Entertainment,SP500
TLT,20 年以上美債 ETF,20 年以上美債 ETF,ETF,,ETF
TM,豐田,豐田,,,ADR
TMO,Thermo Fisher Scientific,,Health Care,Life Sciences Tools & Services,SP500
TMUS,T-Mobile US,,Communication Services,Wireless Telecommunication Services,SP500
TPL,Texas Pacific Land Corporation,,Energy,Oil & Gas Exploration & Production,SP500
TPR,"Tapestry, Inc.",,Consumer Discretionary,"Apparel, Accessories & Luxury Goods",SP500
TQQQ,3 倍做多那斯達克,3 倍做多那斯達克,ETF,,ETF
TRGP,Targa Resources,,Energy,Oil & Gas Storage & Transportation,SP500
TRMB,Trimble Inc.,,Information Technology,Application Software,SP500
TROW,T. Rowe Price,,Financials,Asset Management & Custody Banks,SP500
TRV,Travelers Companies (The),,Financials,Property & Casualty Insurance,SP500
TSCO,Tractor Supply,,Consumer Discretionary,Other Specialty Retail,SP500
TSLA,"Tesla, Inc.",特斯拉,Consumer Discretionary,Automobile Manufacturers,SP500
TSM,台積電 ADR,台積電 ADR,,,ADR
TSN,Tyson Foods,,Consumer Staples,Packaged Foods & Meats,SP500
TT,Trane Technologies,,Industrials,Building Products,SP500
TTWO,Take-Two Interactive,,Communication Services,Interactive Home Entertainment,SP500
TWLO,Twilio,,Information Technology,Systems Software,SP500
TXN,Texas Instruments,德州儀器,Information Technology,Semiconductors,SP500
TXT,Textron,,Industrials,Aerospace & Defense,SP500
TYL,Tyler Technologies,,Information Technology,Application Software,SP500
UAL,United Airlines Holdings,,Industrials,Passenger Airlines,SP500
UBER,Uber,Uber,Industrials,Passenger Ground Transportation,SP500
UDR,"UDR, Inc.",,Real Estate,Multi-Family Residential REITs,SP500
UHS,Universal Health Services,,Health Care,Health Care Facilities,SP500
ULTA,Ulta Beauty,,Consumer Discretionary,Other Specialty Retail,SP500
UMC,聯電 ADR,聯電 ADR,,,ADR
UNH,UnitedHealth Group,聯合健康,Health Care,Managed Health Care,SP500
UNP,Union Pacific Corporation,,Industrials,Rail Transportation,SP500
UPS,United Parcel Service,,Industrials,Air Freight & Logistics,SP500
URI,United Rentals,,Industrials,Trading Companies & Distributors,SP500
USB,U.S. Bancorp,,Financials,Diversified Banks,SP500
USO,原油 ETF,原油 ETF,ETF,,ETF
V,Visa Inc.,Visa,Financials,Transaction & Payment Processing Services,SP500
VEEV,Veeva Systems,,Health Care,Health Care Technology,SP500
VICI,Vici Properties,,Real Estate,Hotel & Resort REITs,SP500
VLO,Valero Energy,,Energy,Oil & Gas Refining & Marketing,SP500
VLTO,Veralto,,Industrials,Environmental & Facilities Services,SP500
VMC,Vulcan Materials Company,,Materials,Construction Materials,SP500
VMRK,Vivmark Residential,,Real Estate,Multi-Family Residential REITs,SP500
VNQ,不動產 REIT ETF,不動產 REIT ETF,ETF,,ETF
VOO,Vanguard 標普 500,Vanguard 標普 500,ETF,,ETF
VRSK,Verisk Analytics,,Industrials,Research & Consulting Services,SP500
VRSN,Verisign,,Information Technology,Internet Services & Infrastructure,SP500
VRT,Vertiv,維諦技術,Industrials,Electrical Components & Equipment,SP500
VRTX,Vertex Pharmaceuticals,,Health Care,Biotechnology,SP500
VST,Vistra Corp.,,Utilities,Electric Utilities,SP500
VTI,美國全市場 ETF,美國全市場 ETF,ETF,,ETF
VTR,Ventas,,Real Estate,Health Care REITs,SP500
VTRS,Viatris,,Health Care,Pharmaceuticals,SP500
VYLR,Vylor,,Consumer Staples,Agricultural Products & Services,SP500
VYM,高股息 ETF（Vanguard）,高股息 ETF（Vanguard）,ETF,,ETF
VZ,Verizon,Verizon,Communication Services,Integrated Telecommunication Services,SP500
WAB,Wabtec,,Industrials,Construction Machinery & Heavy Transportation Equipment,SP500
WAT,Waters Corporation,,Health Care,Life Sciences Tools & Services,SP500
WDAY,"Workday, Inc.",,Information Technology,Application Software,SP500
WDC,Western Digital,,Information Technology,"Technology Hardware, Storage & Peripherals",SP500
WEC,WEC Energy Group,,Utilities,Electric Utilities,SP500
WELL,Welltower,,Real Estate,Health Care REITs,SP500
WFC,Wells Fargo,富國銀行,Financials,Diversified Banks,SP500
WM,Waste Management,,Industrials,Environmental & Facilities Services,SP500
WMB,Williams Companies,,Energy,Oil & Gas Storage & Transportation,SP500
WMT,Walmart,沃爾瑪,Consumer Staples,Consumer Staples Merchandise Retail,SP500
WRB,W. R. Berkley Corporation,,Financials,Property & Casualty Insurance,SP500
WSM,"Williams-Sonoma, Inc.",,Consumer Discretionary,Homefurnishing Retail,SP500
WST,West Pharmaceutical Services,,Health Care,Health Care Supplies,SP500
WTW,Willis Towers Watson,,Financials,Insurance Brokers,SP500
WY,Weyerhaeuser,,Real Estate,Timber REITs,SP500
WYNN,Wynn Resorts,,Consumer Discretionary,Casinos & Gaming,SP500
XEL,Xcel Energy,,Utilities,Multi-Utilities,SP500
XLB,原物料 ETF,原物料 ETF,ETF,,ETF
XLC,通訊服務 ETF,通訊服務 ETF,ETF,,ETF
XLE,能源類股 ETF,能源類股 ETF,ETF,,ETF
XLF,金融類股 ETF,金融類股 ETF,ETF,,ETF
XLI,工業類股 ETF,工業類股 ETF,ETF,,ETF
XLK,科技類股 ETF,科技類股 ETF,ETF,,ETF
XLP,必需消費 ETF,必需消費 ETF,ETF,,ETF
XLRE,房地產 ETF,房地產 ETF,ETF,,ETF
XLU,公用事業 ETF,公用事業 ETF,ETF,,ETF
XLV,醫療類股 ETF,醫療類股 ETF,ETF,,ETF
XLY,非必需消費 ETF,非必需消費 ETF,ETF,,ETF
XOM,ExxonMobil,埃克森美孚,Energy,Integrated Oil & Gas,SP500
XYL,Xylem Inc.,,Industrials,Industrial Machinery & Supplies & Components,SP500
XYZ,"Block, Inc.",,Financials,Transaction & Payment Processing Services,SP500
YUM,Yum! Brands,,Consumer Discretionary,Restaurants,SP500
ZBH,Zimmer Biomet,,Health Care,Health Care Equipment,SP500
ZBRA,Zebra Technologies,,Information Technology,Electronic Equipment & Instruments,SP500
ZTS,Zoetis,,Health Care,Pharmaceuticals,SP500
